dataset,sample_id,prompt_id,model,prediction,ground_truth,correct,latency_seconds,generated_tokens,raw_response
medmcqa,0,c6f01b71-fe30-41d3-8680-5d08d0b7dd15,qwen3-8b,0,0,True,0.2046273619926069,2,A
medmcqa,1,c6f01b71-fe30-41d3-8680-5d08d0b7dd15,qwen3-8b,1,0,False,0.19439220399362966,2,B
medmcqa,2,c6f01b71-fe30-41d3-8680-5d08d0b7dd15,qwen3-8b,3,2,False,0.22876385701238178,2,D
medmcqa,3,c6f01b71-fe30-41d3-8680-5d08d0b7dd15,qwen3-8b,2,2,True,0.18902631200035103,2,C
medmcqa,4,c6f01b71-fe30-41d3-8680-5d08d0b7dd15,qwen3-8b,1,0,False,0.150525385979563,2,B
medmcqa,5,c6f01b71-fe30-41d3-8680-5d08d0b7dd15,qwen3-8b,1,0,False,0.15132882099715061,2,B
medmcqa,6,c6f01b71-fe30-41d3-8680-5d08d0b7dd15,qwen3-8b,2,0,False,0.16698694101069123,2,C
medmcqa,7,c6f01b71-fe30-41d3-8680-5d08d0b7dd15,qwen3-8b,0,1,False,0.16891429599490948,2,A
medmcqa,8,c6f01b71-fe30-41d3-8680-5d08d0b7dd15,qwen3-8b,2,1,False,0.15089130500564352,2,C
medmcqa,9,c6f01b71-fe30-41d3-8680-5d08d0b7dd15,qwen3-8b,3,1,False,0.16604213800746948,2,D
medmcqa,10,c6f01b71-fe30-41d3-8680-5d08d0b7dd15,qwen3-8b,1,1,True,0.15729219999047928,2,B
medmcqa,11,c6f01b71-fe30-41d3-8680-5d08d0b7dd15,qwen3-8b,0,0,True,0.17051557102240622,2,A
medmcqa,12,c6f01b71-fe30-41d3-8680-5d08d0b7dd15,qwen3-8b,1,1,True,0.15178525800001808,2,B
medmcqa,13,c6f01b71-fe30-41d3-8680-5d08d0b7dd15,qwen3-8b,1,0,False,0.15336772697628476,2,B
medmcqa,14,c6f01b71-fe30-41d3-8680-5d08d0b7dd15,qwen3-8b,1,0,False,0.1529415849945508,2,B
medmcqa,15,c6f01b71-fe30-41d3-8680-5d08d0b7dd15,qwen3-8b,1,1,True,0.1652878809836693,2,B
medmcqa,16,c6f01b71-fe30-41d3-8680-5d08d0b7dd15,qwen3-8b,0,0,True,0.17001231599715538,2,A
medmcqa,17,c6f01b71-fe30-41d3-8680-5d08d0b7dd15,qwen3-8b,3,3,True,0.16573793700081296,2,D
medmcqa,18,c6f01b71-fe30-41d3-8680-5d08d0b7dd15,qwen3-8b,1,0,False,0.1537798309873324,2,B
medmcqa,19,c6f01b71-fe30-41d3-8680-5d08d0b7dd15,qwen3-8b,3,0,False,0.16577875401708297,2,D
medmcqa,20,c6f01b71-fe30-41d3-8680-5d08d0b7dd15,qwen3-8b,0,1,False,0.1540758119954262,2,A
medmcqa,21,c6f01b71-fe30-41d3-8680-5d08d0b7dd15,qwen3-8b,3,2,False,0.15300472200033255,2,D
medmcqa,22,c6f01b71-fe30-41d3-8680-5d08d0b7dd15,qwen3-8b,0,0,True,0.15157381602330133,2,A
medmcqa,23,c6f01b71-fe30-41d3-8680-5d08d0b7dd15,qwen3-8b,1,0,False,0.15290995000395924,2,B
medmcqa,24,c6f01b71-fe30-41d3-8680-5d08d0b7dd15,qwen3-8b,1,3,False,0.15153498001745902,2,B
medmcqa,25,c6f01b71-fe30-41d3-8680-5d08d0b7dd15,qwen3-8b,1,1,True,0.16845434697461314,2,B
medmcqa,26,c6f01b71-fe30-41d3-8680-5d08d0b7dd15,qwen3-8b,2,0,False,0.1556432979996316,2,C
medmcqa,27,c6f01b71-fe30-41d3-8680-5d08d0b7dd15,qwen3-8b,0,3,False,0.15233720498508774,2,A
medmcqa,28,c6f01b71-fe30-41d3-8680-5d08d0b7dd15,qwen3-8b,0,0,True,0.16798558901064098,2,A
medmcqa,29,c6f01b71-fe30-41d3-8680-5d08d0b7dd15,qwen3-8b,2,2,True,0.16633132699644193,2,C
medmcqa,30,c6f01b71-fe30-41d3-8680-5d08d0b7dd15,qwen3-8b,1,0,False,0.15578048600582406,2,B
medmcqa,31,c6f01b71-fe30-41d3-8680-5d08d0b7dd15,qwen3-8b,1,1,True,0.1667206659913063,2,B
medmcqa,32,c6f01b71-fe30-41d3-8680-5d08d0b7dd15,qwen3-8b,0,0,True,0.15245076501742005,2,A
medmcqa,33,c6f01b71-fe30-41d3-8680-5d08d0b7dd15,qwen3-8b,1,0,False,0.16643024899531156,2,B
medmcqa,34,c6f01b71-fe30-41d3-8680-5d08d0b7dd15,qwen3-8b,1,3,False,0.1520383919996675,2,B
medmcqa,35,c6f01b71-fe30-41d3-8680-5d08d0b7dd15,qwen3-8b,0,2,False,0.16376012499677017,2,A
medmcqa,36,c6f01b71-fe30-41d3-8680-5d08d0b7dd15,qwen3-8b,1,1,True,0.16674444801174104,2,B
medmcqa,37,c6f01b71-fe30-41d3-8680-5d08d0b7dd15,qwen3-8b,2,3,False,0.15200299400021322,2,C
medmcqa,38,c6f01b71-fe30-41d3-8680-5d08d0b7dd15,qwen3-8b,0,2,False,0.1540963470179122,2,A
medmcqa,39,c6f01b71-fe30-41d3-8680-5d08d0b7dd15,qwen3-8b,1,2,False,0.16680074800387956,2,B
medmcqa,40,c6f01b71-fe30-41d3-8680-5d08d0b7dd15,qwen3-8b,0,1,False,0.15209512299043126,2,A
medmcqa,41,c6f01b71-fe30-41d3-8680-5d08d0b7dd15,qwen3-8b,2,0,False,0.16887893198872916,2,C
medmcqa,42,c6f01b71-fe30-41d3-8680-5d08d0b7dd15,qwen3-8b,2,3,False,0.15147876500850543,2,C
medmcqa,43,c6f01b71-fe30-41d3-8680-5d08d0b7dd15,qwen3-8b,3,3,True,0.1563631389872171,2,D
medmcqa,44,c6f01b71-fe30-41d3-8680-5d08d0b7dd15,qwen3-8b,0,0,True,0.15562881701043807,2,A
medmcqa,45,c6f01b71-fe30-41d3-8680-5d08d0b7dd15,qwen3-8b,2,1,False,0.15262159798294306,2,C
medmcqa,46,c6f01b71-fe30-41d3-8680-5d08d0b7dd15,qwen3-8b,2,1,False,0.153783961024601,2,C
medmcqa,47,c6f01b71-fe30-41d3-8680-5d08d0b7dd15,qwen3-8b,2,0,False,0.16623921500286087,2,C
medmcqa,48,c6f01b71-fe30-41d3-8680-5d08d0b7dd15,qwen3-8b,2,2,True,0.15455107498564757,2,C
medmcqa,49,c6f01b71-fe30-41d3-8680-5d08d0b7dd15,qwen3-8b,2,2,True,0.1516291320149321,2,C
medmcqa,50,c6f01b71-fe30-41d3-8680-5d08d0b7dd15,qwen3-8b,0,1,False,0.15519254899118096,2,A
medmcqa,51,c6f01b71-fe30-41d3-8680-5d08d0b7dd15,qwen3-8b,2,2,True,0.15710021398263052,2,C
medmcqa,52,c6f01b71-fe30-41d3-8680-5d08d0b7dd15,qwen3-8b,0,1,False,0.15294898298452608,2,A
medmcqa,53,c6f01b71-fe30-41d3-8680-5d08d0b7dd15,qwen3-8b,0,0,True,0.1548179439851083,2,A
medmcqa,54,c6f01b71-fe30-41d3-8680-5d08d0b7dd15,qwen3-8b,1,1,True,0.17033899101079442,2,B
medmcqa,55,c6f01b71-fe30-41d3-8680-5d08d0b7dd15,qwen3-8b,2,2,True,0.15281342397793196,2,C
medmcqa,56,c6f01b71-fe30-41d3-8680-5d08d0b7dd15,qwen3-8b,0,2,False,0.15459186301450245,2,A
medmcqa,57,c6f01b71-fe30-41d3-8680-5d08d0b7dd15,qwen3-8b,0,0,True,0.15316196798812598,2,A
medmcqa,58,c6f01b71-fe30-41d3-8680-5d08d0b7dd15,qwen3-8b,0,0,True,0.1663838759995997,2,A
medmcqa,59,c6f01b71-fe30-41d3-8680-5d08d0b7dd15,qwen3-8b,3,3,True,0.15481441500014625,2,D
medmcqa,60,c6f01b71-fe30-41d3-8680-5d08d0b7dd15,qwen3-8b,3,3,True,0.17128944100113586,2,D
medmcqa,61,c6f01b71-fe30-41d3-8680-5d08d0b7dd15,qwen3-8b,2,2,True,0.15581686899531633,2,C
medmcqa,62,c6f01b71-fe30-41d3-8680-5d08d0b7dd15,qwen3-8b,0,0,True,0.16602689400315285,2,A
medmcqa,63,c6f01b71-fe30-41d3-8680-5d08d0b7dd15,qwen3-8b,3,3,True,0.1506951269984711,2,D
medmcqa,64,c6f01b71-fe30-41d3-8680-5d08d0b7dd15,qwen3-8b,0,0,True,0.15166428999509662,2,A
medmcqa,65,c6f01b71-fe30-41d3-8680-5d08d0b7dd15,qwen3-8b,0,3,False,0.16812537098303437,2,A
medmcqa,66,c6f01b71-fe30-41d3-8680-5d08d0b7dd15,qwen3-8b,3,2,False,0.1563607619900722,2,D
medmcqa,67,c6f01b71-fe30-41d3-8680-5d08d0b7dd15,qwen3-8b,3,3,True,0.17141821701079607,2,D
medmcqa,68,c6f01b71-fe30-41d3-8680-5d08d0b7dd15,qwen3-8b,2,2,True,0.15408803199534304,2,C
medmcqa,69,c6f01b71-fe30-41d3-8680-5d08d0b7dd15,qwen3-8b,0,1,False,0.15342251799302176,2,A
medmcqa,70,c6f01b71-fe30-41d3-8680-5d08d0b7dd15,qwen3-8b,0,1,False,0.15037220600061119,2,A
medmcqa,71,c6f01b71-fe30-41d3-8680-5d08d0b7dd15,qwen3-8b,2,2,True,0.168814172007842,2,C
medmcqa,72,c6f01b71-fe30-41d3-8680-5d08d0b7dd15,qwen3-8b,0,0,True,0.15237583898124285,2,A
medmcqa,73,c6f01b71-fe30-41d3-8680-5d08d0b7dd15,qwen3-8b,0,1,False,0.16616904598777182,2,A
medmcqa,74,c6f01b71-fe30-41d3-8680-5d08d0b7dd15,qwen3-8b,2,3,False,0.15312377898953855,2,C
medmcqa,75,c6f01b71-fe30-41d3-8680-5d08d0b7dd15,qwen3-8b,1,0,False,0.1559400080004707,2,B
medmcqa,76,c6f01b71-fe30-41d3-8680-5d08d0b7dd15,qwen3-8b,1,0,False,0.1538580550113693,2,B
medmcqa,77,c6f01b71-fe30-41d3-8680-5d08d0b7dd15,qwen3-8b,1,1,True,0.1541769210016355,2,B
medmcqa,78,c6f01b71-fe30-41d3-8680-5d08d0b7dd15,qwen3-8b,0,1,False,0.15472970600239933,2,A
medmcqa,79,c6f01b71-fe30-41d3-8680-5d08d0b7dd15,qwen3-8b,1,1,True,0.1673995220044162,2,B
medmcqa,80,c6f01b71-fe30-41d3-8680-5d08d0b7dd15,qwen3-8b,2,2,True,0.16773211499094032,2,C
medmcqa,81,c6f01b71-fe30-41d3-8680-5d08d0b7dd15,qwen3-8b,0,0,True,0.16462396501447074,2,A
medmcqa,82,c6f01b71-fe30-41d3-8680-5d08d0b7dd15,qwen3-8b,1,0,False,0.1512111490010284,2,B
medmcqa,83,c6f01b71-fe30-41d3-8680-5d08d0b7dd15,qwen3-8b,0,0,True,0.1696288259990979,2,A
medmcqa,84,c6f01b71-fe30-41d3-8680-5d08d0b7dd15,qwen3-8b,1,0,False,0.1557635800272692,2,B
medmcqa,85,c6f01b71-fe30-41d3-8680-5d08d0b7dd15,qwen3-8b,3,2,False,0.15476973200566135,2,D
medmcqa,86,c6f01b71-fe30-41d3-8680-5d08d0b7dd15,qwen3-8b,0,0,True,0.15469605597900227,2,A
medmcqa,87,c6f01b71-fe30-41d3-8680-5d08d0b7dd15,qwen3-8b,3,3,True,0.15199103101622313,2,D
medmcqa,88,c6f01b71-fe30-41d3-8680-5d08d0b7dd15,qwen3-8b,0,0,True,0.1565403210115619,2,A
medmcqa,89,c6f01b71-fe30-41d3-8680-5d08d0b7dd15,qwen3-8b,0,3,False,0.15094746599788778,2,A
medmcqa,90,c6f01b71-fe30-41d3-8680-5d08d0b7dd15,qwen3-8b,1,1,True,0.15235699800541624,2,B
medmcqa,91,c6f01b71-fe30-41d3-8680-5d08d0b7dd15,qwen3-8b,1,1,True,0.1663356740027666,2,B
medmcqa,92,c6f01b71-fe30-41d3-8680-5d08d0b7dd15,qwen3-8b,1,1,True,0.1502722070144955,2,B
medmcqa,93,c6f01b71-fe30-41d3-8680-5d08d0b7dd15,qwen3-8b,3,0,False,0.1523378340061754,2,D
medmcqa,94,c6f01b71-fe30-41d3-8680-5d08d0b7dd15,qwen3-8b,2,2,True,0.16538956700242124,2,C
medmcqa,95,c6f01b71-fe30-41d3-8680-5d08d0b7dd15,qwen3-8b,0,0,True,0.15325691201724112,2,A
medmcqa,96,c6f01b71-fe30-41d3-8680-5d08d0b7dd15,qwen3-8b,1,1,True,0.15312282301601954,2,B
medmcqa,97,c6f01b71-fe30-41d3-8680-5d08d0b7dd15,qwen3-8b,0,3,False,0.16719407797791064,2,A
medmcqa,98,c6f01b71-fe30-41d3-8680-5d08d0b7dd15,qwen3-8b,0,1,False,0.15216715598944575,2,A
medmcqa,99,c6f01b71-fe30-41d3-8680-5d08d0b7dd15,qwen3-8b,1,3,False,0.1524894470057916,2,B
medmcqa,100,c6f01b71-fe30-41d3-8680-5d08d0b7dd15,qwen3-8b,0,0,True,0.15419387200381607,2,A
medmcqa,101,c6f01b71-fe30-41d3-8680-5d08d0b7dd15,qwen3-8b,0,1,False,0.15071510602138005,2,A
medmcqa,102,c6f01b71-fe30-41d3-8680-5d08d0b7dd15,qwen3-8b,1,0,False,0.1517051929840818,2,B
medmcqa,103,c6f01b71-fe30-41d3-8680-5d08d0b7dd15,qwen3-8b,3,3,True,0.16880465298891068,2,D
medmcqa,104,c6f01b71-fe30-41d3-8680-5d08d0b7dd15,qwen3-8b,0,1,False,0.15258764300961047,2,A
medmcqa,105,c6f01b71-fe30-41d3-8680-5d08d0b7dd15,qwen3-8b,0,0,True,0.16609691601479426,2,A
medmcqa,106,c6f01b71-fe30-41d3-8680-5d08d0b7dd15,qwen3-8b,0,3,False,0.1550208700064104,2,A
medmcqa,107,c6f01b71-fe30-41d3-8680-5d08d0b7dd15,qwen3-8b,1,1,True,0.15144645600230433,2,B
medmcqa,108,c6f01b71-fe30-41d3-8680-5d08d0b7dd15,qwen3-8b,3,2,False,0.15220574001432396,2,D
medmcqa,109,c6f01b71-fe30-41d3-8680-5d08d0b7dd15,qwen3-8b,2,0,False,0.15298408799571916,2,C
medmcqa,110,c6f01b71-fe30-41d3-8680-5d08d0b7dd15,qwen3-8b,0,0,True,0.15572130802320316,2,A
medmcqa,111,c6f01b71-fe30-41d3-8680-5d08d0b7dd15,qwen3-8b,0,3,False,0.1523971839924343,2,A
medmcqa,112,c6f01b71-fe30-41d3-8680-5d08d0b7dd15,qwen3-8b,0,0,True,0.15273847102071159,2,A
medmcqa,113,c6f01b71-fe30-41d3-8680-5d08d0b7dd15,qwen3-8b,2,2,True,0.16640276400721632,2,C
medmcqa,114,c6f01b71-fe30-41d3-8680-5d08d0b7dd15,qwen3-8b,1,0,False,0.15385809598956257,2,B
medmcqa,115,c6f01b71-fe30-41d3-8680-5d08d0b7dd15,qwen3-8b,0,1,False,0.1519039929844439,2,A
medmcqa,116,c6f01b71-fe30-41d3-8680-5d08d0b7dd15,qwen3-8b,2,2,True,0.1571000129915774,2,C
medmcqa,117,c6f01b71-fe30-41d3-8680-5d08d0b7dd15,qwen3-8b,1,1,True,0.15196347099845298,2,B
medmcqa,118,c6f01b71-fe30-41d3-8680-5d08d0b7dd15,qwen3-8b,3,0,False,0.15200178101076744,2,D
medmcqa,119,c6f01b71-fe30-41d3-8680-5d08d0b7dd15,qwen3-8b,1,0,False,0.15264219700475223,2,B
medmcqa,120,c6f01b71-fe30-41d3-8680-5d08d0b7dd15,qwen3-8b,0,2,False,0.1680377350130584,2,A
medmcqa,121,c6f01b71-fe30-41d3-8680-5d08d0b7dd15,qwen3-8b,0,0,True,0.15684856398729607,2,A
medmcqa,122,c6f01b71-fe30-41d3-8680-5d08d0b7dd15,qwen3-8b,0,0,True,0.15444516501156613,2,A
medmcqa,123,c6f01b71-fe30-41d3-8680-5d08d0b7dd15,qwen3-8b,0,3,False,0.1647400289948564,2,A
medmcqa,124,c6f01b71-fe30-41d3-8680-5d08d0b7dd15,qwen3-8b,1,1,True,0.15256287198280916,2,B
medmcqa,125,c6f01b71-fe30-41d3-8680-5d08d0b7dd15,qwen3-8b,0,0,True,0.16176786099094898,2,A
medmcqa,126,c6f01b71-fe30-41d3-8680-5d08d0b7dd15,qwen3-8b,1,0,False,0.1530333450064063,2,B
medmcqa,127,c6f01b71-fe30-41d3-8680-5d08d0b7dd15,qwen3-8b,1,1,True,0.15344356201239862,2,B
medmcqa,128,c6f01b71-fe30-41d3-8680-5d08d0b7dd15,qwen3-8b,3,3,True,0.15479144101846032,2,D
medmcqa,129,c6f01b71-fe30-41d3-8680-5d08d0b7dd15,qwen3-8b,0,1,False,0.1529539480106905,2,A
medmcqa,130,c6f01b71-fe30-41d3-8680-5d08d0b7dd15,qwen3-8b,3,2,False,0.17084832998807542,2,D
medmcqa,131,c6f01b71-fe30-41d3-8680-5d08d0b7dd15,qwen3-8b,0,3,False,0.15274191199569032,2,A
medmcqa,132,c6f01b71-fe30-41d3-8680-5d08d0b7dd15,qwen3-8b,2,1,False,0.15282110997941345,2,C
medmcqa,133,c6f01b71-fe30-41d3-8680-5d08d0b7dd15,qwen3-8b,1,1,True,0.15362589099095203,2,B
medmcqa,134,c6f01b71-fe30-41d3-8680-5d08d0b7dd15,qwen3-8b,0,1,False,0.15048955898964778,2,A
medmcqa,135,c6f01b71-fe30-41d3-8680-5d08d0b7dd15,qwen3-8b,3,0,False,0.15290850601741113,2,D
medmcqa,136,c6f01b71-fe30-41d3-8680-5d08d0b7dd15,qwen3-8b,1,1,True,0.16857104701921344,2,B
medmcqa,137,c6f01b71-fe30-41d3-8680-5d08d0b7dd15,qwen3-8b,2,0,False,0.1545315230032429,2,C
medmcqa,138,c6f01b71-fe30-41d3-8680-5d08d0b7dd15,qwen3-8b,0,2,False,0.1677061730006244,2,A
medmcqa,139,c6f01b71-fe30-41d3-8680-5d08d0b7dd15,qwen3-8b,0,0,True,0.15403749200049788,2,A
medmcqa,140,c6f01b71-fe30-41d3-8680-5d08d0b7dd15,qwen3-8b,3,2,False,0.15378700199653395,2,D
medmcqa,141,c6f01b71-fe30-41d3-8680-5d08d0b7dd15,qwen3-8b,2,0,False,0.17004215199267492,2,C
medmcqa,142,c6f01b71-fe30-41d3-8680-5d08d0b7dd15,qwen3-8b,0,0,True,0.15263656701426953,2,A
medmcqa,143,c6f01b71-fe30-41d3-8680-5d08d0b7dd15,qwen3-8b,2,2,True,0.18952251900918782,2,C
medmcqa,144,c6f01b71-fe30-41d3-8680-5d08d0b7dd15,qwen3-8b,0,1,False,0.1520794779935386,2,A
medmcqa,145,c6f01b71-fe30-41d3-8680-5d08d0b7dd15,qwen3-8b,0,0,True,0.15474098100094125,2,A
medmcqa,146,c6f01b71-fe30-41d3-8680-5d08d0b7dd15,qwen3-8b,2,2,True,0.15810847000102513,2,C
medmcqa,147,c6f01b71-fe30-41d3-8680-5d08d0b7dd15,qwen3-8b,1,0,False,0.1509352819994092,2,B
medmcqa,148,c6f01b71-fe30-41d3-8680-5d08d0b7dd15,qwen3-8b,2,3,False,0.1518349040125031,2,C
medmcqa,149,c6f01b71-fe30-41d3-8680-5d08d0b7dd15,qwen3-8b,1,1,True,0.1725853309908416,2,B
medmcqa,150,c6f01b71-fe30-41d3-8680-5d08d0b7dd15,qwen3-8b,0,0,True,0.15441148399258964,2,A
medmcqa,151,c6f01b71-fe30-41d3-8680-5d08d0b7dd15,qwen3-8b,1,1,True,0.1506201010197401,2,B
medmcqa,152,c6f01b71-fe30-41d3-8680-5d08d0b7dd15,qwen3-8b,0,2,False,0.15049661899683997,2,A
medmcqa,153,c6f01b71-fe30-41d3-8680-5d08d0b7dd15,qwen3-8b,0,0,True,0.15472244602278806,2,A
medmcqa,154,c6f01b71-fe30-41d3-8680-5d08d0b7dd15,qwen3-8b,1,1,True,0.15360631598741747,2,B
medmcqa,155,c6f01b71-fe30-41d3-8680-5d08d0b7dd15,qwen3-8b,0,1,False,0.1527157310047187,2,A
medmcqa,156,c6f01b71-fe30-41d3-8680-5d08d0b7dd15,qwen3-8b,0,0,True,0.15088530600769445,2,A
medmcqa,157,c6f01b71-fe30-41d3-8680-5d08d0b7dd15,qwen3-8b,0,3,False,0.1561612689984031,2,A
medmcqa,158,c6f01b71-fe30-41d3-8680-5d08d0b7dd15,qwen3-8b,3,2,False,0.15357003401732072,2,D
medmcqa,159,c6f01b71-fe30-41d3-8680-5d08d0b7dd15,qwen3-8b,3,3,True,0.15323663200251758,2,D
medmcqa,160,c6f01b71-fe30-41d3-8680-5d08d0b7dd15,qwen3-8b,2,1,False,0.15609973299433477,2,C
medmcqa,161,c6f01b71-fe30-41d3-8680-5d08d0b7dd15,qwen3-8b,1,1,True,0.15321867298916914,2,B
medmcqa,162,c6f01b71-fe30-41d3-8680-5d08d0b7dd15,qwen3-8b,2,1,False,0.15714721201220527,2,C
medmcqa,163,c6f01b71-fe30-41d3-8680-5d08d0b7dd15,qwen3-8b,0,3,False,0.15229377200012095,2,A
medmcqa,164,c6f01b71-fe30-41d3-8680-5d08d0b7dd15,qwen3-8b,0,0,True,0.15386156499153003,2,A
medmcqa,165,c6f01b71-fe30-41d3-8680-5d08d0b7dd15,qwen3-8b,3,2,False,0.1532817390107084,2,D
medmcqa,166,c6f01b71-fe30-41d3-8680-5d08d0b7dd15,qwen3-8b,2,3,False,0.15582324299612083,2,C
medmcqa,167,c6f01b71-fe30-41d3-8680-5d08d0b7dd15,qwen3-8b,0,1,False,0.16565158401499502,2,A
medmcqa,168,c6f01b71-fe30-41d3-8680-5d08d0b7dd15,qwen3-8b,2,1,False,0.1708771940029692,2,C
medmcqa,169,c6f01b71-fe30-41d3-8680-5d08d0b7dd15,qwen3-8b,0,2,False,0.15398492201347835,2,A
medmcqa,170,c6f01b71-fe30-41d3-8680-5d08d0b7dd15,qwen3-8b,1,1,True,0.15569034800864756,2,B
medmcqa,171,c6f01b71-fe30-41d3-8680-5d08d0b7dd15,qwen3-8b,0,0,True,0.15349778399104252,2,A
medmcqa,172,c6f01b71-fe30-41d3-8680-5d08d0b7dd15,qwen3-8b,0,1,False,0.17050758100231178,2,A
medmcqa,173,c6f01b71-fe30-41d3-8680-5d08d0b7dd15,qwen3-8b,0,0,True,0.1684976799879223,2,A
medmcqa,174,c6f01b71-fe30-41d3-8680-5d08d0b7dd15,qwen3-8b,1,1,True,0.17614169899025,2,B
medmcqa,175,c6f01b71-fe30-41d3-8680-5d08d0b7dd15,qwen3-8b,0,2,False,0.15346760698594153,2,A
medmcqa,176,c6f01b71-fe30-41d3-8680-5d08d0b7dd15,qwen3-8b,2,1,False,0.15585339299286716,2,C
medmcqa,177,c6f01b71-fe30-41d3-8680-5d08d0b7dd15,qwen3-8b,2,2,True,0.1540153670066502,2,C
medmcqa,178,c6f01b71-fe30-41d3-8680-5d08d0b7dd15,qwen3-8b,3,3,True,0.15628998799365945,2,D
medmcqa,179,c6f01b71-fe30-41d3-8680-5d08d0b7dd15,qwen3-8b,3,3,True,0.15524976901360787,2,D
medmcqa,180,c6f01b71-fe30-41d3-8680-5d08d0b7dd15,qwen3-8b,0,1,False,0.15543680099654011,2,A
medmcqa,181,c6f01b71-fe30-41d3-8680-5d08d0b7dd15,qwen3-8b,0,0,True,0.15124651600490324,2,A
medmcqa,182,c6f01b71-fe30-41d3-8680-5d08d0b7dd15,qwen3-8b,0,0,True,0.1525565419869963,2,A
medmcqa,183,c6f01b71-fe30-41d3-8680-5d08d0b7dd15,qwen3-8b,0,0,True,0.1570425029785838,2,A
medmcqa,184,c6f01b71-fe30-41d3-8680-5d08d0b7dd15,qwen3-8b,2,2,True,0.1550127299851738,2,C
medmcqa,185,c6f01b71-fe30-41d3-8680-5d08d0b7dd15,qwen3-8b,1,2,False,0.15132362398435362,2,B
medmcqa,186,c6f01b71-fe30-41d3-8680-5d08d0b7dd15,qwen3-8b,0,1,False,0.15674026997294277,2,A
medmcqa,187,c6f01b71-fe30-41d3-8680-5d08d0b7dd15,qwen3-8b,3,0,False,0.17170980398077518,2,D
medmcqa,188,c6f01b71-fe30-41d3-8680-5d08d0b7dd15,qwen3-8b,2,2,True,0.1546470479806885,2,C
medmcqa,189,c6f01b71-fe30-41d3-8680-5d08d0b7dd15,qwen3-8b,1,0,False,0.15403352500288747,2,B
medmcqa,190,c6f01b71-fe30-41d3-8680-5d08d0b7dd15,qwen3-8b,0,1,False,0.15502313198521733,2,A
medmcqa,191,c6f01b71-fe30-41d3-8680-5d08d0b7dd15,qwen3-8b,0,0,True,0.17551747200195678,2,A
medmcqa,192,c6f01b71-fe30-41d3-8680-5d08d0b7dd15,qwen3-8b,0,1,False,0.15450403798604384,2,A
medmcqa,193,c6f01b71-fe30-41d3-8680-5d08d0b7dd15,qwen3-8b,0,1,False,0.15443690298707224,2,A
medmcqa,194,c6f01b71-fe30-41d3-8680-5d08d0b7dd15,qwen3-8b,1,1,True,0.15763050099485554,2,B
medmcqa,195,c6f01b71-fe30-41d3-8680-5d08d0b7dd15,qwen3-8b,1,1,True,0.1528861419938039,2,B
medmcqa,196,c6f01b71-fe30-41d3-8680-5d08d0b7dd15,qwen3-8b,0,0,True,0.1698372480168473,2,A
medmcqa,197,c6f01b71-fe30-41d3-8680-5d08d0b7dd15,qwen3-8b,2,1,False,0.151431300007971,2,C
medmcqa,198,c6f01b71-fe30-41d3-8680-5d08d0b7dd15,qwen3-8b,0,3,False,0.16999911901075393,2,A
medmcqa,199,c6f01b71-fe30-41d3-8680-5d08d0b7dd15,qwen3-8b,2,0,False,0.1544179969932884,2,C
medmcqa,200,c6f01b71-fe30-41d3-8680-5d08d0b7dd15,qwen3-8b,1,3,False,0.15341021097265184,2,B
medmcqa,201,c6f01b71-fe30-41d3-8680-5d08d0b7dd15,qwen3-8b,0,2,False,0.15134890499757603,2,A
medmcqa,202,c6f01b71-fe30-41d3-8680-5d08d0b7dd15,qwen3-8b,0,1,False,0.1689087330014445,2,A
medmcqa,203,c6f01b71-fe30-41d3-8680-5d08d0b7dd15,qwen3-8b,2,2,True,0.15227509598480538,2,C
medmcqa,204,c6f01b71-fe30-41d3-8680-5d08d0b7dd15,qwen3-8b,2,2,True,0.15379279997432604,2,C
medmcqa,205,c6f01b71-fe30-41d3-8680-5d08d0b7dd15,qwen3-8b,0,3,False,0.1535968249954749,2,A
medmcqa,206,c6f01b71-fe30-41d3-8680-5d08d0b7dd15,qwen3-8b,0,2,False,0.16644778099725954,2,A
medmcqa,207,c6f01b71-fe30-41d3-8680-5d08d0b7dd15,qwen3-8b,2,2,True,0.16680749697843567,2,C
medmcqa,208,c6f01b71-fe30-41d3-8680-5d08d0b7dd15,qwen3-8b,1,3,False,0.17287320998730138,2,B
medmcqa,209,c6f01b71-fe30-41d3-8680-5d08d0b7dd15,qwen3-8b,2,1,False,0.17111523801577277,2,C
medmcqa,210,c6f01b71-fe30-41d3-8680-5d08d0b7dd15,qwen3-8b,1,1,True,0.15169152099406347,2,B
medmcqa,211,c6f01b71-fe30-41d3-8680-5d08d0b7dd15,qwen3-8b,1,0,False,0.15386767400195822,2,B
medmcqa,212,c6f01b71-fe30-41d3-8680-5d08d0b7dd15,qwen3-8b,3,3,True,0.15501710699754767,2,D
medmcqa,213,c6f01b71-fe30-41d3-8680-5d08d0b7dd15,qwen3-8b,1,2,False,0.17002573001082055,2,B
medmcqa,214,c6f01b71-fe30-41d3-8680-5d08d0b7dd15,qwen3-8b,1,2,False,0.15580909501295537,2,B
medmcqa,215,c6f01b71-fe30-41d3-8680-5d08d0b7dd15,qwen3-8b,1,2,False,0.1701189199811779,2,B
medmcqa,216,c6f01b71-fe30-41d3-8680-5d08d0b7dd15,qwen3-8b,0,0,True,0.1595098210091237,2,A
medmcqa,217,c6f01b71-fe30-41d3-8680-5d08d0b7dd15,qwen3-8b,3,0,False,0.17201465598191135,2,D
medmcqa,218,c6f01b71-fe30-41d3-8680-5d08d0b7dd15,qwen3-8b,3,3,True,0.1740246250119526,2,D
medmcqa,219,c6f01b71-fe30-41d3-8680-5d08d0b7dd15,qwen3-8b,0,3,False,0.1737795269873459,2,A
medmcqa,220,c6f01b71-fe30-41d3-8680-5d08d0b7dd15,qwen3-8b,0,0,True,0.1765340410056524,2,A
medmcqa,221,c6f01b71-fe30-41d3-8680-5d08d0b7dd15,qwen3-8b,0,2,False,0.17329346999758855,2,A
medmcqa,222,c6f01b71-fe30-41d3-8680-5d08d0b7dd15,qwen3-8b,1,1,True,0.15643502000602894,2,B
medmcqa,223,c6f01b71-fe30-41d3-8680-5d08d0b7dd15,qwen3-8b,2,2,True,0.15516082098474726,2,C
medmcqa,224,c6f01b71-fe30-41d3-8680-5d08d0b7dd15,qwen3-8b,0,3,False,0.15573508801753633,2,A
medmcqa,225,c6f01b71-fe30-41d3-8680-5d08d0b7dd15,qwen3-8b,0,0,True,0.15574128099251539,2,A
medmcqa,226,c6f01b71-fe30-41d3-8680-5d08d0b7dd15,qwen3-8b,1,0,False,0.15372127198497765,2,B
medmcqa,227,c6f01b71-fe30-41d3-8680-5d08d0b7dd15,qwen3-8b,0,0,True,0.15363616598187946,2,A
medmcqa,228,c6f01b71-fe30-41d3-8680-5d08d0b7dd15,qwen3-8b,1,1,True,0.16984670399688184,2,B
medmcqa,229,c6f01b71-fe30-41d3-8680-5d08d0b7dd15,qwen3-8b,3,1,False,0.1524528530135285,2,D
medmcqa,230,c6f01b71-fe30-41d3-8680-5d08d0b7dd15,qwen3-8b,2,0,False,0.15409613199881278,2,C
medmcqa,231,c6f01b71-fe30-41d3-8680-5d08d0b7dd15,qwen3-8b,3,0,False,0.15950918500311673,2,D
medmcqa,232,c6f01b71-fe30-41d3-8680-5d08d0b7dd15,qwen3-8b,2,3,False,0.15537928600679152,2,C
medmcqa,233,c6f01b71-fe30-41d3-8680-5d08d0b7dd15,qwen3-8b,3,3,True,0.15229700002237223,2,D
medmcqa,234,c6f01b71-fe30-41d3-8680-5d08d0b7dd15,qwen3-8b,0,3,False,0.17481743299867958,2,A
medmcqa,235,c6f01b71-fe30-41d3-8680-5d08d0b7dd15,qwen3-8b,2,2,True,0.16535186799592339,2,C
medmcqa,236,c6f01b71-fe30-41d3-8680-5d08d0b7dd15,qwen3-8b,2,3,False,0.17100030998699367,2,C
medmcqa,237,c6f01b71-fe30-41d3-8680-5d08d0b7dd15,qwen3-8b,2,2,True,0.15501418599160388,2,C
medmcqa,238,c6f01b71-fe30-41d3-8680-5d08d0b7dd15,qwen3-8b,0,2,False,0.1560858900193125,2,A
medmcqa,239,c6f01b71-fe30-41d3-8680-5d08d0b7dd15,qwen3-8b,2,2,True,0.15451781600131653,2,C
medmcqa,240,c6f01b71-fe30-41d3-8680-5d08d0b7dd15,qwen3-8b,3,3,True,0.15632950398139656,2,D
medmcqa,241,c6f01b71-fe30-41d3-8680-5d08d0b7dd15,qwen3-8b,0,0,True,0.1532898510049563,2,A
medmcqa,242,c6f01b71-fe30-41d3-8680-5d08d0b7dd15,qwen3-8b,3,3,True,0.1557288360199891,2,D
medmcqa,243,c6f01b71-fe30-41d3-8680-5d08d0b7dd15,qwen3-8b,2,2,True,0.15369546000147238,2,C
medmcqa,244,c6f01b71-fe30-41d3-8680-5d08d0b7dd15,qwen3-8b,2,3,False,0.15442405099747702,2,C
medmcqa,245,c6f01b71-fe30-41d3-8680-5d08d0b7dd15,qwen3-8b,3,0,False,0.15019512100843713,2,D
medmcqa,246,c6f01b71-fe30-41d3-8680-5d08d0b7dd15,qwen3-8b,0,0,True,0.16512899700319394,2,A
medmcqa,247,c6f01b71-fe30-41d3-8680-5d08d0b7dd15,qwen3-8b,0,2,False,0.1535825020109769,2,A
medmcqa,248,c6f01b71-fe30-41d3-8680-5d08d0b7dd15,qwen3-8b,0,0,True,0.15378215699456632,2,A
medmcqa,249,c6f01b71-fe30-41d3-8680-5d08d0b7dd15,qwen3-8b,2,3,False,0.15211787601583637,2,C
medmcqa,250,c6f01b71-fe30-41d3-8680-5d08d0b7dd15,qwen3-8b,3,3,True,0.15538771799765527,2,D
medmcqa,251,c6f01b71-fe30-41d3-8680-5d08d0b7dd15,qwen3-8b,0,0,True,0.15542126700165682,2,A
medmcqa,252,c6f01b71-fe30-41d3-8680-5d08d0b7dd15,qwen3-8b,3,3,True,0.15100132598308846,2,D
medmcqa,253,c6f01b71-fe30-41d3-8680-5d08d0b7dd15,qwen3-8b,3,2,False,0.15147532601258717,2,D
medmcqa,254,c6f01b71-fe30-41d3-8680-5d08d0b7dd15,qwen3-8b,0,0,True,0.15640668998821639,2,A
medmcqa,255,c6f01b71-fe30-41d3-8680-5d08d0b7dd15,qwen3-8b,2,2,True,0.15405284299049526,2,C
medmcqa,256,c6f01b71-fe30-41d3-8680-5d08d0b7dd15,qwen3-8b,0,3,False,0.15665974002331495,2,A
medmcqa,257,c6f01b71-fe30-41d3-8680-5d08d0b7dd15,qwen3-8b,1,0,False,0.15342035898356698,2,B
medmcqa,258,c6f01b71-fe30-41d3-8680-5d08d0b7dd15,qwen3-8b,0,0,True,0.15277313799015246,2,A
medmcqa,259,c6f01b71-fe30-41d3-8680-5d08d0b7dd15,qwen3-8b,0,2,False,0.15550368299591355,2,A
medmcqa,260,c6f01b71-fe30-41d3-8680-5d08d0b7dd15,qwen3-8b,3,2,False,0.1534104769816622,2,D
medmcqa,261,c6f01b71-fe30-41d3-8680-5d08d0b7dd15,qwen3-8b,2,2,True,0.15367834799690172,2,C
medmcqa,262,c6f01b71-fe30-41d3-8680-5d08d0b7dd15,qwen3-8b,0,3,False,0.1717401320056524,2,A
medmcqa,263,c6f01b71-fe30-41d3-8680-5d08d0b7dd15,qwen3-8b,1,3,False,0.16811543999938294,2,B
medmcqa,264,c6f01b71-fe30-41d3-8680-5d08d0b7dd15,qwen3-8b,1,1,True,0.15342159298597835,2,B
medmcqa,265,c6f01b71-fe30-41d3-8680-5d08d0b7dd15,qwen3-8b,3,3,True,0.15366900400840677,2,D
medmcqa,266,c6f01b71-fe30-41d3-8680-5d08d0b7dd15,qwen3-8b,1,0,False,0.1670070410182234,2,B
medmcqa,267,c6f01b71-fe30-41d3-8680-5d08d0b7dd15,qwen3-8b,1,1,True,0.15266981898457743,2,B
medmcqa,268,c6f01b71-fe30-41d3-8680-5d08d0b7dd15,qwen3-8b,1,1,True,0.15243258199188858,2,B
medmcqa,269,c6f01b71-fe30-41d3-8680-5d08d0b7dd15,qwen3-8b,0,2,False,0.20560022300924174,2,A
medmcqa,270,c6f01b71-fe30-41d3-8680-5d08d0b7dd15,qwen3-8b,0,2,False,0.1703781819960568,2,A
medmcqa,271,c6f01b71-fe30-41d3-8680-5d08d0b7dd15,qwen3-8b,3,3,True,0.1759365070029162,2,D
medmcqa,272,c6f01b71-fe30-41d3-8680-5d08d0b7dd15,qwen3-8b,0,0,True,0.15889041297486983,2,A
medmcqa,273,c6f01b71-fe30-41d3-8680-5d08d0b7dd15,qwen3-8b,1,2,False,0.21824537400971167,2,B
medmcqa,274,c6f01b71-fe30-41d3-8680-5d08d0b7dd15,qwen3-8b,2,2,True,0.1694200269994326,2,C
medmcqa,275,c6f01b71-fe30-41d3-8680-5d08d0b7dd15,qwen3-8b,3,3,True,0.15069970698095858,2,D
medmcqa,276,c6f01b71-fe30-41d3-8680-5d08d0b7dd15,qwen3-8b,3,3,True,0.15512062798370607,2,D
medmcqa,277,c6f01b71-fe30-41d3-8680-5d08d0b7dd15,qwen3-8b,3,1,False,0.1715810089954175,2,D
medmcqa,278,c6f01b71-fe30-41d3-8680-5d08d0b7dd15,qwen3-8b,1,1,True,0.16004223699565046,2,B
medmcqa,279,c6f01b71-fe30-41d3-8680-5d08d0b7dd15,qwen3-8b,3,3,True,0.16864618202089332,2,D
medmcqa,280,c6f01b71-fe30-41d3-8680-5d08d0b7dd15,qwen3-8b,0,0,True,0.15222433899180032,2,A
medmcqa,281,c6f01b71-fe30-41d3-8680-5d08d0b7dd15,qwen3-8b,2,2,True,0.17364586400799453,2,C
medmcqa,282,c6f01b71-fe30-41d3-8680-5d08d0b7dd15,qwen3-8b,1,2,False,0.1583361020020675,2,B
medmcqa,283,c6f01b71-fe30-41d3-8680-5d08d0b7dd15,qwen3-8b,1,3,False,0.16926796999177895,2,B
medmcqa,284,c6f01b71-fe30-41d3-8680-5d08d0b7dd15,qwen3-8b,0,2,False,0.17187222902430221,2,A
medmcqa,285,c6f01b71-fe30-41d3-8680-5d08d0b7dd15,qwen3-8b,2,2,True,0.19271576701430604,2,C
medmcqa,286,c6f01b71-fe30-41d3-8680-5d08d0b7dd15,qwen3-8b,2,2,True,0.1595001750101801,2,C
medmcqa,287,c6f01b71-fe30-41d3-8680-5d08d0b7dd15,qwen3-8b,1,3,False,0.15672402799827978,2,B
medmcqa,288,c6f01b71-fe30-41d3-8680-5d08d0b7dd15,qwen3-8b,1,1,True,0.16749698101193644,2,B
medmcqa,289,c6f01b71-fe30-41d3-8680-5d08d0b7dd15,qwen3-8b,2,2,True,0.15606466398457997,2,C
medmcqa,290,c6f01b71-fe30-41d3-8680-5d08d0b7dd15,qwen3-8b,3,3,True,0.1687634409754537,2,D
medmcqa,291,c6f01b71-fe30-41d3-8680-5d08d0b7dd15,qwen3-8b,2,2,True,0.1691206470131874,2,C
medmcqa,292,c6f01b71-fe30-41d3-8680-5d08d0b7dd15,qwen3-8b,0,0,True,0.15298501402139664,2,A
medmcqa,293,c6f01b71-fe30-41d3-8680-5d08d0b7dd15,qwen3-8b,2,3,False,0.15638656297232956,2,C
medmcqa,294,c6f01b71-fe30-41d3-8680-5d08d0b7dd15,qwen3-8b,3,3,True,0.15109400200890377,2,D
medmcqa,295,c6f01b71-fe30-41d3-8680-5d08d0b7dd15,qwen3-8b,1,1,True,0.15451662297709845,2,B
medmcqa,296,c6f01b71-fe30-41d3-8680-5d08d0b7dd15,qwen3-8b,0,0,True,0.1666750150034204,2,A
medmcqa,297,c6f01b71-fe30-41d3-8680-5d08d0b7dd15,qwen3-8b,1,1,True,0.1527471799927298,2,B
medmcqa,298,c6f01b71-fe30-41d3-8680-5d08d0b7dd15,qwen3-8b,0,1,False,0.16576044500106946,2,A
medmcqa,299,c6f01b71-fe30-41d3-8680-5d08d0b7dd15,qwen3-8b,1,0,False,0.16639874599059112,2,B
medmcqa,300,c6f01b71-fe30-41d3-8680-5d08d0b7dd15,qwen3-8b,0,0,True,0.15626285600592382,2,A
medmcqa,301,c6f01b71-fe30-41d3-8680-5d08d0b7dd15,qwen3-8b,2,2,True,0.1544972880219575,2,C
medmcqa,302,c6f01b71-fe30-41d3-8680-5d08d0b7dd15,qwen3-8b,1,1,True,0.17365033499663696,2,B
medmcqa,303,c6f01b71-fe30-41d3-8680-5d08d0b7dd15,qwen3-8b,0,3,False,0.1558898070070427,2,A
medmcqa,304,c6f01b71-fe30-41d3-8680-5d08d0b7dd15,qwen3-8b,2,0,False,0.16809255100088194,2,C
medmcqa,305,c6f01b71-fe30-41d3-8680-5d08d0b7dd15,qwen3-8b,1,1,True,0.17424958699848503,2,B
medmcqa,306,c6f01b71-fe30-41d3-8680-5d08d0b7dd15,qwen3-8b,1,1,True,0.16004085098393261,2,B
medmcqa,307,c6f01b71-fe30-41d3-8680-5d08d0b7dd15,qwen3-8b,0,0,True,0.17539503399166279,2,A
medmcqa,308,c6f01b71-fe30-41d3-8680-5d08d0b7dd15,qwen3-8b,0,0,True,0.16789952901308425,2,A
medmcqa,309,c6f01b71-fe30-41d3-8680-5d08d0b7dd15,qwen3-8b,1,1,True,0.15961763399536721,2,B
medmcqa,310,c6f01b71-fe30-41d3-8680-5d08d0b7dd15,qwen3-8b,1,1,True,0.1676508520031348,2,B
medmcqa,311,c6f01b71-fe30-41d3-8680-5d08d0b7dd15,qwen3-8b,0,0,True,0.1718770760053303,2,A
medmcqa,312,c6f01b71-fe30-41d3-8680-5d08d0b7dd15,qwen3-8b,0,3,False,0.1523663550033234,2,A
medmcqa,313,c6f01b71-fe30-41d3-8680-5d08d0b7dd15,qwen3-8b,0,0,True,0.1747248920146376,2,A
medmcqa,314,c6f01b71-fe30-41d3-8680-5d08d0b7dd15,qwen3-8b,0,0,True,0.16440675599733368,2,A
medmcqa,315,c6f01b71-fe30-41d3-8680-5d08d0b7dd15,qwen3-8b,2,1,False,0.16205457798787393,2,C
medmcqa,316,c6f01b71-fe30-41d3-8680-5d08d0b7dd15,qwen3-8b,3,0,False,0.17447461502160877,2,D
medmcqa,317,c6f01b71-fe30-41d3-8680-5d08d0b7dd15,qwen3-8b,3,0,False,0.1641287420061417,2,D
medmcqa,318,c6f01b71-fe30-41d3-8680-5d08d0b7dd15,qwen3-8b,0,0,True,0.16083929600426927,2,A
medmcqa,319,c6f01b71-fe30-41d3-8680-5d08d0b7dd15,qwen3-8b,3,1,False,0.15764431201387197,2,D
medmcqa,320,c6f01b71-fe30-41d3-8680-5d08d0b7dd15,qwen3-8b,0,0,True,0.161856702005025,2,A
medmcqa,321,c6f01b71-fe30-41d3-8680-5d08d0b7dd15,qwen3-8b,3,3,True,0.15830418898258358,2,D
medmcqa,322,c6f01b71-fe30-41d3-8680-5d08d0b7dd15,qwen3-8b,3,3,True,0.16857188401627354,2,D
medmcqa,323,c6f01b71-fe30-41d3-8680-5d08d0b7dd15,qwen3-8b,0,1,False,0.15879093899275176,2,A
medmcqa,324,c6f01b71-fe30-41d3-8680-5d08d0b7dd15,qwen3-8b,1,3,False,0.15798511198954657,2,B
medmcqa,325,c6f01b71-fe30-41d3-8680-5d08d0b7dd15,qwen3-8b,1,1,True,0.16957051298231818,2,B
medmcqa,326,c6f01b71-fe30-41d3-8680-5d08d0b7dd15,qwen3-8b,3,1,False,0.15894745499826968,2,D
medmcqa,327,c6f01b71-fe30-41d3-8680-5d08d0b7dd15,qwen3-8b,0,1,False,0.17277180298697203,2,A
medmcqa,328,c6f01b71-fe30-41d3-8680-5d08d0b7dd15,qwen3-8b,1,1,True,0.17537732800701633,2,B
medmcqa,329,c6f01b71-fe30-41d3-8680-5d08d0b7dd15,qwen3-8b,0,3,False,0.157167565979762,2,A
medmcqa,330,c6f01b71-fe30-41d3-8680-5d08d0b7dd15,qwen3-8b,0,2,False,0.1604753159917891,2,A
medmcqa,331,c6f01b71-fe30-41d3-8680-5d08d0b7dd15,qwen3-8b,3,3,True,0.156914195016725,2,D
medmcqa,332,c6f01b71-fe30-41d3-8680-5d08d0b7dd15,qwen3-8b,3,3,True,0.15428268699906766,2,D
medmcqa,333,c6f01b71-fe30-41d3-8680-5d08d0b7dd15,qwen3-8b,0,0,True,0.1673124770168215,2,A
medmcqa,334,c6f01b71-fe30-41d3-8680-5d08d0b7dd15,qwen3-8b,1,1,True,0.15362369900685735,2,B
medmcqa,335,c6f01b71-fe30-41d3-8680-5d08d0b7dd15,qwen3-8b,1,0,False,0.15269073899253272,2,B
medmcqa,336,c6f01b71-fe30-41d3-8680-5d08d0b7dd15,qwen3-8b,1,1,True,0.15667830398888327,2,B
medmcqa,337,c6f01b71-fe30-41d3-8680-5d08d0b7dd15,qwen3-8b,0,0,True,0.15763026298373006,2,A
medmcqa,338,c6f01b71-fe30-41d3-8680-5d08d0b7dd15,qwen3-8b,0,1,False,0.17650595199665986,2,A
medmcqa,339,c6f01b71-fe30-41d3-8680-5d08d0b7dd15,qwen3-8b,0,0,True,0.1650134219962638,2,A
medmcqa,340,c6f01b71-fe30-41d3-8680-5d08d0b7dd15,qwen3-8b,0,2,False,0.15648736199364066,2,A
medmcqa,341,c6f01b71-fe30-41d3-8680-5d08d0b7dd15,qwen3-8b,0,0,True,0.15788819998851977,2,A
medmcqa,342,c6f01b71-fe30-41d3-8680-5d08d0b7dd15,qwen3-8b,1,3,False,0.1692940240027383,2,B
medmcqa,343,c6f01b71-fe30-41d3-8680-5d08d0b7dd15,qwen3-8b,3,1,False,0.15579638598137535,2,D
medmcqa,344,c6f01b71-fe30-41d3-8680-5d08d0b7dd15,qwen3-8b,0,0,True,0.15264990500872955,2,A
medmcqa,345,c6f01b71-fe30-41d3-8680-5d08d0b7dd15,qwen3-8b,0,2,False,0.15457021101610735,2,A
medmcqa,346,c6f01b71-fe30-41d3-8680-5d08d0b7dd15,qwen3-8b,1,1,True,0.15418833401054144,2,B
medmcqa,347,c6f01b71-fe30-41d3-8680-5d08d0b7dd15,qwen3-8b,0,0,True,0.15447205700911582,2,A
medmcqa,348,c6f01b71-fe30-41d3-8680-5d08d0b7dd15,qwen3-8b,0,2,False,0.15588048999779858,2,A
medmcqa,349,c6f01b71-fe30-41d3-8680-5d08d0b7dd15,qwen3-8b,1,1,True,0.15136219598934986,2,B
medmcqa,350,c6f01b71-fe30-41d3-8680-5d08d0b7dd15,qwen3-8b,0,0,True,0.1682418420095928,2,A
medmcqa,351,c6f01b71-fe30-41d3-8680-5d08d0b7dd15,qwen3-8b,2,2,True,0.16899090399965644,2,C
medmcqa,352,c6f01b71-fe30-41d3-8680-5d08d0b7dd15,qwen3-8b,0,0,True,0.1531647779920604,2,A
medmcqa,353,c6f01b71-fe30-41d3-8680-5d08d0b7dd15,qwen3-8b,3,3,True,0.15444087999640033,2,D
medmcqa,354,c6f01b71-fe30-41d3-8680-5d08d0b7dd15,qwen3-8b,0,0,True,0.17002784201758914,2,A
medmcqa,355,c6f01b71-fe30-41d3-8680-5d08d0b7dd15,qwen3-8b,0,0,True,0.15385689699905924,2,A
medmcqa,356,c6f01b71-fe30-41d3-8680-5d08d0b7dd15,qwen3-8b,2,2,True,0.15261174101033248,2,C
medmcqa,357,c6f01b71-fe30-41d3-8680-5d08d0b7dd15,qwen3-8b,0,1,False,0.20837687500170432,2,A
medmcqa,358,c6f01b71-fe30-41d3-8680-5d08d0b7dd15,qwen3-8b,2,0,False,0.15267097399919294,2,C
medmcqa,359,c6f01b71-fe30-41d3-8680-5d08d0b7dd15,qwen3-8b,2,0,False,0.15203819901216775,2,C
medmcqa,360,c6f01b71-fe30-41d3-8680-5d08d0b7dd15,qwen3-8b,1,1,True,0.1519592250115238,2,B
medmcqa,361,c6f01b71-fe30-41d3-8680-5d08d0b7dd15,qwen3-8b,1,1,True,0.16612678399542347,2,B
medmcqa,362,c6f01b71-fe30-41d3-8680-5d08d0b7dd15,qwen3-8b,3,0,False,0.17329036397859454,2,D
medmcqa,363,c6f01b71-fe30-41d3-8680-5d08d0b7dd15,qwen3-8b,2,1,False,0.15230591999716125,2,C
medmcqa,364,c6f01b71-fe30-41d3-8680-5d08d0b7dd15,qwen3-8b,2,2,True,0.15389959400636144,2,C
medmcqa,365,c6f01b71-fe30-41d3-8680-5d08d0b7dd15,qwen3-8b,3,0,False,0.16938090699841268,2,D
medmcqa,366,c6f01b71-fe30-41d3-8680-5d08d0b7dd15,qwen3-8b,1,3,False,0.15278969501378015,2,B
medmcqa,367,c6f01b71-fe30-41d3-8680-5d08d0b7dd15,qwen3-8b,0,3,False,0.15125900600105524,2,A
medmcqa,368,c6f01b71-fe30-41d3-8680-5d08d0b7dd15,qwen3-8b,1,1,True,0.15247853501932696,2,B
medmcqa,369,c6f01b71-fe30-41d3-8680-5d08d0b7dd15,qwen3-8b,1,1,True,0.15399548702407628,2,B
medmcqa,370,c6f01b71-fe30-41d3-8680-5d08d0b7dd15,qwen3-8b,2,1,False,0.19051098500494845,2,C
medmcqa,371,c6f01b71-fe30-41d3-8680-5d08d0b7dd15,qwen3-8b,1,1,True,0.15288868499919772,2,B
medmcqa,372,c6f01b71-fe30-41d3-8680-5d08d0b7dd15,qwen3-8b,3,3,True,0.1547536310099531,2,D
medmcqa,373,c6f01b71-fe30-41d3-8680-5d08d0b7dd15,qwen3-8b,1,1,True,0.1863420729932841,2,B
medmcqa,374,c6f01b71-fe30-41d3-8680-5d08d0b7dd15,qwen3-8b,1,2,False,0.1709556040004827,2,B
medmcqa,375,c6f01b71-fe30-41d3-8680-5d08d0b7dd15,qwen3-8b,3,3,True,0.1540918620012235,2,D
medmcqa,376,c6f01b71-fe30-41d3-8680-5d08d0b7dd15,qwen3-8b,0,1,False,0.15750922402366996,2,A
medmcqa,377,c6f01b71-fe30-41d3-8680-5d08d0b7dd15,qwen3-8b,0,0,True,0.15305216898559593,2,A
medmcqa,378,c6f01b71-fe30-41d3-8680-5d08d0b7dd15,qwen3-8b,1,0,False,0.15065362100722268,2,B
medmcqa,379,c6f01b71-fe30-41d3-8680-5d08d0b7dd15,qwen3-8b,3,3,True,0.15461074901395477,2,D
medmcqa,380,c6f01b71-fe30-41d3-8680-5d08d0b7dd15,qwen3-8b,1,1,True,0.15417967399116606,2,B
medmcqa,381,c6f01b71-fe30-41d3-8680-5d08d0b7dd15,qwen3-8b,0,3,False,0.15272230599657632,2,A
medmcqa,382,c6f01b71-fe30-41d3-8680-5d08d0b7dd15,qwen3-8b,0,0,True,0.1523938949976582,2,A
medmcqa,383,c6f01b71-fe30-41d3-8680-5d08d0b7dd15,qwen3-8b,1,2,False,0.1573964910057839,2,B
medmcqa,384,c6f01b71-fe30-41d3-8680-5d08d0b7dd15,qwen3-8b,3,1,False,0.1525324349931907,2,D
medmcqa,385,c6f01b71-fe30-41d3-8680-5d08d0b7dd15,qwen3-8b,0,0,True,0.15149786102119833,2,A
medmcqa,386,c6f01b71-fe30-41d3-8680-5d08d0b7dd15,qwen3-8b,0,0,True,0.15365067700622603,2,A
medmcqa,387,c6f01b71-fe30-41d3-8680-5d08d0b7dd15,qwen3-8b,1,3,False,0.1662486270070076,2,B
medmcqa,388,c6f01b71-fe30-41d3-8680-5d08d0b7dd15,qwen3-8b,0,0,True,0.1519229839905165,2,A
medmcqa,389,c6f01b71-fe30-41d3-8680-5d08d0b7dd15,qwen3-8b,1,3,False,0.15356296801473945,2,B
medmcqa,390,c6f01b71-fe30-41d3-8680-5d08d0b7dd15,qwen3-8b,1,0,False,0.17227017699042335,2,B
medmcqa,391,c6f01b71-fe30-41d3-8680-5d08d0b7dd15,qwen3-8b,0,0,True,0.15214486100012437,2,A
medmcqa,392,c6f01b71-fe30-41d3-8680-5d08d0b7dd15,qwen3-8b,0,2,False,0.1522726179973688,2,A
medmcqa,393,c6f01b71-fe30-41d3-8680-5d08d0b7dd15,qwen3-8b,1,1,True,0.16715858099632896,2,B
medmcqa,394,c6f01b71-fe30-41d3-8680-5d08d0b7dd15,qwen3-8b,1,0,False,0.15291843100567348,2,B
medmcqa,395,c6f01b71-fe30-41d3-8680-5d08d0b7dd15,qwen3-8b,0,1,False,0.1504741009848658,2,A
medmcqa,396,c6f01b71-fe30-41d3-8680-5d08d0b7dd15,qwen3-8b,0,0,True,0.16813557199202478,2,A
medmcqa,397,c6f01b71-fe30-41d3-8680-5d08d0b7dd15,qwen3-8b,1,0,False,0.1732381870097015,2,B
medmcqa,398,c6f01b71-fe30-41d3-8680-5d08d0b7dd15,qwen3-8b,3,3,True,0.15390982499229722,2,D
medmcqa,399,c6f01b71-fe30-41d3-8680-5d08d0b7dd15,qwen3-8b,2,2,True,0.1527722459868528,2,C
medmcqa,400,c6f01b71-fe30-41d3-8680-5d08d0b7dd15,qwen3-8b,3,0,False,0.15573924098862335,2,D
medmcqa,401,c6f01b71-fe30-41d3-8680-5d08d0b7dd15,qwen3-8b,0,0,True,0.1528426290024072,2,A
medmcqa,402,c6f01b71-fe30-41d3-8680-5d08d0b7dd15,qwen3-8b,2,0,False,0.15321827502339147,2,C
medmcqa,403,c6f01b71-fe30-41d3-8680-5d08d0b7dd15,qwen3-8b,0,0,True,0.16317419600090943,2,A
medmcqa,404,c6f01b71-fe30-41d3-8680-5d08d0b7dd15,qwen3-8b,2,2,True,0.17122451998875476,2,C
medmcqa,405,c6f01b71-fe30-41d3-8680-5d08d0b7dd15,qwen3-8b,0,0,True,0.16927371901692823,2,A
medmcqa,406,c6f01b71-fe30-41d3-8680-5d08d0b7dd15,qwen3-8b,1,1,True,0.1516014070075471,2,B
medmcqa,407,c6f01b71-fe30-41d3-8680-5d08d0b7dd15,qwen3-8b,0,3,False,0.16780735400971025,2,A
medmcqa,408,c6f01b71-fe30-41d3-8680-5d08d0b7dd15,qwen3-8b,0,1,False,0.17111737100640312,2,A
medmcqa,409,c6f01b71-fe30-41d3-8680-5d08d0b7dd15,qwen3-8b,1,3,False,0.15338910900754854,2,B
medmcqa,410,c6f01b71-fe30-41d3-8680-5d08d0b7dd15,qwen3-8b,3,1,False,0.15384252500371076,2,D
medmcqa,411,c6f01b71-fe30-41d3-8680-5d08d0b7dd15,qwen3-8b,1,0,False,0.16899094701511785,2,B
medmcqa,412,c6f01b71-fe30-41d3-8680-5d08d0b7dd15,qwen3-8b,1,1,True,0.15460511899436824,2,B
medmcqa,413,c6f01b71-fe30-41d3-8680-5d08d0b7dd15,qwen3-8b,2,2,True,0.15578004598501138,2,C
medmcqa,414,c6f01b71-fe30-41d3-8680-5d08d0b7dd15,qwen3-8b,0,2,False,0.1539345549826976,2,A
medmcqa,415,c6f01b71-fe30-41d3-8680-5d08d0b7dd15,qwen3-8b,2,0,False,0.15388165999320336,2,C
medmcqa,416,c6f01b71-fe30-41d3-8680-5d08d0b7dd15,qwen3-8b,0,0,True,0.16974234802182764,2,A
medmcqa,417,c6f01b71-fe30-41d3-8680-5d08d0b7dd15,qwen3-8b,2,2,True,0.15446511001209728,2,C
medmcqa,418,c6f01b71-fe30-41d3-8680-5d08d0b7dd15,qwen3-8b,2,2,True,0.16935792699223384,2,C
medmcqa,419,c6f01b71-fe30-41d3-8680-5d08d0b7dd15,qwen3-8b,1,3,False,0.1580847630102653,2,B
medmcqa,420,c6f01b71-fe30-41d3-8680-5d08d0b7dd15,qwen3-8b,1,3,False,0.172328054002719,2,B
medmcqa,421,c6f01b71-fe30-41d3-8680-5d08d0b7dd15,qwen3-8b,0,3,False,0.15429982100613415,2,A
medmcqa,422,c6f01b71-fe30-41d3-8680-5d08d0b7dd15,qwen3-8b,0,1,False,0.15205428501940332,2,A
medmcqa,423,c6f01b71-fe30-41d3-8680-5d08d0b7dd15,qwen3-8b,1,3,False,0.15277791098924354,2,B
medmcqa,424,c6f01b71-fe30-41d3-8680-5d08d0b7dd15,qwen3-8b,1,2,False,0.15449053698102944,2,B
medmcqa,425,c6f01b71-fe30-41d3-8680-5d08d0b7dd15,qwen3-8b,1,2,False,0.152663364977343,2,B
medmcqa,426,c6f01b71-fe30-41d3-8680-5d08d0b7dd15,qwen3-8b,3,0,False,0.1693604750034865,2,D
medmcqa,427,c6f01b71-fe30-41d3-8680-5d08d0b7dd15,qwen3-8b,0,0,True,0.15339799301000312,2,A
medmcqa,428,c6f01b71-fe30-41d3-8680-5d08d0b7dd15,qwen3-8b,2,0,False,0.15217997899162583,2,C
medmcqa,429,c6f01b71-fe30-41d3-8680-5d08d0b7dd15,qwen3-8b,0,0,True,0.15254648600239307,2,A
medmcqa,430,c6f01b71-fe30-41d3-8680-5d08d0b7dd15,qwen3-8b,2,2,True,0.1535069190140348,2,C
medmcqa,431,c6f01b71-fe30-41d3-8680-5d08d0b7dd15,qwen3-8b,2,0,False,0.1553313950134907,2,C
medmcqa,432,c6f01b71-fe30-41d3-8680-5d08d0b7dd15,qwen3-8b,3,3,True,0.17122239898890257,2,D
medmcqa,433,c6f01b71-fe30-41d3-8680-5d08d0b7dd15,qwen3-8b,3,3,True,0.15749001497169957,2,D
medmcqa,434,c6f01b71-fe30-41d3-8680-5d08d0b7dd15,qwen3-8b,0,2,False,0.16800633299862966,2,A
medmcqa,435,c6f01b71-fe30-41d3-8680-5d08d0b7dd15,qwen3-8b,3,3,True,0.15600266499677673,2,D
medmcqa,436,c6f01b71-fe30-41d3-8680-5d08d0b7dd15,qwen3-8b,0,0,True,0.15398841400747187,2,A
medmcqa,437,c6f01b71-fe30-41d3-8680-5d08d0b7dd15,qwen3-8b,0,0,True,0.15384432399878278,2,A
medmcqa,438,c6f01b71-fe30-41d3-8680-5d08d0b7dd15,qwen3-8b,2,2,True,0.15370844799326733,2,C
medmcqa,439,c6f01b71-fe30-41d3-8680-5d08d0b7dd15,qwen3-8b,0,2,False,0.15348108601756394,2,A
medmcqa,440,c6f01b71-fe30-41d3-8680-5d08d0b7dd15,qwen3-8b,0,1,False,0.19081502899643965,2,A
medmcqa,441,c6f01b71-fe30-41d3-8680-5d08d0b7dd15,qwen3-8b,0,0,True,0.15291178901679814,2,A
medmcqa,442,c6f01b71-fe30-41d3-8680-5d08d0b7dd15,qwen3-8b,0,0,True,0.1670231580210384,2,A
medmcqa,443,c6f01b71-fe30-41d3-8680-5d08d0b7dd15,qwen3-8b,3,3,True,0.15199353400385007,2,D
medmcqa,444,c6f01b71-fe30-41d3-8680-5d08d0b7dd15,qwen3-8b,0,0,True,0.15452994999941438,2,A
medmcqa,445,c6f01b71-fe30-41d3-8680-5d08d0b7dd15,qwen3-8b,2,2,True,0.1529653779871296,2,C
medmcqa,446,c6f01b71-fe30-41d3-8680-5d08d0b7dd15,qwen3-8b,0,2,False,0.15249865900841542,2,A
medmcqa,447,c6f01b71-fe30-41d3-8680-5d08d0b7dd15,qwen3-8b,0,3,False,0.1605009909835644,2,A
medmcqa,448,c6f01b71-fe30-41d3-8680-5d08d0b7dd15,qwen3-8b,1,3,False,0.16894835399580188,2,B
medmcqa,449,c6f01b71-fe30-41d3-8680-5d08d0b7dd15,qwen3-8b,2,2,True,0.17180007198476233,2,C
medmcqa,450,c6f01b71-fe30-41d3-8680-5d08d0b7dd15,qwen3-8b,0,0,True,0.15522631400381215,2,A
medmcqa,451,c6f01b71-fe30-41d3-8680-5d08d0b7dd15,qwen3-8b,0,0,True,0.15261025397921912,2,A
medmcqa,452,c6f01b71-fe30-41d3-8680-5d08d0b7dd15,qwen3-8b,0,1,False,0.1694765849970281,2,A
medmcqa,453,c6f01b71-fe30-41d3-8680-5d08d0b7dd15,qwen3-8b,1,3,False,0.15658412702032365,2,B
medmcqa,454,c6f01b71-fe30-41d3-8680-5d08d0b7dd15,qwen3-8b,1,1,True,0.16637082901434042,2,B
medmcqa,455,c6f01b71-fe30-41d3-8680-5d08d0b7dd15,qwen3-8b,0,0,True,0.16654100600862876,2,A
medmcqa,456,c6f01b71-fe30-41d3-8680-5d08d0b7dd15,qwen3-8b,3,3,True,0.16795662499498576,2,D
medmcqa,457,c6f01b71-fe30-41d3-8680-5d08d0b7dd15,qwen3-8b,0,1,False,0.1679235530027654,2,A
medmcqa,458,c6f01b71-fe30-41d3-8680-5d08d0b7dd15,qwen3-8b,3,1,False,0.1516439580009319,2,D
medmcqa,459,c6f01b71-fe30-41d3-8680-5d08d0b7dd15,qwen3-8b,3,0,False,0.16616961199906655,2,D
medmcqa,460,c6f01b71-fe30-41d3-8680-5d08d0b7dd15,qwen3-8b,3,0,False,0.15532658400479704,2,D
medmcqa,461,c6f01b71-fe30-41d3-8680-5d08d0b7dd15,qwen3-8b,2,1,False,0.1517788199998904,2,C
medmcqa,462,c6f01b71-fe30-41d3-8680-5d08d0b7dd15,qwen3-8b,0,0,True,0.1565861509880051,2,A
medmcqa,463,c6f01b71-fe30-41d3-8680-5d08d0b7dd15,qwen3-8b,0,2,False,0.170979910006281,2,A
medmcqa,464,c6f01b71-fe30-41d3-8680-5d08d0b7dd15,qwen3-8b,0,3,False,0.16830287300399505,2,A
medmcqa,465,c6f01b71-fe30-41d3-8680-5d08d0b7dd15,qwen3-8b,1,1,True,0.1681981960136909,2,B
medmcqa,466,c6f01b71-fe30-41d3-8680-5d08d0b7dd15,qwen3-8b,0,0,True,0.15325563700753264,2,A
medmcqa,467,c6f01b71-fe30-41d3-8680-5d08d0b7dd15,qwen3-8b,0,1,False,0.15476563401171006,2,A
medmcqa,468,c6f01b71-fe30-41d3-8680-5d08d0b7dd15,qwen3-8b,0,2,False,0.15284441798576154,2,A
medmcqa,469,c6f01b71-fe30-41d3-8680-5d08d0b7dd15,qwen3-8b,0,1,False,0.1673756389936898,2,A
medmcqa,470,c6f01b71-fe30-41d3-8680-5d08d0b7dd15,qwen3-8b,2,2,True,0.15313202800462022,2,C
medmcqa,471,c6f01b71-fe30-41d3-8680-5d08d0b7dd15,qwen3-8b,3,3,True,0.15438738602097146,2,D
medmcqa,472,c6f01b71-fe30-41d3-8680-5d08d0b7dd15,qwen3-8b,0,0,True,0.1506055370264221,2,A
medmcqa,473,c6f01b71-fe30-41d3-8680-5d08d0b7dd15,qwen3-8b,0,1,False,0.17061808600556105,2,A
medmcqa,474,c6f01b71-fe30-41d3-8680-5d08d0b7dd15,qwen3-8b,0,0,True,0.16768364599556662,2,A
medmcqa,475,c6f01b71-fe30-41d3-8680-5d08d0b7dd15,qwen3-8b,0,1,False,0.1553169329999946,2,A
medmcqa,476,c6f01b71-fe30-41d3-8680-5d08d0b7dd15,qwen3-8b,0,0,True,0.15129567199619487,2,A
medmcqa,477,c6f01b71-fe30-41d3-8680-5d08d0b7dd15,qwen3-8b,1,1,True,0.1514499680197332,2,B
medmcqa,478,c6f01b71-fe30-41d3-8680-5d08d0b7dd15,qwen3-8b,0,0,True,0.17060136800864711,2,A
medmcqa,479,c6f01b71-fe30-41d3-8680-5d08d0b7dd15,qwen3-8b,3,2,False,0.15156266000121832,2,D
medmcqa,480,c6f01b71-fe30-41d3-8680-5d08d0b7dd15,qwen3-8b,2,2,True,0.15156661000219174,2,C
medmcqa,481,c6f01b71-fe30-41d3-8680-5d08d0b7dd15,qwen3-8b,1,1,True,0.1527243620075751,2,B
medmcqa,482,c6f01b71-fe30-41d3-8680-5d08d0b7dd15,qwen3-8b,1,1,True,0.15211029298370704,2,B
medmcqa,483,c6f01b71-fe30-41d3-8680-5d08d0b7dd15,qwen3-8b,2,2,True,0.15253075101645663,2,C
medmcqa,484,c6f01b71-fe30-41d3-8680-5d08d0b7dd15,qwen3-8b,2,1,False,0.16693392299930565,2,C
medmcqa,485,c6f01b71-fe30-41d3-8680-5d08d0b7dd15,qwen3-8b,0,2,False,0.15226403600536287,2,A
medmcqa,486,c6f01b71-fe30-41d3-8680-5d08d0b7dd15,qwen3-8b,0,0,True,0.15301434800494462,2,A
medmcqa,487,c6f01b71-fe30-41d3-8680-5d08d0b7dd15,qwen3-8b,3,3,True,0.15044178598327562,2,D
medmcqa,488,c6f01b71-fe30-41d3-8680-5d08d0b7dd15,qwen3-8b,2,2,True,0.19228510902030393,2,C
medmcqa,489,c6f01b71-fe30-41d3-8680-5d08d0b7dd15,qwen3-8b,0,0,True,0.15237357199657708,2,A
medmcqa,490,c6f01b71-fe30-41d3-8680-5d08d0b7dd15,qwen3-8b,0,0,True,0.15348138901754282,2,A
medmcqa,491,c6f01b71-fe30-41d3-8680-5d08d0b7dd15,qwen3-8b,0,2,False,0.15742677301750518,2,A
medmcqa,492,c6f01b71-fe30-41d3-8680-5d08d0b7dd15,qwen3-8b,0,0,True,0.15190331201301888,2,A
medmcqa,493,c6f01b71-fe30-41d3-8680-5d08d0b7dd15,qwen3-8b,2,2,True,0.16948573300032876,2,C
medmcqa,494,c6f01b71-fe30-41d3-8680-5d08d0b7dd15,qwen3-8b,2,2,True,0.1532823260058649,2,C
medmcqa,495,c6f01b71-fe30-41d3-8680-5d08d0b7dd15,qwen3-8b,1,2,False,0.15236568701220676,2,B
medmcqa,496,c6f01b71-fe30-41d3-8680-5d08d0b7dd15,qwen3-8b,0,1,False,0.15426861398736946,2,A
medmcqa,497,c6f01b71-fe30-41d3-8680-5d08d0b7dd15,qwen3-8b,0,3,False,0.1523237699875608,2,A
medmcqa,498,c6f01b71-fe30-41d3-8680-5d08d0b7dd15,qwen3-8b,0,1,False,0.1691915619885549,2,A
medmcqa,499,c6f01b71-fe30-41d3-8680-5d08d0b7dd15,qwen3-8b,1,1,True,0.1528885060106404,2,B
medmcqa,500,c6f01b71-fe30-41d3-8680-5d08d0b7dd15,qwen3-8b,0,0,True,0.15672317001735792,2,A
medmcqa,501,c6f01b71-fe30-41d3-8680-5d08d0b7dd15,qwen3-8b,3,3,True,0.16612487100064754,2,D
medmcqa,502,c6f01b71-fe30-41d3-8680-5d08d0b7dd15,qwen3-8b,3,3,True,0.15496842199354433,2,D
medmcqa,503,c6f01b71-fe30-41d3-8680-5d08d0b7dd15,qwen3-8b,2,1,False,0.15177339801448397,2,C
medmcqa,504,c6f01b71-fe30-41d3-8680-5d08d0b7dd15,qwen3-8b,0,2,False,0.1525492189975921,2,A
medmcqa,505,c6f01b71-fe30-41d3-8680-5d08d0b7dd15,qwen3-8b,0,0,True,0.1677161119878292,2,A
medmcqa,506,c6f01b71-fe30-41d3-8680-5d08d0b7dd15,qwen3-8b,0,1,False,0.15444782801205292,2,A
medmcqa,507,c6f01b71-fe30-41d3-8680-5d08d0b7dd15,qwen3-8b,1,2,False,0.1525608099764213,2,B
medmcqa,508,c6f01b71-fe30-41d3-8680-5d08d0b7dd15,qwen3-8b,1,3,False,0.1669040090055205,2,B
medmcqa,509,c6f01b71-fe30-41d3-8680-5d08d0b7dd15,qwen3-8b,1,1,True,0.1667391230002977,2,B
medmcqa,510,c6f01b71-fe30-41d3-8680-5d08d0b7dd15,qwen3-8b,0,0,True,0.1518183700100053,2,A
medmcqa,511,c6f01b71-fe30-41d3-8680-5d08d0b7dd15,qwen3-8b,0,0,True,0.15308059501694515,2,A
medmcqa,512,c6f01b71-fe30-41d3-8680-5d08d0b7dd15,qwen3-8b,1,0,False,0.1516312140156515,2,B
medmcqa,513,c6f01b71-fe30-41d3-8680-5d08d0b7dd15,qwen3-8b,3,3,True,0.15606484599993564,2,D
medmcqa,514,c6f01b71-fe30-41d3-8680-5d08d0b7dd15,qwen3-8b,0,1,False,0.1668508919829037,2,A
medmcqa,515,c6f01b71-fe30-41d3-8680-5d08d0b7dd15,qwen3-8b,2,2,True,0.1531742219813168,2,C
medmcqa,516,c6f01b71-fe30-41d3-8680-5d08d0b7dd15,qwen3-8b,3,3,True,0.15199389299959876,2,D
medmcqa,517,c6f01b71-fe30-41d3-8680-5d08d0b7dd15,qwen3-8b,0,0,True,0.15297633898444474,2,A
medmcqa,518,c6f01b71-fe30-41d3-8680-5d08d0b7dd15,qwen3-8b,2,3,False,0.1679613779997453,2,C
medmcqa,519,c6f01b71-fe30-41d3-8680-5d08d0b7dd15,qwen3-8b,2,0,False,0.151612715999363,2,C
medmcqa,520,c6f01b71-fe30-41d3-8680-5d08d0b7dd15,qwen3-8b,0,3,False,0.16834567798650824,2,A
medmcqa,521,c6f01b71-fe30-41d3-8680-5d08d0b7dd15,qwen3-8b,0,0,True,0.17032810699311085,2,A
medmcqa,522,c6f01b71-fe30-41d3-8680-5d08d0b7dd15,qwen3-8b,2,2,True,0.17126147798262537,2,C
medmcqa,523,c6f01b71-fe30-41d3-8680-5d08d0b7dd15,qwen3-8b,0,3,False,0.1516309390135575,2,A
medmcqa,524,c6f01b71-fe30-41d3-8680-5d08d0b7dd15,qwen3-8b,0,0,True,0.15274088000296615,2,A
medmcqa,525,c6f01b71-fe30-41d3-8680-5d08d0b7dd15,qwen3-8b,0,0,True,0.16646648000460118,2,A
medmcqa,526,c6f01b71-fe30-41d3-8680-5d08d0b7dd15,qwen3-8b,1,0,False,0.15256476899958216,2,B
medmcqa,527,c6f01b71-fe30-41d3-8680-5d08d0b7dd15,qwen3-8b,1,0,False,0.15257434899103828,2,B
medmcqa,528,c6f01b71-fe30-41d3-8680-5d08d0b7dd15,qwen3-8b,1,0,False,0.15113884399761446,2,B
medmcqa,529,c6f01b71-fe30-41d3-8680-5d08d0b7dd15,qwen3-8b,0,3,False,0.1561659459839575,2,A
medmcqa,530,c6f01b71-fe30-41d3-8680-5d08d0b7dd15,qwen3-8b,0,1,False,0.15352108600200154,2,A
medmcqa,531,c6f01b71-fe30-41d3-8680-5d08d0b7dd15,qwen3-8b,0,0,True,0.16627718700328842,2,A
medmcqa,532,c6f01b71-fe30-41d3-8680-5d08d0b7dd15,qwen3-8b,2,2,True,0.15336839301744476,2,C
medmcqa,533,c6f01b71-fe30-41d3-8680-5d08d0b7dd15,qwen3-8b,1,0,False,0.15205545298522338,2,B
medmcqa,534,c6f01b71-fe30-41d3-8680-5d08d0b7dd15,qwen3-8b,2,1,False,0.16782560001593083,2,C
medmcqa,535,c6f01b71-fe30-41d3-8680-5d08d0b7dd15,qwen3-8b,3,3,True,0.15228302800096571,2,D
medmcqa,536,c6f01b71-fe30-41d3-8680-5d08d0b7dd15,qwen3-8b,1,1,True,0.15793672599829733,2,B
medmcqa,537,c6f01b71-fe30-41d3-8680-5d08d0b7dd15,qwen3-8b,2,2,True,0.15163017599843442,2,C
medmcqa,538,c6f01b71-fe30-41d3-8680-5d08d0b7dd15,qwen3-8b,0,0,True,0.15338551701279357,2,A
medmcqa,539,c6f01b71-fe30-41d3-8680-5d08d0b7dd15,qwen3-8b,1,1,True,0.19832349798525684,2,B
medmcqa,540,c6f01b71-fe30-41d3-8680-5d08d0b7dd15,qwen3-8b,1,1,True,0.16783628897974268,2,B
medmcqa,541,c6f01b71-fe30-41d3-8680-5d08d0b7dd15,qwen3-8b,0,1,False,0.1515719270100817,2,A
medmcqa,542,c6f01b71-fe30-41d3-8680-5d08d0b7dd15,qwen3-8b,2,3,False,0.15503705499577336,2,C
medmcqa,543,c6f01b71-fe30-41d3-8680-5d08d0b7dd15,qwen3-8b,1,1,True,0.15122337301727384,2,B
medmcqa,544,c6f01b71-fe30-41d3-8680-5d08d0b7dd15,qwen3-8b,0,0,True,0.15583299900754355,2,A
medmcqa,545,c6f01b71-fe30-41d3-8680-5d08d0b7dd15,qwen3-8b,2,2,True,0.1507568389934022,2,C
medmcqa,546,c6f01b71-fe30-41d3-8680-5d08d0b7dd15,qwen3-8b,2,3,False,0.1515941169927828,2,C
medmcqa,547,c6f01b71-fe30-41d3-8680-5d08d0b7dd15,qwen3-8b,0,0,True,0.15192631000536494,2,A
medmcqa,548,c6f01b71-fe30-41d3-8680-5d08d0b7dd15,qwen3-8b,2,2,True,0.15217893000226468,2,C
medmcqa,549,c6f01b71-fe30-41d3-8680-5d08d0b7dd15,qwen3-8b,0,1,False,0.15220925700850785,2,A
medmcqa,550,c6f01b71-fe30-41d3-8680-5d08d0b7dd15,qwen3-8b,1,1,True,0.15377666399581358,2,B
medmcqa,551,c6f01b71-fe30-41d3-8680-5d08d0b7dd15,qwen3-8b,3,3,True,0.15479450800921768,2,D
medmcqa,552,c6f01b71-fe30-41d3-8680-5d08d0b7dd15,qwen3-8b,0,3,False,0.15420855599222705,2,A
medmcqa,553,c6f01b71-fe30-41d3-8680-5d08d0b7dd15,qwen3-8b,3,3,True,0.15425280699855648,2,D
medmcqa,554,c6f01b71-fe30-41d3-8680-5d08d0b7dd15,qwen3-8b,3,3,True,0.15356320500723086,2,D
medmcqa,555,c6f01b71-fe30-41d3-8680-5d08d0b7dd15,qwen3-8b,1,0,False,0.1531018520181533,2,B
medmcqa,556,c6f01b71-fe30-41d3-8680-5d08d0b7dd15,qwen3-8b,1,1,True,0.15279094901052304,2,B
medmcqa,557,c6f01b71-fe30-41d3-8680-5d08d0b7dd15,qwen3-8b,1,1,True,0.16817616199841723,2,B
medmcqa,558,c6f01b71-fe30-41d3-8680-5d08d0b7dd15,qwen3-8b,0,3,False,0.1520112089929171,2,A
medmcqa,559,c6f01b71-fe30-41d3-8680-5d08d0b7dd15,qwen3-8b,2,0,False,0.15349112800322473,2,C
medmcqa,560,c6f01b71-fe30-41d3-8680-5d08d0b7dd15,qwen3-8b,1,1,True,0.15212893899297342,2,B
medmcqa,561,c6f01b71-fe30-41d3-8680-5d08d0b7dd15,qwen3-8b,0,3,False,0.15358239799388684,2,A
medmcqa,562,c6f01b71-fe30-41d3-8680-5d08d0b7dd15,qwen3-8b,2,1,False,0.15143262001220137,2,C
medmcqa,563,c6f01b71-fe30-41d3-8680-5d08d0b7dd15,qwen3-8b,0,0,True,0.1513472369988449,2,A
medmcqa,564,c6f01b71-fe30-41d3-8680-5d08d0b7dd15,qwen3-8b,0,0,True,0.15520503401057795,2,A
medmcqa,565,c6f01b71-fe30-41d3-8680-5d08d0b7dd15,qwen3-8b,0,0,True,0.19625798499328084,2,A
medmcqa,566,c6f01b71-fe30-41d3-8680-5d08d0b7dd15,qwen3-8b,0,3,False,0.19246623499202542,2,A
medmcqa,567,c6f01b71-fe30-41d3-8680-5d08d0b7dd15,qwen3-8b,0,0,True,0.17576528299832717,2,A
medmcqa,568,c6f01b71-fe30-41d3-8680-5d08d0b7dd15,qwen3-8b,0,0,True,0.19683604998863302,2,A
medmcqa,569,c6f01b71-fe30-41d3-8680-5d08d0b7dd15,qwen3-8b,3,3,True,0.20049991499399766,2,D
medmcqa,570,c6f01b71-fe30-41d3-8680-5d08d0b7dd15,qwen3-8b,0,0,True,0.19407672400120646,2,A
medmcqa,571,c6f01b71-fe30-41d3-8680-5d08d0b7dd15,qwen3-8b,0,0,True,0.18541672799619846,2,A
medmcqa,572,c6f01b71-fe30-41d3-8680-5d08d0b7dd15,qwen3-8b,1,1,True,0.19193250499665737,2,B
medmcqa,573,c6f01b71-fe30-41d3-8680-5d08d0b7dd15,qwen3-8b,2,2,True,0.18769446201622486,2,C
medmcqa,574,c6f01b71-fe30-41d3-8680-5d08d0b7dd15,qwen3-8b,0,2,False,0.18402756701107137,2,A
medmcqa,575,c6f01b71-fe30-41d3-8680-5d08d0b7dd15,qwen3-8b,0,0,True,0.1916782040207181,2,A
medmcqa,576,c6f01b71-fe30-41d3-8680-5d08d0b7dd15,qwen3-8b,1,1,True,0.20307785700424574,2,B
medmcqa,577,c6f01b71-fe30-41d3-8680-5d08d0b7dd15,qwen3-8b,0,0,True,0.22967058201902546,2,A
medmcqa,578,c6f01b71-fe30-41d3-8680-5d08d0b7dd15,qwen3-8b,0,0,True,0.18679292500019073,2,A
medmcqa,579,c6f01b71-fe30-41d3-8680-5d08d0b7dd15,qwen3-8b,1,0,False,0.17775684798834845,2,B
medmcqa,580,c6f01b71-fe30-41d3-8680-5d08d0b7dd15,qwen3-8b,1,1,True,0.1678738680202514,2,B
medmcqa,581,c6f01b71-fe30-41d3-8680-5d08d0b7dd15,qwen3-8b,2,2,True,0.15595377801219001,2,C
medmcqa,582,c6f01b71-fe30-41d3-8680-5d08d0b7dd15,qwen3-8b,2,2,True,0.20553382401703857,2,C
medmcqa,583,c6f01b71-fe30-41d3-8680-5d08d0b7dd15,qwen3-8b,0,0,True,0.1684001540124882,2,A
medmcqa,584,c6f01b71-fe30-41d3-8680-5d08d0b7dd15,qwen3-8b,1,1,True,0.17144421499688178,2,B
medmcqa,585,c6f01b71-fe30-41d3-8680-5d08d0b7dd15,qwen3-8b,2,2,True,0.19571550699765794,2,C
medmcqa,586,c6f01b71-fe30-41d3-8680-5d08d0b7dd15,qwen3-8b,1,0,False,0.16995845799101517,2,B
medmcqa,587,c6f01b71-fe30-41d3-8680-5d08d0b7dd15,qwen3-8b,1,0,False,0.16707484499784186,2,B
medmcqa,588,c6f01b71-fe30-41d3-8680-5d08d0b7dd15,qwen3-8b,1,0,False,0.18088794298819266,2,B
medmcqa,589,c6f01b71-fe30-41d3-8680-5d08d0b7dd15,qwen3-8b,1,1,True,0.1893309360020794,2,B
medmcqa,590,c6f01b71-fe30-41d3-8680-5d08d0b7dd15,qwen3-8b,0,3,False,0.20593550099874847,2,A
medmcqa,591,c6f01b71-fe30-41d3-8680-5d08d0b7dd15,qwen3-8b,2,2,True,0.17401765601243824,2,C
medmcqa,592,c6f01b71-fe30-41d3-8680-5d08d0b7dd15,qwen3-8b,0,1,False,0.15673012501792982,2,A
medmcqa,593,c6f01b71-fe30-41d3-8680-5d08d0b7dd15,qwen3-8b,1,1,True,0.18655700000817887,2,B
medmcqa,594,c6f01b71-fe30-41d3-8680-5d08d0b7dd15,qwen3-8b,2,2,True,0.20624994501122274,2,C
medmcqa,595,c6f01b71-fe30-41d3-8680-5d08d0b7dd15,qwen3-8b,3,2,False,0.18910959200002253,2,D
medmcqa,596,c6f01b71-fe30-41d3-8680-5d08d0b7dd15,qwen3-8b,0,0,True,0.17825360602000728,2,A
medmcqa,597,c6f01b71-fe30-41d3-8680-5d08d0b7dd15,qwen3-8b,0,2,False,0.20399742198060267,2,A
medmcqa,598,c6f01b71-fe30-41d3-8680-5d08d0b7dd15,qwen3-8b,0,0,True,0.18586413501179777,2,A
medmcqa,599,c6f01b71-fe30-41d3-8680-5d08d0b7dd15,qwen3-8b,3,3,True,0.18594560198835097,2,D
medmcqa,600,c6f01b71-fe30-41d3-8680-5d08d0b7dd15,qwen3-8b,1,1,True,0.1924167760007549,2,B
medmcqa,601,c6f01b71-fe30-41d3-8680-5d08d0b7dd15,qwen3-8b,0,0,True,0.19074559002183378,2,A
medmcqa,602,c6f01b71-fe30-41d3-8680-5d08d0b7dd15,qwen3-8b,1,1,True,0.20508868602337316,2,B
medmcqa,603,c6f01b71-fe30-41d3-8680-5d08d0b7dd15,qwen3-8b,3,3,True,0.19071388599695638,2,D
medmcqa,604,c6f01b71-fe30-41d3-8680-5d08d0b7dd15,qwen3-8b,3,3,True,0.18995132102281787,2,D
medmcqa,605,c6f01b71-fe30-41d3-8680-5d08d0b7dd15,qwen3-8b,2,3,False,0.22448515699943528,2,C
medmcqa,606,c6f01b71-fe30-41d3-8680-5d08d0b7dd15,qwen3-8b,2,2,True,0.19191292198956944,2,C
medmcqa,607,c6f01b71-fe30-41d3-8680-5d08d0b7dd15,qwen3-8b,0,0,True,0.18634027300868183,2,A
medmcqa,608,c6f01b71-fe30-41d3-8680-5d08d0b7dd15,qwen3-8b,0,0,True,0.18553872499614954,2,A
medmcqa,609,c6f01b71-fe30-41d3-8680-5d08d0b7dd15,qwen3-8b,3,3,True,0.1888021359918639,2,D
medmcqa,610,c6f01b71-fe30-41d3-8680-5d08d0b7dd15,qwen3-8b,0,1,False,0.18618198900367133,2,A
medmcqa,611,c6f01b71-fe30-41d3-8680-5d08d0b7dd15,qwen3-8b,3,3,True,0.18610257099498995,2,D
medmcqa,612,c6f01b71-fe30-41d3-8680-5d08d0b7dd15,qwen3-8b,0,0,True,0.15226397098740563,2,A
medmcqa,613,c6f01b71-fe30-41d3-8680-5d08d0b7dd15,qwen3-8b,0,1,False,0.15201478500966914,2,A
medmcqa,614,c6f01b71-fe30-41d3-8680-5d08d0b7dd15,qwen3-8b,0,0,True,0.1938195409893524,2,A
medmcqa,615,c6f01b71-fe30-41d3-8680-5d08d0b7dd15,qwen3-8b,1,1,True,0.17185356101254,2,B
medmcqa,616,c6f01b71-fe30-41d3-8680-5d08d0b7dd15,qwen3-8b,1,1,True,0.20332040399080142,2,B
medmcqa,617,c6f01b71-fe30-41d3-8680-5d08d0b7dd15,qwen3-8b,2,2,True,0.17179861399927177,2,C
medmcqa,618,c6f01b71-fe30-41d3-8680-5d08d0b7dd15,qwen3-8b,2,2,True,0.1809116629883647,2,C
medmcqa,619,c6f01b71-fe30-41d3-8680-5d08d0b7dd15,qwen3-8b,0,0,True,0.17169480299344286,2,A
medmcqa,620,c6f01b71-fe30-41d3-8680-5d08d0b7dd15,qwen3-8b,0,3,False,0.1519617370213382,2,A
medmcqa,621,c6f01b71-fe30-41d3-8680-5d08d0b7dd15,qwen3-8b,2,1,False,0.1516994270205032,2,C
medmcqa,622,c6f01b71-fe30-41d3-8680-5d08d0b7dd15,qwen3-8b,0,0,True,0.16395076498156413,2,A
medmcqa,623,c6f01b71-fe30-41d3-8680-5d08d0b7dd15,qwen3-8b,0,0,True,0.16905274899909273,2,A
medmcqa,624,c6f01b71-fe30-41d3-8680-5d08d0b7dd15,qwen3-8b,1,3,False,0.18244542900356464,2,B
medmcqa,625,c6f01b71-fe30-41d3-8680-5d08d0b7dd15,qwen3-8b,1,2,False,0.18257850498775952,2,B
medmcqa,626,c6f01b71-fe30-41d3-8680-5d08d0b7dd15,qwen3-8b,3,3,True,0.1919622459972743,2,D
medmcqa,627,c6f01b71-fe30-41d3-8680-5d08d0b7dd15,qwen3-8b,0,1,False,0.17015305199311115,2,A
medmcqa,628,c6f01b71-fe30-41d3-8680-5d08d0b7dd15,qwen3-8b,0,0,True,0.15299744199728593,2,A
medmcqa,629,c6f01b71-fe30-41d3-8680-5d08d0b7dd15,qwen3-8b,2,2,True,0.16684022001572885,2,C
medmcqa,630,c6f01b71-fe30-41d3-8680-5d08d0b7dd15,qwen3-8b,1,1,True,0.15986965797492303,2,B
medmcqa,631,c6f01b71-fe30-41d3-8680-5d08d0b7dd15,qwen3-8b,0,2,False,0.15611467900453135,2,A
medmcqa,632,c6f01b71-fe30-41d3-8680-5d08d0b7dd15,qwen3-8b,2,2,True,0.1790096659970004,2,C
medmcqa,633,c6f01b71-fe30-41d3-8680-5d08d0b7dd15,qwen3-8b,1,0,False,0.17182464498910122,2,B
medmcqa,634,c6f01b71-fe30-41d3-8680-5d08d0b7dd15,qwen3-8b,0,1,False,0.16775640597916208,2,A
medmcqa,635,c6f01b71-fe30-41d3-8680-5d08d0b7dd15,qwen3-8b,0,0,True,0.16925327401258983,2,A
medmcqa,636,c6f01b71-fe30-41d3-8680-5d08d0b7dd15,qwen3-8b,2,2,True,0.16951641999185085,2,C
medmcqa,637,c6f01b71-fe30-41d3-8680-5d08d0b7dd15,qwen3-8b,2,0,False,0.1889724259963259,2,C
medmcqa,638,c6f01b71-fe30-41d3-8680-5d08d0b7dd15,qwen3-8b,1,1,True,0.20310871399124153,2,B
medmcqa,639,c6f01b71-fe30-41d3-8680-5d08d0b7dd15,qwen3-8b,3,1,False,0.2054367810196709,2,D
medmcqa,640,c6f01b71-fe30-41d3-8680-5d08d0b7dd15,qwen3-8b,1,1,True,0.18124372398597188,2,B
medmcqa,641,c6f01b71-fe30-41d3-8680-5d08d0b7dd15,qwen3-8b,0,2,False,0.15372937999200076,2,A
medmcqa,642,c6f01b71-fe30-41d3-8680-5d08d0b7dd15,qwen3-8b,0,0,True,0.15351684400229715,2,A
medmcqa,643,c6f01b71-fe30-41d3-8680-5d08d0b7dd15,qwen3-8b,0,1,False,0.18661443298333324,2,A
medmcqa,644,c6f01b71-fe30-41d3-8680-5d08d0b7dd15,qwen3-8b,0,0,True,0.1945485460164491,2,A
medmcqa,645,c6f01b71-fe30-41d3-8680-5d08d0b7dd15,qwen3-8b,0,0,True,0.18854010698851198,2,A
medmcqa,646,c6f01b71-fe30-41d3-8680-5d08d0b7dd15,qwen3-8b,0,3,False,0.19256596599007025,2,A
medmcqa,647,c6f01b71-fe30-41d3-8680-5d08d0b7dd15,qwen3-8b,0,0,True,0.18833769799675792,2,A
medmcqa,648,c6f01b71-fe30-41d3-8680-5d08d0b7dd15,qwen3-8b,2,2,True,0.18098513799486682,2,C
medmcqa,649,c6f01b71-fe30-41d3-8680-5d08d0b7dd15,qwen3-8b,2,1,False,0.18416637799236923,2,C
medmcqa,650,c6f01b71-fe30-41d3-8680-5d08d0b7dd15,qwen3-8b,3,3,True,0.19301166801596992,2,D
medmcqa,651,c6f01b71-fe30-41d3-8680-5d08d0b7dd15,qwen3-8b,2,1,False,0.1857069079997018,2,C
medmcqa,652,c6f01b71-fe30-41d3-8680-5d08d0b7dd15,qwen3-8b,2,3,False,0.19201604701811448,2,C
medmcqa,653,c6f01b71-fe30-41d3-8680-5d08d0b7dd15,qwen3-8b,1,1,True,0.18846394700813107,2,B
medmcqa,654,c6f01b71-fe30-41d3-8680-5d08d0b7dd15,qwen3-8b,2,2,True,0.19326627199188806,2,C
medmcqa,655,c6f01b71-fe30-41d3-8680-5d08d0b7dd15,qwen3-8b,1,2,False,0.18732103300862946,2,B
medmcqa,656,c6f01b71-fe30-41d3-8680-5d08d0b7dd15,qwen3-8b,1,1,True,0.17391421299544163,2,B
medmcqa,657,c6f01b71-fe30-41d3-8680-5d08d0b7dd15,qwen3-8b,1,0,False,0.1829914900008589,2,B
medmcqa,658,c6f01b71-fe30-41d3-8680-5d08d0b7dd15,qwen3-8b,3,1,False,0.2004676389915403,2,D
medmcqa,659,c6f01b71-fe30-41d3-8680-5d08d0b7dd15,qwen3-8b,2,0,False,0.1895433189929463,2,C
medmcqa,660,c6f01b71-fe30-41d3-8680-5d08d0b7dd15,qwen3-8b,1,0,False,0.18766214299830608,2,B
medmcqa,661,c6f01b71-fe30-41d3-8680-5d08d0b7dd15,qwen3-8b,1,1,True,0.18172949299332686,2,B
medmcqa,662,c6f01b71-fe30-41d3-8680-5d08d0b7dd15,qwen3-8b,1,0,False,0.2021851500030607,2,B
medmcqa,663,c6f01b71-fe30-41d3-8680-5d08d0b7dd15,qwen3-8b,0,0,True,0.18588825000915676,2,A
medmcqa,664,c6f01b71-fe30-41d3-8680-5d08d0b7dd15,qwen3-8b,3,3,True,0.17383102601161227,2,D
medmcqa,665,c6f01b71-fe30-41d3-8680-5d08d0b7dd15,qwen3-8b,1,3,False,0.17313020999426953,2,B
medmcqa,666,c6f01b71-fe30-41d3-8680-5d08d0b7dd15,qwen3-8b,0,0,True,0.18890111899236217,2,A
medmcqa,667,c6f01b71-fe30-41d3-8680-5d08d0b7dd15,qwen3-8b,3,3,True,0.17820897698402405,2,D
medmcqa,668,c6f01b71-fe30-41d3-8680-5d08d0b7dd15,qwen3-8b,1,1,True,0.18701510998653248,2,B
medmcqa,669,c6f01b71-fe30-41d3-8680-5d08d0b7dd15,qwen3-8b,3,2,False,0.19024345898651518,2,D
medmcqa,670,c6f01b71-fe30-41d3-8680-5d08d0b7dd15,qwen3-8b,3,0,False,0.19014763800078072,2,D
medmcqa,671,c6f01b71-fe30-41d3-8680-5d08d0b7dd15,qwen3-8b,3,0,False,0.18116338399704546,2,D
medmcqa,672,c6f01b71-fe30-41d3-8680-5d08d0b7dd15,qwen3-8b,1,3,False,0.17158430500421673,2,B
medmcqa,673,c6f01b71-fe30-41d3-8680-5d08d0b7dd15,qwen3-8b,3,3,True,0.16989494301378727,2,D
medmcqa,674,c6f01b71-fe30-41d3-8680-5d08d0b7dd15,qwen3-8b,0,3,False,0.15099908100091852,2,A
medmcqa,675,c6f01b71-fe30-41d3-8680-5d08d0b7dd15,qwen3-8b,1,1,True,0.1651669849816244,2,B
medmcqa,676,c6f01b71-fe30-41d3-8680-5d08d0b7dd15,qwen3-8b,0,0,True,0.1864456600160338,2,A
medmcqa,677,c6f01b71-fe30-41d3-8680-5d08d0b7dd15,qwen3-8b,1,1,True,0.15258036000886932,2,B
medmcqa,678,c6f01b71-fe30-41d3-8680-5d08d0b7dd15,qwen3-8b,1,0,False,0.1861487069982104,2,B
medmcqa,679,c6f01b71-fe30-41d3-8680-5d08d0b7dd15,qwen3-8b,1,1,True,0.18925017098081298,2,B
medmcqa,680,c6f01b71-fe30-41d3-8680-5d08d0b7dd15,qwen3-8b,3,3,True,0.16045361600117758,2,D
medmcqa,681,c6f01b71-fe30-41d3-8680-5d08d0b7dd15,qwen3-8b,2,2,True,0.18576862299232744,2,C
medmcqa,682,c6f01b71-fe30-41d3-8680-5d08d0b7dd15,qwen3-8b,0,1,False,0.17670050999731757,2,A
medmcqa,683,c6f01b71-fe30-41d3-8680-5d08d0b7dd15,qwen3-8b,3,1,False,0.15191176798543893,2,D
medmcqa,684,c6f01b71-fe30-41d3-8680-5d08d0b7dd15,qwen3-8b,3,3,True,0.15679696001461707,2,D
medmcqa,685,c6f01b71-fe30-41d3-8680-5d08d0b7dd15,qwen3-8b,3,1,False,0.17678430798696354,2,D
medmcqa,686,c6f01b71-fe30-41d3-8680-5d08d0b7dd15,qwen3-8b,0,0,True,0.152895110019017,2,A
medmcqa,687,c6f01b71-fe30-41d3-8680-5d08d0b7dd15,qwen3-8b,3,3,True,0.1787697859981563,2,D
medmcqa,688,c6f01b71-fe30-41d3-8680-5d08d0b7dd15,qwen3-8b,3,3,True,0.18549224399612285,2,D
medmcqa,689,c6f01b71-fe30-41d3-8680-5d08d0b7dd15,qwen3-8b,2,3,False,0.1988290729932487,2,C
medmcqa,690,c6f01b71-fe30-41d3-8680-5d08d0b7dd15,qwen3-8b,2,1,False,0.1812840180064086,2,C
medmcqa,691,c6f01b71-fe30-41d3-8680-5d08d0b7dd15,qwen3-8b,2,2,True,0.18227931301225908,2,C
medmcqa,692,c6f01b71-fe30-41d3-8680-5d08d0b7dd15,qwen3-8b,3,3,True,0.1992672340129502,2,D
medmcqa,693,c6f01b71-fe30-41d3-8680-5d08d0b7dd15,qwen3-8b,1,1,True,0.21374568197643384,2,B
medmcqa,694,c6f01b71-fe30-41d3-8680-5d08d0b7dd15,qwen3-8b,3,3,True,0.18790090398397297,2,D
medmcqa,695,c6f01b71-fe30-41d3-8680-5d08d0b7dd15,qwen3-8b,1,0,False,0.18377171098836698,2,B
medmcqa,696,c6f01b71-fe30-41d3-8680-5d08d0b7dd15,qwen3-8b,0,0,True,0.20437498998944648,2,A
medmcqa,697,c6f01b71-fe30-41d3-8680-5d08d0b7dd15,qwen3-8b,2,2,True,0.19063144701067358,2,C
medmcqa,698,c6f01b71-fe30-41d3-8680-5d08d0b7dd15,qwen3-8b,2,0,False,0.16923142698942684,2,C
medmcqa,699,c6f01b71-fe30-41d3-8680-5d08d0b7dd15,qwen3-8b,2,2,True,0.15159824601141736,2,C
medmcqa,700,c6f01b71-fe30-41d3-8680-5d08d0b7dd15,qwen3-8b,0,1,False,0.1818845570087433,2,A
medmcqa,701,c6f01b71-fe30-41d3-8680-5d08d0b7dd15,qwen3-8b,0,0,True,0.192708529997617,2,A
medmcqa,702,c6f01b71-fe30-41d3-8680-5d08d0b7dd15,qwen3-8b,0,3,False,0.2045755049912259,2,A
medmcqa,703,c6f01b71-fe30-41d3-8680-5d08d0b7dd15,qwen3-8b,2,2,True,0.2020329239894636,2,C
medmcqa,704,c6f01b71-fe30-41d3-8680-5d08d0b7dd15,qwen3-8b,0,0,True,0.19527059700340033,2,A
medmcqa,705,c6f01b71-fe30-41d3-8680-5d08d0b7dd15,qwen3-8b,1,1,True,0.18989069500821643,2,B
medmcqa,706,c6f01b71-fe30-41d3-8680-5d08d0b7dd15,qwen3-8b,3,3,True,0.1717475929763168,2,D
medmcqa,707,c6f01b71-fe30-41d3-8680-5d08d0b7dd15,qwen3-8b,0,1,False,0.17558914501569234,2,A
medmcqa,708,c6f01b71-fe30-41d3-8680-5d08d0b7dd15,qwen3-8b,0,1,False,0.18751944199902937,2,A
medmcqa,709,c6f01b71-fe30-41d3-8680-5d08d0b7dd15,qwen3-8b,3,3,True,0.15434781601652503,2,D
medmcqa,710,c6f01b71-fe30-41d3-8680-5d08d0b7dd15,qwen3-8b,0,0,True,0.1855201050057076,2,A
medmcqa,711,c6f01b71-fe30-41d3-8680-5d08d0b7dd15,qwen3-8b,3,3,True,0.16590572902350686,2,D
medmcqa,712,c6f01b71-fe30-41d3-8680-5d08d0b7dd15,qwen3-8b,1,1,True,0.16018752701347694,2,B
medmcqa,713,c6f01b71-fe30-41d3-8680-5d08d0b7dd15,qwen3-8b,0,1,False,0.18629105799482204,2,A
medmcqa,714,c6f01b71-fe30-41d3-8680-5d08d0b7dd15,qwen3-8b,0,1,False,0.1979581240157131,2,A
medmcqa,715,c6f01b71-fe30-41d3-8680-5d08d0b7dd15,qwen3-8b,0,0,True,0.2025430579960812,2,A
medmcqa,716,c6f01b71-fe30-41d3-8680-5d08d0b7dd15,qwen3-8b,1,1,True,0.18337949301349,2,B
medmcqa,717,c6f01b71-fe30-41d3-8680-5d08d0b7dd15,qwen3-8b,3,3,True,0.16423732999828644,2,D
medmcqa,718,c6f01b71-fe30-41d3-8680-5d08d0b7dd15,qwen3-8b,2,0,False,0.155991161998827,2,C
medmcqa,719,c6f01b71-fe30-41d3-8680-5d08d0b7dd15,qwen3-8b,0,0,True,0.18534878501668572,2,A
medmcqa,720,c6f01b71-fe30-41d3-8680-5d08d0b7dd15,qwen3-8b,0,2,False,0.1905249519913923,2,A
medmcqa,721,c6f01b71-fe30-41d3-8680-5d08d0b7dd15,qwen3-8b,1,3,False,0.1875450760126114,2,B
medmcqa,722,c6f01b71-fe30-41d3-8680-5d08d0b7dd15,qwen3-8b,2,2,True,0.15686017400003038,2,C
medmcqa,723,c6f01b71-fe30-41d3-8680-5d08d0b7dd15,qwen3-8b,3,1,False,0.17116967801121064,2,D
medmcqa,724,c6f01b71-fe30-41d3-8680-5d08d0b7dd15,qwen3-8b,1,1,True,0.17172376200323924,2,B
medmcqa,725,c6f01b71-fe30-41d3-8680-5d08d0b7dd15,qwen3-8b,0,2,False,0.1609905590012204,2,A
medmcqa,726,c6f01b71-fe30-41d3-8680-5d08d0b7dd15,qwen3-8b,1,1,True,0.1901803989894688,2,B
medmcqa,727,c6f01b71-fe30-41d3-8680-5d08d0b7dd15,qwen3-8b,2,2,True,0.17517426700214855,2,C
medmcqa,728,c6f01b71-fe30-41d3-8680-5d08d0b7dd15,qwen3-8b,1,0,False,0.17386977799469605,2,B
medmcqa,729,c6f01b71-fe30-41d3-8680-5d08d0b7dd15,qwen3-8b,1,1,True,0.16528251898125745,2,B
medmcqa,730,c6f01b71-fe30-41d3-8680-5d08d0b7dd15,qwen3-8b,3,3,True,0.15075893100583926,2,D
medmcqa,731,c6f01b71-fe30-41d3-8680-5d08d0b7dd15,qwen3-8b,2,2,True,0.20185387201490812,2,C
medmcqa,732,c6f01b71-fe30-41d3-8680-5d08d0b7dd15,qwen3-8b,1,1,True,0.1823952850245405,2,B
medmcqa,733,c6f01b71-fe30-41d3-8680-5d08d0b7dd15,qwen3-8b,1,1,True,0.1575555280141998,2,B
medmcqa,734,c6f01b71-fe30-41d3-8680-5d08d0b7dd15,qwen3-8b,2,0,False,0.16853783899568953,2,C
medmcqa,735,c6f01b71-fe30-41d3-8680-5d08d0b7dd15,qwen3-8b,2,3,False,0.172276283003157,2,C
medmcqa,736,c6f01b71-fe30-41d3-8680-5d08d0b7dd15,qwen3-8b,2,2,True,0.17027550999773666,2,C
medmcqa,737,c6f01b71-fe30-41d3-8680-5d08d0b7dd15,qwen3-8b,0,0,True,0.1731657299969811,2,A
medmcqa,738,c6f01b71-fe30-41d3-8680-5d08d0b7dd15,qwen3-8b,1,1,True,0.17458744102623314,2,B
medmcqa,739,c6f01b71-fe30-41d3-8680-5d08d0b7dd15,qwen3-8b,2,2,True,0.1543201729946304,2,C
medmcqa,740,c6f01b71-fe30-41d3-8680-5d08d0b7dd15,qwen3-8b,0,2,False,0.17795929400017485,2,A
medmcqa,741,c6f01b71-fe30-41d3-8680-5d08d0b7dd15,qwen3-8b,0,0,True,0.1560203749977518,2,A
medmcqa,742,c6f01b71-fe30-41d3-8680-5d08d0b7dd15,qwen3-8b,0,0,True,0.17030444799456745,2,A
medmcqa,743,c6f01b71-fe30-41d3-8680-5d08d0b7dd15,qwen3-8b,2,1,False,0.15242041301098652,2,C
medmcqa,744,c6f01b71-fe30-41d3-8680-5d08d0b7dd15,qwen3-8b,0,0,True,0.15348661001189612,2,A
medmcqa,745,c6f01b71-fe30-41d3-8680-5d08d0b7dd15,qwen3-8b,2,2,True,0.1699085849977564,2,C
medmcqa,746,c6f01b71-fe30-41d3-8680-5d08d0b7dd15,qwen3-8b,1,3,False,0.1735149510204792,2,B
medmcqa,747,c6f01b71-fe30-41d3-8680-5d08d0b7dd15,qwen3-8b,0,2,False,0.16673380101565272,2,A
medmcqa,748,c6f01b71-fe30-41d3-8680-5d08d0b7dd15,qwen3-8b,0,0,True,0.17156089999480173,2,A
medmcqa,749,c6f01b71-fe30-41d3-8680-5d08d0b7dd15,qwen3-8b,3,3,True,0.17017247798503377,2,D
medmcqa,750,c6f01b71-fe30-41d3-8680-5d08d0b7dd15,qwen3-8b,1,1,True,0.17274057498434559,2,B
medmcqa,751,c6f01b71-fe30-41d3-8680-5d08d0b7dd15,qwen3-8b,0,1,False,0.1941121680138167,2,A
medmcqa,752,c6f01b71-fe30-41d3-8680-5d08d0b7dd15,qwen3-8b,0,0,True,0.1509190039942041,2,A
medmcqa,753,c6f01b71-fe30-41d3-8680-5d08d0b7dd15,qwen3-8b,2,3,False,0.170496920007281,2,C
medmcqa,754,c6f01b71-fe30-41d3-8680-5d08d0b7dd15,qwen3-8b,2,2,True,0.16652172300382517,2,C
medmcqa,755,c6f01b71-fe30-41d3-8680-5d08d0b7dd15,qwen3-8b,0,0,True,0.1871035099902656,2,A
medmcqa,756,c6f01b71-fe30-41d3-8680-5d08d0b7dd15,qwen3-8b,1,2,False,0.16394050198141485,2,B
medmcqa,757,c6f01b71-fe30-41d3-8680-5d08d0b7dd15,qwen3-8b,0,1,False,0.17806764200213365,2,A
medmcqa,758,c6f01b71-fe30-41d3-8680-5d08d0b7dd15,qwen3-8b,1,2,False,0.16955259497626685,2,B
medmcqa,759,c6f01b71-fe30-41d3-8680-5d08d0b7dd15,qwen3-8b,1,0,False,0.16411817600601353,2,B
medmcqa,760,c6f01b71-fe30-41d3-8680-5d08d0b7dd15,qwen3-8b,1,0,False,0.16929902898846194,2,B
medmcqa,761,c6f01b71-fe30-41d3-8680-5d08d0b7dd15,qwen3-8b,3,2,False,0.15316988798440434,2,D
medmcqa,762,c6f01b71-fe30-41d3-8680-5d08d0b7dd15,qwen3-8b,1,1,True,0.17256780399475247,2,B
medmcqa,763,c6f01b71-fe30-41d3-8680-5d08d0b7dd15,qwen3-8b,2,2,True,0.17151389102218673,2,C
medmcqa,764,c6f01b71-fe30-41d3-8680-5d08d0b7dd15,qwen3-8b,0,0,True,0.174799186992459,2,A
medmcqa,765,c6f01b71-fe30-41d3-8680-5d08d0b7dd15,qwen3-8b,3,3,True,0.16517992000444792,2,D
medmcqa,766,c6f01b71-fe30-41d3-8680-5d08d0b7dd15,qwen3-8b,2,2,True,0.17077564398641698,2,C
medmcqa,767,c6f01b71-fe30-41d3-8680-5d08d0b7dd15,qwen3-8b,0,0,True,0.1568872710049618,2,A
medmcqa,768,c6f01b71-fe30-41d3-8680-5d08d0b7dd15,qwen3-8b,1,1,True,0.16684454801725224,2,B
medmcqa,769,c6f01b71-fe30-41d3-8680-5d08d0b7dd15,qwen3-8b,3,0,False,0.15670872500049882,2,D
medmcqa,770,c6f01b71-fe30-41d3-8680-5d08d0b7dd15,qwen3-8b,3,0,False,0.1579431919963099,2,D
medmcqa,771,c6f01b71-fe30-41d3-8680-5d08d0b7dd15,qwen3-8b,0,0,True,0.2317837459850125,2,A
medmcqa,772,c6f01b71-fe30-41d3-8680-5d08d0b7dd15,qwen3-8b,0,0,True,0.1526098010072019,2,A
medmcqa,773,c6f01b71-fe30-41d3-8680-5d08d0b7dd15,qwen3-8b,1,1,True,0.15850207200855948,2,B
medmcqa,774,c6f01b71-fe30-41d3-8680-5d08d0b7dd15,qwen3-8b,2,2,True,0.20303846200113185,2,C
medmcqa,775,c6f01b71-fe30-41d3-8680-5d08d0b7dd15,qwen3-8b,2,2,True,0.172550889023114,2,C
medmcqa,776,c6f01b71-fe30-41d3-8680-5d08d0b7dd15,qwen3-8b,2,2,True,0.15386840800056234,2,C
medmcqa,777,c6f01b71-fe30-41d3-8680-5d08d0b7dd15,qwen3-8b,0,0,True,0.16982470999937505,2,A
medmcqa,778,c6f01b71-fe30-41d3-8680-5d08d0b7dd15,qwen3-8b,1,3,False,0.1569235989882145,2,B
medmcqa,779,c6f01b71-fe30-41d3-8680-5d08d0b7dd15,qwen3-8b,1,1,True,0.19118461798643693,2,B
medmcqa,780,c6f01b71-fe30-41d3-8680-5d08d0b7dd15,qwen3-8b,0,0,True,0.17730198299977928,2,A
medmcqa,781,c6f01b71-fe30-41d3-8680-5d08d0b7dd15,qwen3-8b,3,3,True,0.15272354599437676,2,D
medmcqa,782,c6f01b71-fe30-41d3-8680-5d08d0b7dd15,qwen3-8b,1,0,False,0.16512995801167563,2,B
medmcqa,783,c6f01b71-fe30-41d3-8680-5d08d0b7dd15,qwen3-8b,1,1,True,0.15757010897505097,2,B
medmcqa,784,c6f01b71-fe30-41d3-8680-5d08d0b7dd15,qwen3-8b,0,0,True,0.15666877100011334,2,A
medmcqa,785,c6f01b71-fe30-41d3-8680-5d08d0b7dd15,qwen3-8b,0,3,False,0.17946513299830258,2,A
medmcqa,786,c6f01b71-fe30-41d3-8680-5d08d0b7dd15,qwen3-8b,1,2,False,0.15375843801302835,2,B
medmcqa,787,c6f01b71-fe30-41d3-8680-5d08d0b7dd15,qwen3-8b,0,3,False,0.17379504002747126,2,A
medmcqa,788,c6f01b71-fe30-41d3-8680-5d08d0b7dd15,qwen3-8b,0,0,True,0.177785367006436,2,A
medmcqa,789,c6f01b71-fe30-41d3-8680-5d08d0b7dd15,qwen3-8b,2,0,False,0.15588373100035824,2,C
medmcqa,790,c6f01b71-fe30-41d3-8680-5d08d0b7dd15,qwen3-8b,0,1,False,0.1657835159858223,2,A
medmcqa,791,c6f01b71-fe30-41d3-8680-5d08d0b7dd15,qwen3-8b,2,0,False,0.15725821399246342,2,C
medmcqa,792,c6f01b71-fe30-41d3-8680-5d08d0b7dd15,qwen3-8b,3,0,False,0.15258488300605677,2,D
medmcqa,793,c6f01b71-fe30-41d3-8680-5d08d0b7dd15,qwen3-8b,0,0,True,0.15233734602225013,2,A
medmcqa,794,c6f01b71-fe30-41d3-8680-5d08d0b7dd15,qwen3-8b,3,2,False,0.16236679401481524,2,D
medmcqa,795,c6f01b71-fe30-41d3-8680-5d08d0b7dd15,qwen3-8b,0,0,True,0.15333959998679347,2,A
medmcqa,796,c6f01b71-fe30-41d3-8680-5d08d0b7dd15,qwen3-8b,0,0,True,0.19295171601697803,2,A
medmcqa,797,c6f01b71-fe30-41d3-8680-5d08d0b7dd15,qwen3-8b,2,1,False,0.15324246400268748,2,C
medmcqa,798,c6f01b71-fe30-41d3-8680-5d08d0b7dd15,qwen3-8b,1,2,False,0.171686760004377,2,B
medmcqa,799,c6f01b71-fe30-41d3-8680-5d08d0b7dd15,qwen3-8b,0,0,True,0.1515538099920377,2,A
medmcqa,800,c6f01b71-fe30-41d3-8680-5d08d0b7dd15,qwen3-8b,2,2,True,0.1715119809960015,2,C
medmcqa,801,c6f01b71-fe30-41d3-8680-5d08d0b7dd15,qwen3-8b,0,0,True,0.17523550099576823,2,A
medmcqa,802,c6f01b71-fe30-41d3-8680-5d08d0b7dd15,qwen3-8b,3,3,True,0.1529153510055039,2,D
medmcqa,803,c6f01b71-fe30-41d3-8680-5d08d0b7dd15,qwen3-8b,2,2,True,0.1608059999998659,2,C
medmcqa,804,c6f01b71-fe30-41d3-8680-5d08d0b7dd15,qwen3-8b,0,0,True,0.1532884879852645,2,A
medmcqa,805,c6f01b71-fe30-41d3-8680-5d08d0b7dd15,qwen3-8b,0,0,True,0.15417483702185564,2,A
medmcqa,806,c6f01b71-fe30-41d3-8680-5d08d0b7dd15,qwen3-8b,0,2,False,0.17653579299803823,2,A
medmcqa,807,c6f01b71-fe30-41d3-8680-5d08d0b7dd15,qwen3-8b,3,3,True,0.1741365269990638,2,D
medmcqa,808,c6f01b71-fe30-41d3-8680-5d08d0b7dd15,qwen3-8b,0,0,True,0.17009831199538894,2,A
medmcqa,809,c6f01b71-fe30-41d3-8680-5d08d0b7dd15,qwen3-8b,1,3,False,0.19167179701616988,2,B
medmcqa,810,c6f01b71-fe30-41d3-8680-5d08d0b7dd15,qwen3-8b,2,2,True,0.16800324100768194,2,C
medmcqa,811,c6f01b71-fe30-41d3-8680-5d08d0b7dd15,qwen3-8b,1,3,False,0.1743295550113544,2,B
medmcqa,812,c6f01b71-fe30-41d3-8680-5d08d0b7dd15,qwen3-8b,0,0,True,0.17699595302110538,2,A
medmcqa,813,c6f01b71-fe30-41d3-8680-5d08d0b7dd15,qwen3-8b,0,1,False,0.16128395500709303,2,A
medmcqa,814,c6f01b71-fe30-41d3-8680-5d08d0b7dd15,qwen3-8b,1,1,True,0.16670541901839897,2,B
medmcqa,815,c6f01b71-fe30-41d3-8680-5d08d0b7dd15,qwen3-8b,0,0,True,0.17563892100588419,2,A
medmcqa,816,c6f01b71-fe30-41d3-8680-5d08d0b7dd15,qwen3-8b,0,1,False,0.15312042299774475,2,A
medmcqa,817,c6f01b71-fe30-41d3-8680-5d08d0b7dd15,qwen3-8b,0,0,True,0.1565047870099079,2,A
medmcqa,818,c6f01b71-fe30-41d3-8680-5d08d0b7dd15,qwen3-8b,0,0,True,0.17883861099835485,2,A
medmcqa,819,c6f01b71-fe30-41d3-8680-5d08d0b7dd15,qwen3-8b,1,1,True,0.1787129250005819,2,B
medmcqa,820,c6f01b71-fe30-41d3-8680-5d08d0b7dd15,qwen3-8b,0,0,True,0.15242554599535652,2,A
medmcqa,821,c6f01b71-fe30-41d3-8680-5d08d0b7dd15,qwen3-8b,0,2,False,0.17635524101206101,2,A
medmcqa,822,c6f01b71-fe30-41d3-8680-5d08d0b7dd15,qwen3-8b,2,2,True,0.16907761999755166,2,C
medmcqa,823,c6f01b71-fe30-41d3-8680-5d08d0b7dd15,qwen3-8b,0,1,False,0.16426171499188058,2,A
medmcqa,824,c6f01b71-fe30-41d3-8680-5d08d0b7dd15,qwen3-8b,1,1,True,0.15589613202610053,2,B
medmcqa,825,c6f01b71-fe30-41d3-8680-5d08d0b7dd15,qwen3-8b,3,0,False,0.17483154198271222,2,D
medmcqa,826,c6f01b71-fe30-41d3-8680-5d08d0b7dd15,qwen3-8b,3,3,True,0.15587371701258235,2,D
medmcqa,827,c6f01b71-fe30-41d3-8680-5d08d0b7dd15,qwen3-8b,3,3,True,0.16851940998458304,2,D
medmcqa,828,c6f01b71-fe30-41d3-8680-5d08d0b7dd15,qwen3-8b,0,2,False,0.16806701102177612,2,A
medmcqa,829,c6f01b71-fe30-41d3-8680-5d08d0b7dd15,qwen3-8b,3,1,False,0.19025103899184614,2,D
medmcqa,830,c6f01b71-fe30-41d3-8680-5d08d0b7dd15,qwen3-8b,3,3,True,0.15903416799847037,2,D
medmcqa,831,c6f01b71-fe30-41d3-8680-5d08d0b7dd15,qwen3-8b,2,1,False,0.1696986159950029,2,C
medmcqa,832,c6f01b71-fe30-41d3-8680-5d08d0b7dd15,qwen3-8b,2,2,True,0.20372511199093424,2,C
medmcqa,833,c6f01b71-fe30-41d3-8680-5d08d0b7dd15,qwen3-8b,0,3,False,0.18914284600759856,2,A
medmcqa,834,c6f01b71-fe30-41d3-8680-5d08d0b7dd15,qwen3-8b,0,1,False,0.1651884080201853,2,A
medmcqa,835,c6f01b71-fe30-41d3-8680-5d08d0b7dd15,qwen3-8b,0,0,True,0.1801403860154096,2,A
medmcqa,836,c6f01b71-fe30-41d3-8680-5d08d0b7dd15,qwen3-8b,1,0,False,0.15326726299826987,2,B
medmcqa,837,c6f01b71-fe30-41d3-8680-5d08d0b7dd15,qwen3-8b,3,3,True,0.19841785001335666,2,D
medmcqa,838,c6f01b71-fe30-41d3-8680-5d08d0b7dd15,qwen3-8b,2,2,True,0.1656369279953651,2,C
medmcqa,839,c6f01b71-fe30-41d3-8680-5d08d0b7dd15,qwen3-8b,1,1,True,0.18906110001262277,2,B
medmcqa,840,c6f01b71-fe30-41d3-8680-5d08d0b7dd15,qwen3-8b,2,0,False,0.18331650499021634,2,C
medmcqa,841,c6f01b71-fe30-41d3-8680-5d08d0b7dd15,qwen3-8b,3,1,False,0.2043210419942625,2,D
medmcqa,842,c6f01b71-fe30-41d3-8680-5d08d0b7dd15,qwen3-8b,1,2,False,0.17617889499524608,2,B
medmcqa,843,c6f01b71-fe30-41d3-8680-5d08d0b7dd15,qwen3-8b,0,3,False,0.15617546997964382,2,A
medmcqa,844,c6f01b71-fe30-41d3-8680-5d08d0b7dd15,qwen3-8b,1,1,True,0.16461372902267613,2,B
medmcqa,845,c6f01b71-fe30-41d3-8680-5d08d0b7dd15,qwen3-8b,1,1,True,0.15567581399227493,2,B
medmcqa,846,c6f01b71-fe30-41d3-8680-5d08d0b7dd15,qwen3-8b,3,2,False,0.15277068002615124,2,D
medmcqa,847,c6f01b71-fe30-41d3-8680-5d08d0b7dd15,qwen3-8b,1,0,False,0.21459136699559167,2,B
medmcqa,848,c6f01b71-fe30-41d3-8680-5d08d0b7dd15,qwen3-8b,0,0,True,0.1516965980117675,2,A
medmcqa,849,c6f01b71-fe30-41d3-8680-5d08d0b7dd15,qwen3-8b,1,1,True,0.176461325987475,2,B
medmcqa,850,c6f01b71-fe30-41d3-8680-5d08d0b7dd15,qwen3-8b,0,2,False,0.17028230099822395,2,A
medmcqa,851,c6f01b71-fe30-41d3-8680-5d08d0b7dd15,qwen3-8b,0,0,True,0.15455342800123617,2,A
medmcqa,852,c6f01b71-fe30-41d3-8680-5d08d0b7dd15,qwen3-8b,2,2,True,0.19216075100121088,2,C
medmcqa,853,c6f01b71-fe30-41d3-8680-5d08d0b7dd15,qwen3-8b,3,1,False,0.1575770080089569,2,D
medmcqa,854,c6f01b71-fe30-41d3-8680-5d08d0b7dd15,qwen3-8b,2,3,False,0.15275719898636453,2,C
medmcqa,855,c6f01b71-fe30-41d3-8680-5d08d0b7dd15,qwen3-8b,1,2,False,0.16859311098232865,2,B
medmcqa,856,c6f01b71-fe30-41d3-8680-5d08d0b7dd15,qwen3-8b,2,2,True,0.1526753270009067,2,C
medmcqa,857,c6f01b71-fe30-41d3-8680-5d08d0b7dd15,qwen3-8b,0,0,True,0.16719568299595267,2,A
medmcqa,858,c6f01b71-fe30-41d3-8680-5d08d0b7dd15,qwen3-8b,0,0,True,0.1541678909852635,2,A
medmcqa,859,c6f01b71-fe30-41d3-8680-5d08d0b7dd15,qwen3-8b,0,0,True,0.15555352400406264,2,A
medmcqa,860,c6f01b71-fe30-41d3-8680-5d08d0b7dd15,qwen3-8b,0,3,False,0.15375193700310774,2,A
medmcqa,861,c6f01b71-fe30-41d3-8680-5d08d0b7dd15,qwen3-8b,0,0,True,0.17300543500459753,2,A
medmcqa,862,c6f01b71-fe30-41d3-8680-5d08d0b7dd15,qwen3-8b,1,2,False,0.1616150779882446,2,B
medmcqa,863,c6f01b71-fe30-41d3-8680-5d08d0b7dd15,qwen3-8b,2,0,False,0.18718323900247924,2,C
medmcqa,864,c6f01b71-fe30-41d3-8680-5d08d0b7dd15,qwen3-8b,1,1,True,0.1662535389768891,2,B
medmcqa,865,c6f01b71-fe30-41d3-8680-5d08d0b7dd15,qwen3-8b,0,0,True,0.16933476700796746,2,A
medmcqa,866,c6f01b71-fe30-41d3-8680-5d08d0b7dd15,qwen3-8b,1,3,False,0.16708375301095657,2,B
medmcqa,867,c6f01b71-fe30-41d3-8680-5d08d0b7dd15,qwen3-8b,2,2,True,0.16577937701367773,2,C
medmcqa,868,c6f01b71-fe30-41d3-8680-5d08d0b7dd15,qwen3-8b,3,2,False,0.1526861090096645,2,D
medmcqa,869,c6f01b71-fe30-41d3-8680-5d08d0b7dd15,qwen3-8b,0,2,False,0.15195852200849913,2,A
medmcqa,870,c6f01b71-fe30-41d3-8680-5d08d0b7dd15,qwen3-8b,1,1,True,0.16088899900205433,2,B
medmcqa,871,c6f01b71-fe30-41d3-8680-5d08d0b7dd15,qwen3-8b,2,1,False,0.17279147301451303,2,C
medmcqa,872,c6f01b71-fe30-41d3-8680-5d08d0b7dd15,qwen3-8b,1,0,False,0.17335592999006622,2,B
medmcqa,873,c6f01b71-fe30-41d3-8680-5d08d0b7dd15,qwen3-8b,0,0,True,0.1564625890168827,2,A
medmcqa,874,c6f01b71-fe30-41d3-8680-5d08d0b7dd15,qwen3-8b,0,3,False,0.17907579100574367,2,A
medmcqa,875,c6f01b71-fe30-41d3-8680-5d08d0b7dd15,qwen3-8b,1,0,False,0.189441430993611,2,B
medmcqa,876,c6f01b71-fe30-41d3-8680-5d08d0b7dd15,qwen3-8b,2,3,False,0.17466439498821273,2,C
medmcqa,877,c6f01b71-fe30-41d3-8680-5d08d0b7dd15,qwen3-8b,0,0,True,0.16702692600665614,2,A
medmcqa,878,c6f01b71-fe30-41d3-8680-5d08d0b7dd15,qwen3-8b,1,2,False,0.1656154909869656,2,B
medmcqa,879,c6f01b71-fe30-41d3-8680-5d08d0b7dd15,qwen3-8b,0,0,True,0.16335218600579537,2,A
medmcqa,880,c6f01b71-fe30-41d3-8680-5d08d0b7dd15,qwen3-8b,0,3,False,0.17360181899857707,2,A
medmcqa,881,c6f01b71-fe30-41d3-8680-5d08d0b7dd15,qwen3-8b,2,2,True,0.18386735298554413,2,C
medmcqa,882,c6f01b71-fe30-41d3-8680-5d08d0b7dd15,qwen3-8b,2,2,True,0.15205734298797324,2,C
medmcqa,883,c6f01b71-fe30-41d3-8680-5d08d0b7dd15,qwen3-8b,0,3,False,0.1596120600006543,2,A
medmcqa,884,c6f01b71-fe30-41d3-8680-5d08d0b7dd15,qwen3-8b,2,3,False,0.16061923798406497,2,C
medmcqa,885,c6f01b71-fe30-41d3-8680-5d08d0b7dd15,qwen3-8b,0,0,True,0.1915489810053259,2,A
medmcqa,886,c6f01b71-fe30-41d3-8680-5d08d0b7dd15,qwen3-8b,0,2,False,0.17498750699451193,2,A
medmcqa,887,c6f01b71-fe30-41d3-8680-5d08d0b7dd15,qwen3-8b,0,0,True,0.16601513398927636,2,A
medmcqa,888,c6f01b71-fe30-41d3-8680-5d08d0b7dd15,qwen3-8b,0,0,True,0.1941387380065862,2,A
medmcqa,889,c6f01b71-fe30-41d3-8680-5d08d0b7dd15,qwen3-8b,0,1,False,0.1967929889797233,2,A
medmcqa,890,c6f01b71-fe30-41d3-8680-5d08d0b7dd15,qwen3-8b,2,2,True,0.17010276499786414,2,C
medmcqa,891,c6f01b71-fe30-41d3-8680-5d08d0b7dd15,qwen3-8b,1,0,False,0.1672099379939027,2,B
medmcqa,892,c6f01b71-fe30-41d3-8680-5d08d0b7dd15,qwen3-8b,0,0,True,0.165189443010604,2,A
medmcqa,893,c6f01b71-fe30-41d3-8680-5d08d0b7dd15,qwen3-8b,3,3,True,0.17587657901458442,2,D
medmcqa,894,c6f01b71-fe30-41d3-8680-5d08d0b7dd15,qwen3-8b,0,2,False,0.18879236801876687,2,A
medmcqa,895,c6f01b71-fe30-41d3-8680-5d08d0b7dd15,qwen3-8b,2,0,False,0.15695458100526594,2,C
medmcqa,896,c6f01b71-fe30-41d3-8680-5d08d0b7dd15,qwen3-8b,1,1,True,0.1735496679903008,2,B
medmcqa,897,c6f01b71-fe30-41d3-8680-5d08d0b7dd15,qwen3-8b,0,0,True,0.16849189600907266,2,A
medmcqa,898,c6f01b71-fe30-41d3-8680-5d08d0b7dd15,qwen3-8b,1,0,False,0.1525305440009106,2,B
medmcqa,899,c6f01b71-fe30-41d3-8680-5d08d0b7dd15,qwen3-8b,0,3,False,0.160090780002065,2,A
medmcqa,900,c6f01b71-fe30-41d3-8680-5d08d0b7dd15,qwen3-8b,0,0,True,0.16271957498975098,2,A
medmcqa,901,c6f01b71-fe30-41d3-8680-5d08d0b7dd15,qwen3-8b,2,0,False,0.1689403900236357,2,C
medmcqa,902,c6f01b71-fe30-41d3-8680-5d08d0b7dd15,qwen3-8b,2,2,True,0.1696040630049538,2,C
medmcqa,903,c6f01b71-fe30-41d3-8680-5d08d0b7dd15,qwen3-8b,0,1,False,0.1531840350071434,2,A
medmcqa,904,c6f01b71-fe30-41d3-8680-5d08d0b7dd15,qwen3-8b,3,0,False,0.15801578198443167,2,D
medmcqa,905,c6f01b71-fe30-41d3-8680-5d08d0b7dd15,qwen3-8b,1,3,False,0.16213095400598831,2,B
medmcqa,906,c6f01b71-fe30-41d3-8680-5d08d0b7dd15,qwen3-8b,1,1,True,0.15739584399852902,2,B
medmcqa,907,c6f01b71-fe30-41d3-8680-5d08d0b7dd15,qwen3-8b,0,1,False,0.1940831890096888,2,A
medmcqa,908,c6f01b71-fe30-41d3-8680-5d08d0b7dd15,qwen3-8b,0,3,False,0.1855422410008032,2,A
medmcqa,909,c6f01b71-fe30-41d3-8680-5d08d0b7dd15,qwen3-8b,2,0,False,0.20098915800917894,2,C
medmcqa,910,c6f01b71-fe30-41d3-8680-5d08d0b7dd15,qwen3-8b,2,2,True,0.15332395597943105,2,C
medmcqa,911,c6f01b71-fe30-41d3-8680-5d08d0b7dd15,qwen3-8b,1,1,True,0.20518499999889173,2,B
medmcqa,912,c6f01b71-fe30-41d3-8680-5d08d0b7dd15,qwen3-8b,0,0,True,0.20747517800191417,2,A
medmcqa,913,c6f01b71-fe30-41d3-8680-5d08d0b7dd15,qwen3-8b,0,1,False,0.16853685001842678,2,A
medmcqa,914,c6f01b71-fe30-41d3-8680-5d08d0b7dd15,qwen3-8b,3,3,True,0.15299202399910428,2,D
medmcqa,915,c6f01b71-fe30-41d3-8680-5d08d0b7dd15,qwen3-8b,1,1,True,0.18466047398396768,2,B
medmcqa,916,c6f01b71-fe30-41d3-8680-5d08d0b7dd15,qwen3-8b,0,2,False,0.16834500900586136,2,A
medmcqa,917,c6f01b71-fe30-41d3-8680-5d08d0b7dd15,qwen3-8b,2,2,True,0.1800232719979249,2,C
medmcqa,918,c6f01b71-fe30-41d3-8680-5d08d0b7dd15,qwen3-8b,1,1,True,0.1790086159890052,2,B
medmcqa,919,c6f01b71-fe30-41d3-8680-5d08d0b7dd15,qwen3-8b,0,0,True,0.19309092301409692,2,A
medmcqa,920,c6f01b71-fe30-41d3-8680-5d08d0b7dd15,qwen3-8b,0,0,True,0.19219354999950156,2,A
medmcqa,921,c6f01b71-fe30-41d3-8680-5d08d0b7dd15,qwen3-8b,2,2,True,0.16613285199855454,2,C
medmcqa,922,c6f01b71-fe30-41d3-8680-5d08d0b7dd15,qwen3-8b,0,0,True,0.18685898400144652,2,A
medmcqa,923,c6f01b71-fe30-41d3-8680-5d08d0b7dd15,qwen3-8b,2,2,True,0.17684166799881496,2,C
medmcqa,924,c6f01b71-fe30-41d3-8680-5d08d0b7dd15,qwen3-8b,3,3,True,0.17361791399889626,2,D
medmcqa,925,c6f01b71-fe30-41d3-8680-5d08d0b7dd15,qwen3-8b,0,1,False,0.15438748398446478,2,A
medmcqa,926,c6f01b71-fe30-41d3-8680-5d08d0b7dd15,qwen3-8b,0,1,False,0.15756784100085497,2,A
medmcqa,927,c6f01b71-fe30-41d3-8680-5d08d0b7dd15,qwen3-8b,1,1,True,0.15433122700778767,2,B
medmcqa,928,c6f01b71-fe30-41d3-8680-5d08d0b7dd15,qwen3-8b,0,2,False,0.154190549015766,2,A
medmcqa,929,c6f01b71-fe30-41d3-8680-5d08d0b7dd15,qwen3-8b,1,0,False,0.19296469297842123,2,B
medmcqa,930,c6f01b71-fe30-41d3-8680-5d08d0b7dd15,qwen3-8b,1,0,False,0.1844768400187604,2,B
medmcqa,931,c6f01b71-fe30-41d3-8680-5d08d0b7dd15,qwen3-8b,2,0,False,0.17081256900564767,2,C
medmcqa,932,c6f01b71-fe30-41d3-8680-5d08d0b7dd15,qwen3-8b,1,1,True,0.1927968260133639,2,B
medmcqa,933,c6f01b71-fe30-41d3-8680-5d08d0b7dd15,qwen3-8b,1,0,False,0.16670323599828407,2,B
medmcqa,934,c6f01b71-fe30-41d3-8680-5d08d0b7dd15,qwen3-8b,3,2,False,0.1964467980142217,2,D
medmcqa,935,c6f01b71-fe30-41d3-8680-5d08d0b7dd15,qwen3-8b,2,2,True,0.1662309009989258,2,C
medmcqa,936,c6f01b71-fe30-41d3-8680-5d08d0b7dd15,qwen3-8b,2,0,False,0.17412952898303047,2,C
medmcqa,937,c6f01b71-fe30-41d3-8680-5d08d0b7dd15,qwen3-8b,3,1,False,0.1873401759949047,2,D
medmcqa,938,c6f01b71-fe30-41d3-8680-5d08d0b7dd15,qwen3-8b,1,0,False,0.17705949099035934,2,B
medmcqa,939,c6f01b71-fe30-41d3-8680-5d08d0b7dd15,qwen3-8b,3,0,False,0.17465427602292039,2,D
medmcqa,940,c6f01b71-fe30-41d3-8680-5d08d0b7dd15,qwen3-8b,1,0,False,0.1757473689795006,2,B
medmcqa,941,c6f01b71-fe30-41d3-8680-5d08d0b7dd15,qwen3-8b,0,1,False,0.19397928900434636,2,A
medmcqa,942,c6f01b71-fe30-41d3-8680-5d08d0b7dd15,qwen3-8b,1,1,True,0.17231200900278054,2,B
medmcqa,943,c6f01b71-fe30-41d3-8680-5d08d0b7dd15,qwen3-8b,0,2,False,0.1815104080014862,2,A
medmcqa,944,c6f01b71-fe30-41d3-8680-5d08d0b7dd15,qwen3-8b,1,0,False,0.15428349599824287,2,B
medmcqa,945,c6f01b71-fe30-41d3-8680-5d08d0b7dd15,qwen3-8b,3,1,False,0.18568523501744494,2,D
medmcqa,946,c6f01b71-fe30-41d3-8680-5d08d0b7dd15,qwen3-8b,0,1,False,0.20237007798277773,2,A
medmcqa,947,c6f01b71-fe30-41d3-8680-5d08d0b7dd15,qwen3-8b,1,0,False,0.1785828179854434,2,B
medmcqa,948,c6f01b71-fe30-41d3-8680-5d08d0b7dd15,qwen3-8b,3,1,False,0.19419632200151682,2,D
medmcqa,949,c6f01b71-fe30-41d3-8680-5d08d0b7dd15,qwen3-8b,1,1,True,0.17349336299230345,2,B
medmcqa,950,c6f01b71-fe30-41d3-8680-5d08d0b7dd15,qwen3-8b,1,1,True,0.16362625401234254,2,B
medmcqa,951,c6f01b71-fe30-41d3-8680-5d08d0b7dd15,qwen3-8b,0,0,True,0.18919599600485526,2,A
medmcqa,952,c6f01b71-fe30-41d3-8680-5d08d0b7dd15,qwen3-8b,1,1,True,0.1781202489801217,2,B
medmcqa,953,c6f01b71-fe30-41d3-8680-5d08d0b7dd15,qwen3-8b,2,3,False,0.18604142300318927,2,C
medmcqa,954,c6f01b71-fe30-41d3-8680-5d08d0b7dd15,qwen3-8b,1,2,False,0.20233772200299427,2,B
medmcqa,955,c6f01b71-fe30-41d3-8680-5d08d0b7dd15,qwen3-8b,0,1,False,0.17472328201984055,2,A
medmcqa,956,c6f01b71-fe30-41d3-8680-5d08d0b7dd15,qwen3-8b,0,1,False,0.17344923500786535,2,A
medmcqa,957,c6f01b71-fe30-41d3-8680-5d08d0b7dd15,qwen3-8b,1,1,True,0.17707195098046213,2,B
medmcqa,958,c6f01b71-fe30-41d3-8680-5d08d0b7dd15,qwen3-8b,0,1,False,0.16701195397763513,2,A
medmcqa,959,c6f01b71-fe30-41d3-8680-5d08d0b7dd15,qwen3-8b,1,2,False,0.17569404598907568,2,B
medmcqa,960,c6f01b71-fe30-41d3-8680-5d08d0b7dd15,qwen3-8b,0,1,False,0.16785026298020966,2,A
medmcqa,961,c6f01b71-fe30-41d3-8680-5d08d0b7dd15,qwen3-8b,0,2,False,0.15294641299988143,2,A
medmcqa,962,c6f01b71-fe30-41d3-8680-5d08d0b7dd15,qwen3-8b,0,1,False,0.17373387000407092,2,A
medmcqa,963,c6f01b71-fe30-41d3-8680-5d08d0b7dd15,qwen3-8b,0,0,True,0.20159770399914123,2,A
medmcqa,964,c6f01b71-fe30-41d3-8680-5d08d0b7dd15,qwen3-8b,3,3,True,0.18226436100667343,2,D
medmcqa,965,c6f01b71-fe30-41d3-8680-5d08d0b7dd15,qwen3-8b,0,2,False,0.1889957770181354,2,A
medmcqa,966,c6f01b71-fe30-41d3-8680-5d08d0b7dd15,qwen3-8b,3,0,False,0.19026672499603592,2,D
medmcqa,967,c6f01b71-fe30-41d3-8680-5d08d0b7dd15,qwen3-8b,0,2,False,0.18687696001143195,2,A
medmcqa,968,c6f01b71-fe30-41d3-8680-5d08d0b7dd15,qwen3-8b,2,2,True,0.1569488839886617,2,C
medmcqa,969,c6f01b71-fe30-41d3-8680-5d08d0b7dd15,qwen3-8b,0,2,False,0.16710147602134384,2,A
medmcqa,970,c6f01b71-fe30-41d3-8680-5d08d0b7dd15,qwen3-8b,3,3,True,0.19293704599840567,2,D
medmcqa,971,c6f01b71-fe30-41d3-8680-5d08d0b7dd15,qwen3-8b,0,0,True,0.18619699601549655,2,A
medmcqa,972,c6f01b71-fe30-41d3-8680-5d08d0b7dd15,qwen3-8b,2,3,False,0.1731618859921582,2,C
medmcqa,973,c6f01b71-fe30-41d3-8680-5d08d0b7dd15,qwen3-8b,2,3,False,0.18399106900324114,2,C
medmcqa,974,c6f01b71-fe30-41d3-8680-5d08d0b7dd15,qwen3-8b,1,0,False,0.1889032039907761,2,B
medmcqa,975,c6f01b71-fe30-41d3-8680-5d08d0b7dd15,qwen3-8b,0,0,True,0.1770812040194869,2,A
medmcqa,976,c6f01b71-fe30-41d3-8680-5d08d0b7dd15,qwen3-8b,2,2,True,0.16996528598247096,2,C
medmcqa,977,c6f01b71-fe30-41d3-8680-5d08d0b7dd15,qwen3-8b,3,3,True,0.197642465995159,2,D
medmcqa,978,c6f01b71-fe30-41d3-8680-5d08d0b7dd15,qwen3-8b,1,2,False,0.18309100999613293,2,B
medmcqa,979,c6f01b71-fe30-41d3-8680-5d08d0b7dd15,qwen3-8b,0,0,True,0.18494038097560406,2,A
medmcqa,980,c6f01b71-fe30-41d3-8680-5d08d0b7dd15,qwen3-8b,2,2,True,0.1792283799732104,2,C
medmcqa,981,c6f01b71-fe30-41d3-8680-5d08d0b7dd15,qwen3-8b,0,0,True,0.17187570201349445,2,A
medmcqa,982,c6f01b71-fe30-41d3-8680-5d08d0b7dd15,qwen3-8b,0,0,True,0.19376497200573795,2,A
medmcqa,983,c6f01b71-fe30-41d3-8680-5d08d0b7dd15,qwen3-8b,0,2,False,0.16557699101394974,2,A
medmcqa,984,c6f01b71-fe30-41d3-8680-5d08d0b7dd15,qwen3-8b,1,3,False,0.16377568000461906,2,B
medmcqa,985,c6f01b71-fe30-41d3-8680-5d08d0b7dd15,qwen3-8b,2,1,False,0.15162874301313423,2,C
medmcqa,986,c6f01b71-fe30-41d3-8680-5d08d0b7dd15,qwen3-8b,3,3,True,0.1828743779915385,2,D
medmcqa,987,c6f01b71-fe30-41d3-8680-5d08d0b7dd15,qwen3-8b,0,0,True,0.2046433259965852,2,A
medmcqa,988,c6f01b71-fe30-41d3-8680-5d08d0b7dd15,qwen3-8b,0,3,False,0.16465554499882273,2,A
medmcqa,989,c6f01b71-fe30-41d3-8680-5d08d0b7dd15,qwen3-8b,0,1,False,0.16955891202087514,2,A
medmcqa,990,c6f01b71-fe30-41d3-8680-5d08d0b7dd15,qwen3-8b,1,1,True,0.18616511800792068,2,B
medmcqa,991,c6f01b71-fe30-41d3-8680-5d08d0b7dd15,qwen3-8b,0,0,True,0.17361579200951383,2,A
medmcqa,992,c6f01b71-fe30-41d3-8680-5d08d0b7dd15,qwen3-8b,1,0,False,0.19061883998801932,2,B
medmcqa,993,c6f01b71-fe30-41d3-8680-5d08d0b7dd15,qwen3-8b,0,0,True,0.17877251000027172,2,A
medmcqa,994,c6f01b71-fe30-41d3-8680-5d08d0b7dd15,qwen3-8b,0,1,False,0.17791210999712348,2,A
medmcqa,995,c6f01b71-fe30-41d3-8680-5d08d0b7dd15,qwen3-8b,0,3,False,0.16626332901068963,2,A
medmcqa,996,c6f01b71-fe30-41d3-8680-5d08d0b7dd15,qwen3-8b,3,3,True,0.1804322000243701,2,D
medmcqa,997,c6f01b71-fe30-41d3-8680-5d08d0b7dd15,qwen3-8b,0,0,True,0.17204234297969379,2,A
medmcqa,998,c6f01b71-fe30-41d3-8680-5d08d0b7dd15,qwen3-8b,1,2,False,0.17063916201004758,2,B
medmcqa,999,c6f01b71-fe30-41d3-8680-5d08d0b7dd15,qwen3-8b,1,3,False,0.18159776797983795,2,B
medmcqa,1000,c6f01b71-fe30-41d3-8680-5d08d0b7dd15,qwen3-8b,1,2,False,0.20155680199968629,2,B
medmcqa,1001,c6f01b71-fe30-41d3-8680-5d08d0b7dd15,qwen3-8b,3,2,False,0.1625922899984289,2,D
medmcqa,1002,c6f01b71-fe30-41d3-8680-5d08d0b7dd15,qwen3-8b,1,1,True,0.17335319897392765,2,B
medmcqa,1003,c6f01b71-fe30-41d3-8680-5d08d0b7dd15,qwen3-8b,0,0,True,0.1831848040164914,2,A
medmcqa,1004,c6f01b71-fe30-41d3-8680-5d08d0b7dd15,qwen3-8b,0,2,False,0.15242217600462027,2,A
medmcqa,1005,c6f01b71-fe30-41d3-8680-5d08d0b7dd15,qwen3-8b,2,0,False,0.17533761798404157,2,C
medmcqa,1006,c6f01b71-fe30-41d3-8680-5d08d0b7dd15,qwen3-8b,0,3,False,0.22353440598817542,2,A
medmcqa,1007,c6f01b71-fe30-41d3-8680-5d08d0b7dd15,qwen3-8b,0,0,True,0.18990802200278267,2,A
medmcqa,1008,c6f01b71-fe30-41d3-8680-5d08d0b7dd15,qwen3-8b,0,0,True,0.20020388398552313,2,A
medmcqa,1009,c6f01b71-fe30-41d3-8680-5d08d0b7dd15,qwen3-8b,0,3,False,0.1872559190087486,2,A
medmcqa,1010,c6f01b71-fe30-41d3-8680-5d08d0b7dd15,qwen3-8b,3,3,True,0.1928127539868001,2,D
medmcqa,1011,c6f01b71-fe30-41d3-8680-5d08d0b7dd15,qwen3-8b,0,0,True,0.1844029460044112,2,A
medmcqa,1012,c6f01b71-fe30-41d3-8680-5d08d0b7dd15,qwen3-8b,0,2,False,0.20411183501710184,2,A
medmcqa,1013,c6f01b71-fe30-41d3-8680-5d08d0b7dd15,qwen3-8b,2,3,False,0.19724975299322978,2,C
medmcqa,1014,c6f01b71-fe30-41d3-8680-5d08d0b7dd15,qwen3-8b,3,2,False,0.18314130397629924,2,D
medmcqa,1015,c6f01b71-fe30-41d3-8680-5d08d0b7dd15,qwen3-8b,0,0,True,0.15361440501874313,2,A
medmcqa,1016,c6f01b71-fe30-41d3-8680-5d08d0b7dd15,qwen3-8b,0,0,True,0.1895485399872996,2,A
medmcqa,1017,c6f01b71-fe30-41d3-8680-5d08d0b7dd15,qwen3-8b,2,2,True,0.18966574099613354,2,C
medmcqa,1018,c6f01b71-fe30-41d3-8680-5d08d0b7dd15,qwen3-8b,2,0,False,0.16799630600144155,2,C
medmcqa,1019,c6f01b71-fe30-41d3-8680-5d08d0b7dd15,qwen3-8b,3,3,True,0.19178483198629692,2,D
medmcqa,1020,c6f01b71-fe30-41d3-8680-5d08d0b7dd15,qwen3-8b,2,2,True,0.18651296402094886,2,C
medmcqa,1021,c6f01b71-fe30-41d3-8680-5d08d0b7dd15,qwen3-8b,2,0,False,0.20186670302064158,2,C
medmcqa,1022,c6f01b71-fe30-41d3-8680-5d08d0b7dd15,qwen3-8b,0,0,True,0.2082185840117745,2,A
medmcqa,1023,c6f01b71-fe30-41d3-8680-5d08d0b7dd15,qwen3-8b,2,2,True,0.16582324000773951,2,C
medmcqa,1024,c6f01b71-fe30-41d3-8680-5d08d0b7dd15,qwen3-8b,0,1,False,0.17673781598568894,2,A
medmcqa,1025,c6f01b71-fe30-41d3-8680-5d08d0b7dd15,qwen3-8b,0,0,True,0.205804494995391,2,A
medmcqa,1026,c6f01b71-fe30-41d3-8680-5d08d0b7dd15,qwen3-8b,0,2,False,0.18512703099986538,2,A
medmcqa,1027,c6f01b71-fe30-41d3-8680-5d08d0b7dd15,qwen3-8b,0,0,True,0.17759825399843976,2,A
medmcqa,1028,c6f01b71-fe30-41d3-8680-5d08d0b7dd15,qwen3-8b,3,3,True,0.17622384100104682,2,D
medmcqa,1029,c6f01b71-fe30-41d3-8680-5d08d0b7dd15,qwen3-8b,2,2,True,0.1773973229865078,2,C
medmcqa,1030,c6f01b71-fe30-41d3-8680-5d08d0b7dd15,qwen3-8b,1,1,True,0.18614121500286274,2,B
medmcqa,1031,c6f01b71-fe30-41d3-8680-5d08d0b7dd15,qwen3-8b,2,0,False,0.1742368490085937,2,C
medmcqa,1032,c6f01b71-fe30-41d3-8680-5d08d0b7dd15,qwen3-8b,2,2,True,0.15417774801608175,2,C
medmcqa,1033,c6f01b71-fe30-41d3-8680-5d08d0b7dd15,qwen3-8b,1,1,True,0.17987638100748882,2,B
medmcqa,1034,c6f01b71-fe30-41d3-8680-5d08d0b7dd15,qwen3-8b,1,0,False,0.16751807398395613,2,B
medmcqa,1035,c6f01b71-fe30-41d3-8680-5d08d0b7dd15,qwen3-8b,3,0,False,0.179159630992217,2,D
medmcqa,1036,c6f01b71-fe30-41d3-8680-5d08d0b7dd15,qwen3-8b,0,2,False,0.15280597101082094,2,A
medmcqa,1037,c6f01b71-fe30-41d3-8680-5d08d0b7dd15,qwen3-8b,1,2,False,0.15329734902479686,2,B
medmcqa,1038,c6f01b71-fe30-41d3-8680-5d08d0b7dd15,qwen3-8b,3,3,True,0.16868450501351617,2,D
medmcqa,1039,c6f01b71-fe30-41d3-8680-5d08d0b7dd15,qwen3-8b,2,2,True,0.16996647999621928,2,C
medmcqa,1040,c6f01b71-fe30-41d3-8680-5d08d0b7dd15,qwen3-8b,1,1,True,0.1812396880122833,2,B
medmcqa,1041,c6f01b71-fe30-41d3-8680-5d08d0b7dd15,qwen3-8b,0,3,False,0.17781478102551773,2,A
medmcqa,1042,c6f01b71-fe30-41d3-8680-5d08d0b7dd15,qwen3-8b,0,1,False,0.1796218770032283,2,A
medmcqa,1043,c6f01b71-fe30-41d3-8680-5d08d0b7dd15,qwen3-8b,3,0,False,0.15418433101149276,2,D
medmcqa,1044,c6f01b71-fe30-41d3-8680-5d08d0b7dd15,qwen3-8b,0,1,False,0.2014010499988217,2,A
medmcqa,1045,c6f01b71-fe30-41d3-8680-5d08d0b7dd15,qwen3-8b,0,0,True,0.18558548300643452,2,A
medmcqa,1046,c6f01b71-fe30-41d3-8680-5d08d0b7dd15,qwen3-8b,0,2,False,0.19088445100351237,2,A
medmcqa,1047,c6f01b71-fe30-41d3-8680-5d08d0b7dd15,qwen3-8b,1,1,True,0.17023813401465304,2,B
medmcqa,1048,c6f01b71-fe30-41d3-8680-5d08d0b7dd15,qwen3-8b,2,3,False,0.17327221497544087,2,C
medmcqa,1049,c6f01b71-fe30-41d3-8680-5d08d0b7dd15,qwen3-8b,0,0,True,0.17727871797978878,2,A
medmcqa,1050,c6f01b71-fe30-41d3-8680-5d08d0b7dd15,qwen3-8b,0,0,True,0.19616407802095637,2,A
medmcqa,1051,c6f01b71-fe30-41d3-8680-5d08d0b7dd15,qwen3-8b,0,2,False,0.18890474300133064,2,A
medmcqa,1052,c6f01b71-fe30-41d3-8680-5d08d0b7dd15,qwen3-8b,3,3,True,0.16694757601362653,2,D
medmcqa,1053,c6f01b71-fe30-41d3-8680-5d08d0b7dd15,qwen3-8b,0,2,False,0.16784687899053097,2,A
medmcqa,1054,c6f01b71-fe30-41d3-8680-5d08d0b7dd15,qwen3-8b,0,0,True,0.1842527419794351,2,A
medmcqa,1055,c6f01b71-fe30-41d3-8680-5d08d0b7dd15,qwen3-8b,0,0,True,0.19121185698895715,2,A
medmcqa,1056,c6f01b71-fe30-41d3-8680-5d08d0b7dd15,qwen3-8b,0,1,False,0.15324369299924,2,A
medmcqa,1057,c6f01b71-fe30-41d3-8680-5d08d0b7dd15,qwen3-8b,0,3,False,0.17038491598214023,2,A
medmcqa,1058,c6f01b71-fe30-41d3-8680-5d08d0b7dd15,qwen3-8b,0,0,True,0.17359219401259907,2,A
medmcqa,1059,c6f01b71-fe30-41d3-8680-5d08d0b7dd15,qwen3-8b,3,1,False,0.18398048999370076,2,D
medmcqa,1060,c6f01b71-fe30-41d3-8680-5d08d0b7dd15,qwen3-8b,2,2,True,0.19525673499447294,2,C
medmcqa,1061,c6f01b71-fe30-41d3-8680-5d08d0b7dd15,qwen3-8b,1,1,True,0.20156668202253059,2,B
medmcqa,1062,c6f01b71-fe30-41d3-8680-5d08d0b7dd15,qwen3-8b,1,2,False,0.1927425559842959,2,B
medmcqa,1063,c6f01b71-fe30-41d3-8680-5d08d0b7dd15,qwen3-8b,3,3,True,0.18767832798766904,2,D
medmcqa,1064,c6f01b71-fe30-41d3-8680-5d08d0b7dd15,qwen3-8b,0,3,False,0.18540893000317737,2,A
medmcqa,1065,c6f01b71-fe30-41d3-8680-5d08d0b7dd15,qwen3-8b,2,1,False,0.17535338099696673,2,C
medmcqa,1066,c6f01b71-fe30-41d3-8680-5d08d0b7dd15,qwen3-8b,2,0,False,0.15447706100530922,2,C
medmcqa,1067,c6f01b71-fe30-41d3-8680-5d08d0b7dd15,qwen3-8b,1,2,False,0.16721396299544722,2,B
medmcqa,1068,c6f01b71-fe30-41d3-8680-5d08d0b7dd15,qwen3-8b,0,0,True,0.19324684399180114,2,A
medmcqa,1069,c6f01b71-fe30-41d3-8680-5d08d0b7dd15,qwen3-8b,0,0,True,0.17404285600059666,2,A
medmcqa,1070,c6f01b71-fe30-41d3-8680-5d08d0b7dd15,qwen3-8b,2,2,True,0.1871603380132001,2,C
medmcqa,1071,c6f01b71-fe30-41d3-8680-5d08d0b7dd15,qwen3-8b,0,0,True,0.1687825539847836,2,A
medmcqa,1072,c6f01b71-fe30-41d3-8680-5d08d0b7dd15,qwen3-8b,3,3,True,0.1689486879913602,2,D
medmcqa,1073,c6f01b71-fe30-41d3-8680-5d08d0b7dd15,qwen3-8b,2,2,True,0.15362942501087673,2,C
medmcqa,1074,c6f01b71-fe30-41d3-8680-5d08d0b7dd15,qwen3-8b,0,3,False,0.1543484990252182,2,A
medmcqa,1075,c6f01b71-fe30-41d3-8680-5d08d0b7dd15,qwen3-8b,0,1,False,0.17292222898686305,2,A
medmcqa,1076,c6f01b71-fe30-41d3-8680-5d08d0b7dd15,qwen3-8b,0,3,False,0.15188105500419624,2,A
medmcqa,1077,c6f01b71-fe30-41d3-8680-5d08d0b7dd15,qwen3-8b,2,2,True,0.1527216210088227,2,C
medmcqa,1078,c6f01b71-fe30-41d3-8680-5d08d0b7dd15,qwen3-8b,1,2,False,0.15223969201906584,2,B
medmcqa,1079,c6f01b71-fe30-41d3-8680-5d08d0b7dd15,qwen3-8b,1,1,True,0.15325824997853488,2,B
medmcqa,1080,c6f01b71-fe30-41d3-8680-5d08d0b7dd15,qwen3-8b,3,1,False,0.1531458300014492,2,D
medmcqa,1081,c6f01b71-fe30-41d3-8680-5d08d0b7dd15,qwen3-8b,0,2,False,0.15616121600032784,2,A
medmcqa,1082,c6f01b71-fe30-41d3-8680-5d08d0b7dd15,qwen3-8b,0,0,True,0.16995629901066422,2,A
medmcqa,1083,c6f01b71-fe30-41d3-8680-5d08d0b7dd15,qwen3-8b,1,3,False,0.155980160983745,2,B
medmcqa,1084,c6f01b71-fe30-41d3-8680-5d08d0b7dd15,qwen3-8b,0,0,True,0.15489628000068478,2,A
medmcqa,1085,c6f01b71-fe30-41d3-8680-5d08d0b7dd15,qwen3-8b,2,1,False,0.1669414229982067,2,C
medmcqa,1086,c6f01b71-fe30-41d3-8680-5d08d0b7dd15,qwen3-8b,2,2,True,0.1518131619959604,2,C
medmcqa,1087,c6f01b71-fe30-41d3-8680-5d08d0b7dd15,qwen3-8b,0,0,True,0.15067507300409488,2,A
medmcqa,1088,c6f01b71-fe30-41d3-8680-5d08d0b7dd15,qwen3-8b,1,1,True,0.1543681769981049,2,B
medmcqa,1089,c6f01b71-fe30-41d3-8680-5d08d0b7dd15,qwen3-8b,1,1,True,0.15358223801013082,2,B
medmcqa,1090,c6f01b71-fe30-41d3-8680-5d08d0b7dd15,qwen3-8b,3,3,True,0.15503069100668654,2,D
medmcqa,1091,c6f01b71-fe30-41d3-8680-5d08d0b7dd15,qwen3-8b,2,2,True,0.15537925300304778,2,C
medmcqa,1092,c6f01b71-fe30-41d3-8680-5d08d0b7dd15,qwen3-8b,0,1,False,0.16862235599546693,2,A
medmcqa,1093,c6f01b71-fe30-41d3-8680-5d08d0b7dd15,qwen3-8b,0,3,False,0.1524191869830247,2,A
medmcqa,1094,c6f01b71-fe30-41d3-8680-5d08d0b7dd15,qwen3-8b,0,1,False,0.1541878019925207,2,A
medmcqa,1095,c6f01b71-fe30-41d3-8680-5d08d0b7dd15,qwen3-8b,1,0,False,0.15334915698622353,2,B
medmcqa,1096,c6f01b71-fe30-41d3-8680-5d08d0b7dd15,qwen3-8b,3,0,False,0.15651330500259064,2,D
medmcqa,1097,c6f01b71-fe30-41d3-8680-5d08d0b7dd15,qwen3-8b,0,3,False,0.16037036199122667,2,A
medmcqa,1098,c6f01b71-fe30-41d3-8680-5d08d0b7dd15,qwen3-8b,0,3,False,0.1696791599970311,2,A
medmcqa,1099,c6f01b71-fe30-41d3-8680-5d08d0b7dd15,qwen3-8b,1,2,False,0.17002686398336664,2,B
medmcqa,1100,c6f01b71-fe30-41d3-8680-5d08d0b7dd15,qwen3-8b,1,1,True,0.1538310129835736,2,B
medmcqa,1101,c6f01b71-fe30-41d3-8680-5d08d0b7dd15,qwen3-8b,3,3,True,0.1692975519981701,2,D
medmcqa,1102,c6f01b71-fe30-41d3-8680-5d08d0b7dd15,qwen3-8b,0,0,True,0.16735177199007012,2,A
medmcqa,1103,c6f01b71-fe30-41d3-8680-5d08d0b7dd15,qwen3-8b,3,3,True,0.1518562330165878,2,D
medmcqa,1104,c6f01b71-fe30-41d3-8680-5d08d0b7dd15,qwen3-8b,1,0,False,0.1546311970159877,2,B
medmcqa,1105,c6f01b71-fe30-41d3-8680-5d08d0b7dd15,qwen3-8b,1,0,False,0.15273885999340564,2,B
medmcqa,1106,c6f01b71-fe30-41d3-8680-5d08d0b7dd15,qwen3-8b,1,3,False,0.15430105599807575,2,B
medmcqa,1107,c6f01b71-fe30-41d3-8680-5d08d0b7dd15,qwen3-8b,2,1,False,0.1542813580017537,2,C
medmcqa,1108,c6f01b71-fe30-41d3-8680-5d08d0b7dd15,qwen3-8b,1,1,True,0.15493302102549933,2,B
medmcqa,1109,c6f01b71-fe30-41d3-8680-5d08d0b7dd15,qwen3-8b,2,1,False,0.15424891299335286,2,C
medmcqa,1110,c6f01b71-fe30-41d3-8680-5d08d0b7dd15,qwen3-8b,0,2,False,0.15413592199911363,2,A
medmcqa,1111,c6f01b71-fe30-41d3-8680-5d08d0b7dd15,qwen3-8b,2,1,False,0.15348234499106184,2,C
medmcqa,1112,c6f01b71-fe30-41d3-8680-5d08d0b7dd15,qwen3-8b,0,3,False,0.1534672940033488,2,A
medmcqa,1113,c6f01b71-fe30-41d3-8680-5d08d0b7dd15,qwen3-8b,2,2,True,0.15306454501114786,2,C
medmcqa,1114,c6f01b71-fe30-41d3-8680-5d08d0b7dd15,qwen3-8b,3,3,True,0.15321719998610206,2,D
medmcqa,1115,c6f01b71-fe30-41d3-8680-5d08d0b7dd15,qwen3-8b,0,0,True,0.15434529501362704,2,A
medmcqa,1116,c6f01b71-fe30-41d3-8680-5d08d0b7dd15,qwen3-8b,0,3,False,0.16852180499699898,2,A
medmcqa,1117,c6f01b71-fe30-41d3-8680-5d08d0b7dd15,qwen3-8b,2,2,True,0.15445111598819494,2,C
medmcqa,1118,c6f01b71-fe30-41d3-8680-5d08d0b7dd15,qwen3-8b,1,0,False,0.1542904660163913,2,B
medmcqa,1119,c6f01b71-fe30-41d3-8680-5d08d0b7dd15,qwen3-8b,2,2,True,0.15640096098650247,2,C
medmcqa,1120,c6f01b71-fe30-41d3-8680-5d08d0b7dd15,qwen3-8b,0,0,True,0.17197946397936903,2,A
medmcqa,1121,c6f01b71-fe30-41d3-8680-5d08d0b7dd15,qwen3-8b,3,3,True,0.15432790899649262,2,D
medmcqa,1122,c6f01b71-fe30-41d3-8680-5d08d0b7dd15,qwen3-8b,1,3,False,0.1686227599857375,2,B
medmcqa,1123,c6f01b71-fe30-41d3-8680-5d08d0b7dd15,qwen3-8b,0,0,True,0.15179448001435958,2,A
medmcqa,1124,c6f01b71-fe30-41d3-8680-5d08d0b7dd15,qwen3-8b,2,2,True,0.1602655079914257,2,C
medmcqa,1125,c6f01b71-fe30-41d3-8680-5d08d0b7dd15,qwen3-8b,0,2,False,0.1717172409989871,2,A
medmcqa,1126,c6f01b71-fe30-41d3-8680-5d08d0b7dd15,qwen3-8b,1,1,True,0.1523699499957729,2,B
medmcqa,1127,c6f01b71-fe30-41d3-8680-5d08d0b7dd15,qwen3-8b,0,0,True,0.15683004900347441,2,A
medmcqa,1128,c6f01b71-fe30-41d3-8680-5d08d0b7dd15,qwen3-8b,2,2,True,0.1533906440017745,2,C
medmcqa,1129,c6f01b71-fe30-41d3-8680-5d08d0b7dd15,qwen3-8b,0,1,False,0.17073193300166167,2,A
medmcqa,1130,c6f01b71-fe30-41d3-8680-5d08d0b7dd15,qwen3-8b,1,1,True,0.1548479920020327,2,B
medmcqa,1131,c6f01b71-fe30-41d3-8680-5d08d0b7dd15,qwen3-8b,1,1,True,0.15256458398653194,2,B
medmcqa,1132,c6f01b71-fe30-41d3-8680-5d08d0b7dd15,qwen3-8b,0,1,False,0.15121045499108732,2,A
medmcqa,1133,c6f01b71-fe30-41d3-8680-5d08d0b7dd15,qwen3-8b,0,2,False,0.1543856989883352,2,A
medmcqa,1134,c6f01b71-fe30-41d3-8680-5d08d0b7dd15,qwen3-8b,3,1,False,0.15864687599241734,2,D
medmcqa,1135,c6f01b71-fe30-41d3-8680-5d08d0b7dd15,qwen3-8b,1,1,True,0.15602089199819602,2,B
medmcqa,1136,c6f01b71-fe30-41d3-8680-5d08d0b7dd15,qwen3-8b,1,1,True,0.1522082170122303,2,B
medmcqa,1137,c6f01b71-fe30-41d3-8680-5d08d0b7dd15,qwen3-8b,0,3,False,0.1693469269957859,2,A
medmcqa,1138,c6f01b71-fe30-41d3-8680-5d08d0b7dd15,qwen3-8b,1,1,True,0.1530594089999795,2,B
medmcqa,1139,c6f01b71-fe30-41d3-8680-5d08d0b7dd15,qwen3-8b,0,0,True,0.15326640900457278,2,A
medmcqa,1140,c6f01b71-fe30-41d3-8680-5d08d0b7dd15,qwen3-8b,3,3,True,0.15329933998873457,2,D
medmcqa,1141,c6f01b71-fe30-41d3-8680-5d08d0b7dd15,qwen3-8b,0,1,False,0.1551034059957601,2,A
medmcqa,1142,c6f01b71-fe30-41d3-8680-5d08d0b7dd15,qwen3-8b,1,0,False,0.17078351698000915,2,B
medmcqa,1143,c6f01b71-fe30-41d3-8680-5d08d0b7dd15,qwen3-8b,1,2,False,0.15369211102370173,2,B
medmcqa,1144,c6f01b71-fe30-41d3-8680-5d08d0b7dd15,qwen3-8b,2,2,True,0.16844038799172267,2,C
medmcqa,1145,c6f01b71-fe30-41d3-8680-5d08d0b7dd15,qwen3-8b,0,0,True,0.15426507499068975,2,A
medmcqa,1146,c6f01b71-fe30-41d3-8680-5d08d0b7dd15,qwen3-8b,1,2,False,0.16858467998099513,2,B
medmcqa,1147,c6f01b71-fe30-41d3-8680-5d08d0b7dd15,qwen3-8b,0,1,False,0.15697213599923998,2,A
medmcqa,1148,c6f01b71-fe30-41d3-8680-5d08d0b7dd15,qwen3-8b,3,2,False,0.1545110430161003,2,D
medmcqa,1149,c6f01b71-fe30-41d3-8680-5d08d0b7dd15,qwen3-8b,0,0,True,0.17029686801834032,2,A
medmcqa,1150,c6f01b71-fe30-41d3-8680-5d08d0b7dd15,qwen3-8b,3,2,False,0.15537657600361854,2,D
medmcqa,1151,c6f01b71-fe30-41d3-8680-5d08d0b7dd15,qwen3-8b,0,1,False,0.15203271000063978,2,A
medmcqa,1152,c6f01b71-fe30-41d3-8680-5d08d0b7dd15,qwen3-8b,2,1,False,0.15293103799922392,2,C
medmcqa,1153,c6f01b71-fe30-41d3-8680-5d08d0b7dd15,qwen3-8b,1,1,True,0.15430816501611844,2,B
medmcqa,1154,c6f01b71-fe30-41d3-8680-5d08d0b7dd15,qwen3-8b,0,0,True,0.16642699998919852,2,A
medmcqa,1155,c6f01b71-fe30-41d3-8680-5d08d0b7dd15,qwen3-8b,0,0,True,0.18981370999244973,2,A
medmcqa,1156,c6f01b71-fe30-41d3-8680-5d08d0b7dd15,qwen3-8b,3,3,True,0.15418243000749499,2,D
medmcqa,1157,c6f01b71-fe30-41d3-8680-5d08d0b7dd15,qwen3-8b,2,0,False,0.16851914301514626,2,C
medmcqa,1158,c6f01b71-fe30-41d3-8680-5d08d0b7dd15,qwen3-8b,1,1,True,0.1689833419804927,2,B
medmcqa,1159,c6f01b71-fe30-41d3-8680-5d08d0b7dd15,qwen3-8b,0,0,True,0.1526833279931452,2,A
medmcqa,1160,c6f01b71-fe30-41d3-8680-5d08d0b7dd15,qwen3-8b,1,3,False,0.15779558598296717,2,B
medmcqa,1161,c6f01b71-fe30-41d3-8680-5d08d0b7dd15,qwen3-8b,2,2,True,0.15555821597808972,2,C
medmcqa,1162,c6f01b71-fe30-41d3-8680-5d08d0b7dd15,qwen3-8b,0,2,False,0.15407450700877234,2,A
medmcqa,1163,c6f01b71-fe30-41d3-8680-5d08d0b7dd15,qwen3-8b,0,1,False,0.15512647302239202,2,A
medmcqa,1164,c6f01b71-fe30-41d3-8680-5d08d0b7dd15,qwen3-8b,0,0,True,0.16764044199953787,2,A
medmcqa,1165,c6f01b71-fe30-41d3-8680-5d08d0b7dd15,qwen3-8b,0,1,False,0.1538339940016158,2,A
medmcqa,1166,c6f01b71-fe30-41d3-8680-5d08d0b7dd15,qwen3-8b,2,2,True,0.15559920799569227,2,C
medmcqa,1167,c6f01b71-fe30-41d3-8680-5d08d0b7dd15,qwen3-8b,0,0,True,0.17057670399663039,2,A
medmcqa,1168,c6f01b71-fe30-41d3-8680-5d08d0b7dd15,qwen3-8b,0,1,False,0.15580437300377525,2,A
medmcqa,1169,c6f01b71-fe30-41d3-8680-5d08d0b7dd15,qwen3-8b,1,0,False,0.17087063600774854,2,B
medmcqa,1170,c6f01b71-fe30-41d3-8680-5d08d0b7dd15,qwen3-8b,0,3,False,0.15629381002509035,2,A
medmcqa,1171,c6f01b71-fe30-41d3-8680-5d08d0b7dd15,qwen3-8b,1,1,True,0.15424706100020558,2,B
medmcqa,1172,c6f01b71-fe30-41d3-8680-5d08d0b7dd15,qwen3-8b,0,0,True,0.15573559599579312,2,A
medmcqa,1173,c6f01b71-fe30-41d3-8680-5d08d0b7dd15,qwen3-8b,3,3,True,0.15384124100091867,2,D
medmcqa,1174,c6f01b71-fe30-41d3-8680-5d08d0b7dd15,qwen3-8b,0,2,False,0.17034700899966992,2,A
medmcqa,1175,c6f01b71-fe30-41d3-8680-5d08d0b7dd15,qwen3-8b,0,2,False,0.1708870620059315,2,A
medmcqa,1176,c6f01b71-fe30-41d3-8680-5d08d0b7dd15,qwen3-8b,2,2,True,0.15610983001533896,2,C
medmcqa,1177,c6f01b71-fe30-41d3-8680-5d08d0b7dd15,qwen3-8b,0,0,True,0.15493107799557038,2,A
medmcqa,1178,c6f01b71-fe30-41d3-8680-5d08d0b7dd15,qwen3-8b,2,2,True,0.15398985601495951,2,C
medmcqa,1179,c6f01b71-fe30-41d3-8680-5d08d0b7dd15,qwen3-8b,2,2,True,0.16919732600217685,2,C
medmcqa,1180,c6f01b71-fe30-41d3-8680-5d08d0b7dd15,qwen3-8b,1,1,True,0.15526639399467967,2,B
medmcqa,1181,c6f01b71-fe30-41d3-8680-5d08d0b7dd15,qwen3-8b,2,2,True,0.15523598398431204,2,C
medmcqa,1182,c6f01b71-fe30-41d3-8680-5d08d0b7dd15,qwen3-8b,1,1,True,0.15583744301693514,2,B
medmcqa,1183,c6f01b71-fe30-41d3-8680-5d08d0b7dd15,qwen3-8b,0,1,False,0.1681436589860823,2,A
medmcqa,1184,c6f01b71-fe30-41d3-8680-5d08d0b7dd15,qwen3-8b,2,2,True,0.15173873901949264,2,C
medmcqa,1185,c6f01b71-fe30-41d3-8680-5d08d0b7dd15,qwen3-8b,3,1,False,0.1526283599960152,2,D
medmcqa,1186,c6f01b71-fe30-41d3-8680-5d08d0b7dd15,qwen3-8b,1,2,False,0.16827890698914416,2,B
medmcqa,1187,c6f01b71-fe30-41d3-8680-5d08d0b7dd15,qwen3-8b,2,2,True,0.17319522899924777,2,C
medmcqa,1188,c6f01b71-fe30-41d3-8680-5d08d0b7dd15,qwen3-8b,1,1,True,0.1718703579972498,2,B
medmcqa,1189,c6f01b71-fe30-41d3-8680-5d08d0b7dd15,qwen3-8b,1,1,True,0.1543674929998815,2,B
medmcqa,1190,c6f01b71-fe30-41d3-8680-5d08d0b7dd15,qwen3-8b,0,0,True,0.15220963099272922,2,A
medmcqa,1191,c6f01b71-fe30-41d3-8680-5d08d0b7dd15,qwen3-8b,2,0,False,0.1701789969811216,2,C
medmcqa,1192,c6f01b71-fe30-41d3-8680-5d08d0b7dd15,qwen3-8b,1,1,True,0.16798290301812813,2,B
medmcqa,1193,c6f01b71-fe30-41d3-8680-5d08d0b7dd15,qwen3-8b,3,3,True,0.15295186001458205,2,D
medmcqa,1194,c6f01b71-fe30-41d3-8680-5d08d0b7dd15,qwen3-8b,2,2,True,0.15602012001909316,2,C
medmcqa,1195,c6f01b71-fe30-41d3-8680-5d08d0b7dd15,qwen3-8b,0,1,False,0.1532760749978479,2,A
medmcqa,1196,c6f01b71-fe30-41d3-8680-5d08d0b7dd15,qwen3-8b,0,0,True,0.15510657001868822,2,A
medmcqa,1197,c6f01b71-fe30-41d3-8680-5d08d0b7dd15,qwen3-8b,3,3,True,0.1520744290028233,2,D
medmcqa,1198,c6f01b71-fe30-41d3-8680-5d08d0b7dd15,qwen3-8b,2,2,True,0.1530788429954555,2,C
medmcqa,1199,c6f01b71-fe30-41d3-8680-5d08d0b7dd15,qwen3-8b,1,2,False,0.1705190790235065,2,B
medmcqa,1200,c6f01b71-fe30-41d3-8680-5d08d0b7dd15,qwen3-8b,3,3,True,0.16997082697344013,2,D
medmcqa,1201,c6f01b71-fe30-41d3-8680-5d08d0b7dd15,qwen3-8b,3,2,False,0.1698312810040079,2,D
medmcqa,1202,c6f01b71-fe30-41d3-8680-5d08d0b7dd15,qwen3-8b,3,3,True,0.15431982398149557,2,D
medmcqa,1203,c6f01b71-fe30-41d3-8680-5d08d0b7dd15,qwen3-8b,3,1,False,0.15335252200020477,2,D
medmcqa,1204,c6f01b71-fe30-41d3-8680-5d08d0b7dd15,qwen3-8b,0,0,True,0.15321966700139455,2,A
medmcqa,1205,c6f01b71-fe30-41d3-8680-5d08d0b7dd15,qwen3-8b,1,1,True,0.17253164199064486,2,B
medmcqa,1206,c6f01b71-fe30-41d3-8680-5d08d0b7dd15,qwen3-8b,2,2,True,0.15819151100004092,2,C
medmcqa,1207,c6f01b71-fe30-41d3-8680-5d08d0b7dd15,qwen3-8b,3,0,False,0.1607538330135867,2,D
medmcqa,1208,c6f01b71-fe30-41d3-8680-5d08d0b7dd15,qwen3-8b,3,3,True,0.17085999599657953,2,D
medmcqa,1209,c6f01b71-fe30-41d3-8680-5d08d0b7dd15,qwen3-8b,0,3,False,0.15857920100097544,2,A
medmcqa,1210,c6f01b71-fe30-41d3-8680-5d08d0b7dd15,qwen3-8b,0,1,False,0.15594672001316212,2,A
medmcqa,1211,c6f01b71-fe30-41d3-8680-5d08d0b7dd15,qwen3-8b,0,1,False,0.15380574797745794,2,A
medmcqa,1212,c6f01b71-fe30-41d3-8680-5d08d0b7dd15,qwen3-8b,0,0,True,0.16887985498760827,2,A
medmcqa,1213,c6f01b71-fe30-41d3-8680-5d08d0b7dd15,qwen3-8b,2,3,False,0.15445493801962584,2,C
medmcqa,1214,c6f01b71-fe30-41d3-8680-5d08d0b7dd15,qwen3-8b,0,2,False,0.15368539898190647,2,A
medmcqa,1215,c6f01b71-fe30-41d3-8680-5d08d0b7dd15,qwen3-8b,2,0,False,0.16906401098822244,2,C
medmcqa,1216,c6f01b71-fe30-41d3-8680-5d08d0b7dd15,qwen3-8b,0,0,True,0.15213525798753835,2,A
medmcqa,1217,c6f01b71-fe30-41d3-8680-5d08d0b7dd15,qwen3-8b,0,1,False,0.15258332499070093,2,A
medmcqa,1218,c6f01b71-fe30-41d3-8680-5d08d0b7dd15,qwen3-8b,0,1,False,0.15468510097707622,2,A
medmcqa,1219,c6f01b71-fe30-41d3-8680-5d08d0b7dd15,qwen3-8b,0,0,True,0.16736939598922618,2,A
medmcqa,1220,c6f01b71-fe30-41d3-8680-5d08d0b7dd15,qwen3-8b,3,3,True,0.15322392398957163,2,D
medmcqa,1221,c6f01b71-fe30-41d3-8680-5d08d0b7dd15,qwen3-8b,1,1,True,0.15453217999311164,2,B
medmcqa,1222,c6f01b71-fe30-41d3-8680-5d08d0b7dd15,qwen3-8b,1,3,False,0.15496256900951266,2,B
medmcqa,1223,c6f01b71-fe30-41d3-8680-5d08d0b7dd15,qwen3-8b,1,1,True,0.15400145298917778,2,B
medmcqa,1224,c6f01b71-fe30-41d3-8680-5d08d0b7dd15,qwen3-8b,0,1,False,0.1570974939968437,2,A
medmcqa,1225,c6f01b71-fe30-41d3-8680-5d08d0b7dd15,qwen3-8b,0,0,True,0.1542973420000635,2,A
medmcqa,1226,c6f01b71-fe30-41d3-8680-5d08d0b7dd15,qwen3-8b,0,0,True,0.15463160301442258,2,A
medmcqa,1227,c6f01b71-fe30-41d3-8680-5d08d0b7dd15,qwen3-8b,0,3,False,0.15396047200192697,2,A
medmcqa,1228,c6f01b71-fe30-41d3-8680-5d08d0b7dd15,qwen3-8b,0,1,False,0.15800825000042096,2,A
medmcqa,1229,c6f01b71-fe30-41d3-8680-5d08d0b7dd15,qwen3-8b,0,0,True,0.15281143301399425,2,A
medmcqa,1230,c6f01b71-fe30-41d3-8680-5d08d0b7dd15,qwen3-8b,0,0,True,0.15518659001099877,2,A
medmcqa,1231,c6f01b71-fe30-41d3-8680-5d08d0b7dd15,qwen3-8b,0,1,False,0.15416373900370672,2,A
medmcqa,1232,c6f01b71-fe30-41d3-8680-5d08d0b7dd15,qwen3-8b,0,3,False,0.1728955309954472,2,A
medmcqa,1233,c6f01b71-fe30-41d3-8680-5d08d0b7dd15,qwen3-8b,0,0,True,0.16746408300241455,2,A
medmcqa,1234,c6f01b71-fe30-41d3-8680-5d08d0b7dd15,qwen3-8b,1,1,True,0.15454284500447102,2,B
medmcqa,1235,c6f01b71-fe30-41d3-8680-5d08d0b7dd15,qwen3-8b,3,3,True,0.1586140029830858,2,D
medmcqa,1236,c6f01b71-fe30-41d3-8680-5d08d0b7dd15,qwen3-8b,0,3,False,0.15383713302435353,2,A
medmcqa,1237,c6f01b71-fe30-41d3-8680-5d08d0b7dd15,qwen3-8b,3,0,False,0.15383912000106648,2,D
medmcqa,1238,c6f01b71-fe30-41d3-8680-5d08d0b7dd15,qwen3-8b,2,2,True,0.15686345999711193,2,C
medmcqa,1239,c6f01b71-fe30-41d3-8680-5d08d0b7dd15,qwen3-8b,0,3,False,0.15439377300208434,2,A
medmcqa,1240,c6f01b71-fe30-41d3-8680-5d08d0b7dd15,qwen3-8b,0,0,True,0.17056291998596862,2,A
medmcqa,1241,c6f01b71-fe30-41d3-8680-5d08d0b7dd15,qwen3-8b,0,2,False,0.15260424700682051,2,A
medmcqa,1242,c6f01b71-fe30-41d3-8680-5d08d0b7dd15,qwen3-8b,2,2,True,0.15885118299047463,2,C
medmcqa,1243,c6f01b71-fe30-41d3-8680-5d08d0b7dd15,qwen3-8b,3,1,False,0.15629515098407865,2,D
medmcqa,1244,c6f01b71-fe30-41d3-8680-5d08d0b7dd15,qwen3-8b,0,0,True,0.15548412199132144,2,A
medmcqa,1245,c6f01b71-fe30-41d3-8680-5d08d0b7dd15,qwen3-8b,1,1,True,0.15463505298248492,2,B
medmcqa,1246,c6f01b71-fe30-41d3-8680-5d08d0b7dd15,qwen3-8b,1,1,True,0.15374465502100065,2,B
medmcqa,1247,c6f01b71-fe30-41d3-8680-5d08d0b7dd15,qwen3-8b,2,3,False,0.15394537500105798,2,C
medmcqa,1248,c6f01b71-fe30-41d3-8680-5d08d0b7dd15,qwen3-8b,3,3,True,0.15219201301806606,2,D
medmcqa,1249,c6f01b71-fe30-41d3-8680-5d08d0b7dd15,qwen3-8b,0,1,False,0.155556070007151,2,A
medmcqa,1250,c6f01b71-fe30-41d3-8680-5d08d0b7dd15,qwen3-8b,3,3,True,0.15623816000879742,2,D
medmcqa,1251,c6f01b71-fe30-41d3-8680-5d08d0b7dd15,qwen3-8b,2,1,False,0.16723324797931127,2,C
medmcqa,1252,c6f01b71-fe30-41d3-8680-5d08d0b7dd15,qwen3-8b,1,2,False,0.17474953501368873,2,B
medmcqa,1253,c6f01b71-fe30-41d3-8680-5d08d0b7dd15,qwen3-8b,2,1,False,0.15465321898227558,2,C
medmcqa,1254,c6f01b71-fe30-41d3-8680-5d08d0b7dd15,qwen3-8b,2,2,True,0.15464605897432193,2,C
medmcqa,1255,c6f01b71-fe30-41d3-8680-5d08d0b7dd15,qwen3-8b,1,1,True,0.15526680400944315,2,B
medmcqa,1256,c6f01b71-fe30-41d3-8680-5d08d0b7dd15,qwen3-8b,1,1,True,0.15809809998609126,2,B
medmcqa,1257,c6f01b71-fe30-41d3-8680-5d08d0b7dd15,qwen3-8b,0,2,False,0.15289710101205856,2,A
medmcqa,1258,c6f01b71-fe30-41d3-8680-5d08d0b7dd15,qwen3-8b,1,1,True,0.15458557099918835,2,B
medmcqa,1259,c6f01b71-fe30-41d3-8680-5d08d0b7dd15,qwen3-8b,0,0,True,0.15655082699959166,2,A
medmcqa,1260,c6f01b71-fe30-41d3-8680-5d08d0b7dd15,qwen3-8b,0,1,False,0.1564760109758936,2,A
medmcqa,1261,c6f01b71-fe30-41d3-8680-5d08d0b7dd15,qwen3-8b,0,1,False,0.17797672798042186,2,A
medmcqa,1262,c6f01b71-fe30-41d3-8680-5d08d0b7dd15,qwen3-8b,2,2,True,0.19189968600403517,2,C
medmcqa,1263,c6f01b71-fe30-41d3-8680-5d08d0b7dd15,qwen3-8b,2,3,False,0.1845366200141143,2,C
medmcqa,1264,c6f01b71-fe30-41d3-8680-5d08d0b7dd15,qwen3-8b,0,2,False,0.1799752740189433,2,A
medmcqa,1265,c6f01b71-fe30-41d3-8680-5d08d0b7dd15,qwen3-8b,3,3,True,0.20157105999533087,2,D
medmcqa,1266,c6f01b71-fe30-41d3-8680-5d08d0b7dd15,qwen3-8b,0,1,False,0.15321761000086553,2,A
medmcqa,1267,c6f01b71-fe30-41d3-8680-5d08d0b7dd15,qwen3-8b,0,0,True,0.15064968401566148,2,A
medmcqa,1268,c6f01b71-fe30-41d3-8680-5d08d0b7dd15,qwen3-8b,1,0,False,0.17589742798008956,2,B
medmcqa,1269,c6f01b71-fe30-41d3-8680-5d08d0b7dd15,qwen3-8b,1,2,False,0.20037243198021315,2,B
medmcqa,1270,c6f01b71-fe30-41d3-8680-5d08d0b7dd15,qwen3-8b,1,3,False,0.17091687201173045,2,B
medmcqa,1271,c6f01b71-fe30-41d3-8680-5d08d0b7dd15,qwen3-8b,1,0,False,0.19021023201639764,2,B
medmcqa,1272,c6f01b71-fe30-41d3-8680-5d08d0b7dd15,qwen3-8b,0,2,False,0.16263601099490188,2,A
medmcqa,1273,c6f01b71-fe30-41d3-8680-5d08d0b7dd15,qwen3-8b,2,2,True,0.16962382599012926,2,C
medmcqa,1274,c6f01b71-fe30-41d3-8680-5d08d0b7dd15,qwen3-8b,0,0,True,0.18617027800064534,2,A
medmcqa,1275,c6f01b71-fe30-41d3-8680-5d08d0b7dd15,qwen3-8b,0,0,True,0.18926346697844565,2,A
medmcqa,1276,c6f01b71-fe30-41d3-8680-5d08d0b7dd15,qwen3-8b,0,3,False,0.1775063120003324,2,A
medmcqa,1277,c6f01b71-fe30-41d3-8680-5d08d0b7dd15,qwen3-8b,1,1,True,0.16928596099023707,2,B
medmcqa,1278,c6f01b71-fe30-41d3-8680-5d08d0b7dd15,qwen3-8b,1,1,True,0.18476030198507942,2,B
medmcqa,1279,c6f01b71-fe30-41d3-8680-5d08d0b7dd15,qwen3-8b,3,3,True,0.17291484502493404,2,D
medmcqa,1280,c6f01b71-fe30-41d3-8680-5d08d0b7dd15,qwen3-8b,1,0,False,0.19801185399410315,2,B
medmcqa,1281,c6f01b71-fe30-41d3-8680-5d08d0b7dd15,qwen3-8b,0,0,True,0.18184360000304878,2,A
medmcqa,1282,c6f01b71-fe30-41d3-8680-5d08d0b7dd15,qwen3-8b,0,3,False,0.165269493998494,2,A
medmcqa,1283,c6f01b71-fe30-41d3-8680-5d08d0b7dd15,qwen3-8b,2,3,False,0.1681349400023464,2,C
medmcqa,1284,c6f01b71-fe30-41d3-8680-5d08d0b7dd15,qwen3-8b,0,0,True,0.17803065400221385,2,A
medmcqa,1285,c6f01b71-fe30-41d3-8680-5d08d0b7dd15,qwen3-8b,2,2,True,0.1623511840007268,2,C
medmcqa,1286,c6f01b71-fe30-41d3-8680-5d08d0b7dd15,qwen3-8b,3,1,False,0.15600673298467882,2,D
medmcqa,1287,c6f01b71-fe30-41d3-8680-5d08d0b7dd15,qwen3-8b,2,2,True,0.19589622400235385,2,C
medmcqa,1288,c6f01b71-fe30-41d3-8680-5d08d0b7dd15,qwen3-8b,0,0,True,0.1557601559907198,2,A
medmcqa,1289,c6f01b71-fe30-41d3-8680-5d08d0b7dd15,qwen3-8b,1,1,True,0.17327684597694315,2,B
medmcqa,1290,c6f01b71-fe30-41d3-8680-5d08d0b7dd15,qwen3-8b,2,2,True,0.16238268799497746,2,C
medmcqa,1291,c6f01b71-fe30-41d3-8680-5d08d0b7dd15,qwen3-8b,3,3,True,0.15583985598641448,2,D
medmcqa,1292,c6f01b71-fe30-41d3-8680-5d08d0b7dd15,qwen3-8b,1,1,True,0.1684698470053263,2,B
medmcqa,1293,c6f01b71-fe30-41d3-8680-5d08d0b7dd15,qwen3-8b,1,1,True,0.16659115598304197,2,B
medmcqa,1294,c6f01b71-fe30-41d3-8680-5d08d0b7dd15,qwen3-8b,0,1,False,0.15986531000817195,2,A
medmcqa,1295,c6f01b71-fe30-41d3-8680-5d08d0b7dd15,qwen3-8b,1,1,True,0.16611049001221545,2,B
medmcqa,1296,c6f01b71-fe30-41d3-8680-5d08d0b7dd15,qwen3-8b,1,0,False,0.17023239398258738,2,B
medmcqa,1297,c6f01b71-fe30-41d3-8680-5d08d0b7dd15,qwen3-8b,2,2,True,0.2067577189882286,2,C
medmcqa,1298,c6f01b71-fe30-41d3-8680-5d08d0b7dd15,qwen3-8b,1,0,False,0.20691669097868726,2,B
medmcqa,1299,c6f01b71-fe30-41d3-8680-5d08d0b7dd15,qwen3-8b,0,2,False,0.18234842299716547,2,A
medmcqa,1300,c6f01b71-fe30-41d3-8680-5d08d0b7dd15,qwen3-8b,2,2,True,0.1560718799883034,2,C
medmcqa,1301,c6f01b71-fe30-41d3-8680-5d08d0b7dd15,qwen3-8b,2,0,False,0.17182005001814105,2,C
medmcqa,1302,c6f01b71-fe30-41d3-8680-5d08d0b7dd15,qwen3-8b,3,2,False,0.22930689400527626,2,D
medmcqa,1303,c6f01b71-fe30-41d3-8680-5d08d0b7dd15,qwen3-8b,3,3,True,0.18977015902055427,2,D
medmcqa,1304,c6f01b71-fe30-41d3-8680-5d08d0b7dd15,qwen3-8b,1,3,False,0.203008791024331,2,B
medmcqa,1305,c6f01b71-fe30-41d3-8680-5d08d0b7dd15,qwen3-8b,0,2,False,0.19387372897472233,2,A
medmcqa,1306,c6f01b71-fe30-41d3-8680-5d08d0b7dd15,qwen3-8b,0,3,False,0.16967214399483055,2,A
medmcqa,1307,c6f01b71-fe30-41d3-8680-5d08d0b7dd15,qwen3-8b,0,3,False,0.17682638400583528,2,A
medmcqa,1308,c6f01b71-fe30-41d3-8680-5d08d0b7dd15,qwen3-8b,0,1,False,0.18155609400128014,2,A
medmcqa,1309,c6f01b71-fe30-41d3-8680-5d08d0b7dd15,qwen3-8b,0,0,True,0.1686450979905203,2,A
medmcqa,1310,c6f01b71-fe30-41d3-8680-5d08d0b7dd15,qwen3-8b,3,0,False,0.18885258000227623,2,D
medmcqa,1311,c6f01b71-fe30-41d3-8680-5d08d0b7dd15,qwen3-8b,2,1,False,0.15474297001492232,2,C
medmcqa,1312,c6f01b71-fe30-41d3-8680-5d08d0b7dd15,qwen3-8b,0,0,True,0.15716565999900922,2,A
medmcqa,1313,c6f01b71-fe30-41d3-8680-5d08d0b7dd15,qwen3-8b,0,3,False,0.19337564098532312,2,A
medmcqa,1314,c6f01b71-fe30-41d3-8680-5d08d0b7dd15,qwen3-8b,1,1,True,0.21286686300300062,2,B
medmcqa,1315,c6f01b71-fe30-41d3-8680-5d08d0b7dd15,qwen3-8b,0,0,True,0.15515722997952253,2,A
medmcqa,1316,c6f01b71-fe30-41d3-8680-5d08d0b7dd15,qwen3-8b,0,1,False,0.15314631100045517,2,A
medmcqa,1317,c6f01b71-fe30-41d3-8680-5d08d0b7dd15,qwen3-8b,0,2,False,0.16997159700258635,2,A
medmcqa,1318,c6f01b71-fe30-41d3-8680-5d08d0b7dd15,qwen3-8b,0,0,True,0.16591145799611695,2,A
medmcqa,1319,c6f01b71-fe30-41d3-8680-5d08d0b7dd15,qwen3-8b,3,3,True,0.15322960598859936,2,D
medmcqa,1320,c6f01b71-fe30-41d3-8680-5d08d0b7dd15,qwen3-8b,0,3,False,0.18310727798962034,2,A
medmcqa,1321,c6f01b71-fe30-41d3-8680-5d08d0b7dd15,qwen3-8b,0,0,True,0.19509521601139568,2,A
medmcqa,1322,c6f01b71-fe30-41d3-8680-5d08d0b7dd15,qwen3-8b,0,3,False,0.16944361498462968,2,A
medmcqa,1323,c6f01b71-fe30-41d3-8680-5d08d0b7dd15,qwen3-8b,0,0,True,0.19095657201251015,2,A
medmcqa,1324,c6f01b71-fe30-41d3-8680-5d08d0b7dd15,qwen3-8b,1,0,False,0.182363432017155,2,B
medmcqa,1325,c6f01b71-fe30-41d3-8680-5d08d0b7dd15,qwen3-8b,2,0,False,0.1748424239922315,2,C
medmcqa,1326,c6f01b71-fe30-41d3-8680-5d08d0b7dd15,qwen3-8b,2,1,False,0.17320754399406724,2,C
medmcqa,1327,c6f01b71-fe30-41d3-8680-5d08d0b7dd15,qwen3-8b,2,2,True,0.18755152900121175,2,C
medmcqa,1328,c6f01b71-fe30-41d3-8680-5d08d0b7dd15,qwen3-8b,1,0,False,0.15378455497557297,2,B
medmcqa,1329,c6f01b71-fe30-41d3-8680-5d08d0b7dd15,qwen3-8b,1,1,True,0.1858786399825476,2,B
medmcqa,1330,c6f01b71-fe30-41d3-8680-5d08d0b7dd15,qwen3-8b,2,3,False,0.16661575599573553,2,C
medmcqa,1331,c6f01b71-fe30-41d3-8680-5d08d0b7dd15,qwen3-8b,1,1,True,0.15778951300308108,2,B
medmcqa,1332,c6f01b71-fe30-41d3-8680-5d08d0b7dd15,qwen3-8b,0,0,True,0.15996136199100874,2,A
medmcqa,1333,c6f01b71-fe30-41d3-8680-5d08d0b7dd15,qwen3-8b,3,3,True,0.1527038459898904,2,D
medmcqa,1334,c6f01b71-fe30-41d3-8680-5d08d0b7dd15,qwen3-8b,3,3,True,0.18625710002379492,2,D
medmcqa,1335,c6f01b71-fe30-41d3-8680-5d08d0b7dd15,qwen3-8b,1,1,True,0.19444381800713018,2,B
medmcqa,1336,c6f01b71-fe30-41d3-8680-5d08d0b7dd15,qwen3-8b,0,1,False,0.15543746200273745,2,A
medmcqa,1337,c6f01b71-fe30-41d3-8680-5d08d0b7dd15,qwen3-8b,0,3,False,0.1545155069907196,2,A
medmcqa,1338,c6f01b71-fe30-41d3-8680-5d08d0b7dd15,qwen3-8b,3,3,True,0.17132653601584025,2,D
medmcqa,1339,c6f01b71-fe30-41d3-8680-5d08d0b7dd15,qwen3-8b,1,1,True,0.15291402299772017,2,B
medmcqa,1340,c6f01b71-fe30-41d3-8680-5d08d0b7dd15,qwen3-8b,0,3,False,0.18383946700487286,2,A
medmcqa,1341,c6f01b71-fe30-41d3-8680-5d08d0b7dd15,qwen3-8b,0,0,True,0.19700462601031177,2,A
medmcqa,1342,c6f01b71-fe30-41d3-8680-5d08d0b7dd15,qwen3-8b,1,0,False,0.1577949040220119,2,B
medmcqa,1343,c6f01b71-fe30-41d3-8680-5d08d0b7dd15,qwen3-8b,3,2,False,0.1815614429942798,2,D
medmcqa,1344,c6f01b71-fe30-41d3-8680-5d08d0b7dd15,qwen3-8b,0,1,False,0.1845237539964728,2,A
medmcqa,1345,c6f01b71-fe30-41d3-8680-5d08d0b7dd15,qwen3-8b,1,2,False,0.19742798199877143,2,B
medmcqa,1346,c6f01b71-fe30-41d3-8680-5d08d0b7dd15,qwen3-8b,0,0,True,0.15484812602517195,2,A
medmcqa,1347,c6f01b71-fe30-41d3-8680-5d08d0b7dd15,qwen3-8b,3,2,False,0.1539962170063518,2,D
medmcqa,1348,c6f01b71-fe30-41d3-8680-5d08d0b7dd15,qwen3-8b,1,1,True,0.1529475330025889,2,B
medmcqa,1349,c6f01b71-fe30-41d3-8680-5d08d0b7dd15,qwen3-8b,2,3,False,0.15737997798714787,2,C
medmcqa,1350,c6f01b71-fe30-41d3-8680-5d08d0b7dd15,qwen3-8b,2,3,False,0.17467792000388727,2,C
medmcqa,1351,c6f01b71-fe30-41d3-8680-5d08d0b7dd15,qwen3-8b,3,3,True,0.15750926299369894,2,D
medmcqa,1352,c6f01b71-fe30-41d3-8680-5d08d0b7dd15,qwen3-8b,2,2,True,0.1874015929934103,2,C
medmcqa,1353,c6f01b71-fe30-41d3-8680-5d08d0b7dd15,qwen3-8b,0,2,False,0.20713912101928145,2,A
medmcqa,1354,c6f01b71-fe30-41d3-8680-5d08d0b7dd15,qwen3-8b,0,1,False,0.1781333280086983,2,A
medmcqa,1355,c6f01b71-fe30-41d3-8680-5d08d0b7dd15,qwen3-8b,3,0,False,0.1899868479813449,2,D
medmcqa,1356,c6f01b71-fe30-41d3-8680-5d08d0b7dd15,qwen3-8b,3,3,True,0.18203192501096055,2,D
medmcqa,1357,c6f01b71-fe30-41d3-8680-5d08d0b7dd15,qwen3-8b,1,2,False,0.1888517060142476,2,B
medmcqa,1358,c6f01b71-fe30-41d3-8680-5d08d0b7dd15,qwen3-8b,0,0,True,0.20774773397715762,2,A
medmcqa,1359,c6f01b71-fe30-41d3-8680-5d08d0b7dd15,qwen3-8b,1,1,True,0.20634930301457644,2,B
medmcqa,1360,c6f01b71-fe30-41d3-8680-5d08d0b7dd15,qwen3-8b,0,0,True,0.16201013801037334,2,A
medmcqa,1361,c6f01b71-fe30-41d3-8680-5d08d0b7dd15,qwen3-8b,0,2,False,0.17784754297463223,2,A
medmcqa,1362,c6f01b71-fe30-41d3-8680-5d08d0b7dd15,qwen3-8b,1,2,False,0.171107537986245,2,B
medmcqa,1363,c6f01b71-fe30-41d3-8680-5d08d0b7dd15,qwen3-8b,2,3,False,0.15201811798033305,2,C
medmcqa,1364,c6f01b71-fe30-41d3-8680-5d08d0b7dd15,qwen3-8b,0,0,True,0.1812298510049004,2,A
medmcqa,1365,c6f01b71-fe30-41d3-8680-5d08d0b7dd15,qwen3-8b,1,0,False,0.190921014000196,2,B
medmcqa,1366,c6f01b71-fe30-41d3-8680-5d08d0b7dd15,qwen3-8b,0,0,True,0.18449340600636788,2,A
medmcqa,1367,c6f01b71-fe30-41d3-8680-5d08d0b7dd15,qwen3-8b,2,2,True,0.16868961599539034,2,C
medmcqa,1368,c6f01b71-fe30-41d3-8680-5d08d0b7dd15,qwen3-8b,0,1,False,0.1913303619949147,2,A
medmcqa,1369,c6f01b71-fe30-41d3-8680-5d08d0b7dd15,qwen3-8b,1,1,True,0.15443554701050743,2,B
medmcqa,1370,c6f01b71-fe30-41d3-8680-5d08d0b7dd15,qwen3-8b,0,0,True,0.20840589300496504,2,A
medmcqa,1371,c6f01b71-fe30-41d3-8680-5d08d0b7dd15,qwen3-8b,1,2,False,0.18906259999494068,2,B
medmcqa,1372,c6f01b71-fe30-41d3-8680-5d08d0b7dd15,qwen3-8b,0,1,False,0.18286624498432502,2,A
medmcqa,1373,c6f01b71-fe30-41d3-8680-5d08d0b7dd15,qwen3-8b,0,3,False,0.1922611639893148,2,A
medmcqa,1374,c6f01b71-fe30-41d3-8680-5d08d0b7dd15,qwen3-8b,0,1,False,0.20979312498820946,2,A
medmcqa,1375,c6f01b71-fe30-41d3-8680-5d08d0b7dd15,qwen3-8b,2,2,True,0.1762776359973941,2,C
medmcqa,1376,c6f01b71-fe30-41d3-8680-5d08d0b7dd15,qwen3-8b,1,3,False,0.2034450189967174,2,B
medmcqa,1377,c6f01b71-fe30-41d3-8680-5d08d0b7dd15,qwen3-8b,0,3,False,0.15769740400719456,2,A
medmcqa,1378,c6f01b71-fe30-41d3-8680-5d08d0b7dd15,qwen3-8b,0,3,False,0.171086894988548,2,A
medmcqa,1379,c6f01b71-fe30-41d3-8680-5d08d0b7dd15,qwen3-8b,1,3,False,0.1906107960094232,2,B
medmcqa,1380,c6f01b71-fe30-41d3-8680-5d08d0b7dd15,qwen3-8b,0,0,True,0.17184644902590662,2,A
medmcqa,1381,c6f01b71-fe30-41d3-8680-5d08d0b7dd15,qwen3-8b,3,1,False,0.1739774539892096,2,D
medmcqa,1382,c6f01b71-fe30-41d3-8680-5d08d0b7dd15,qwen3-8b,1,0,False,0.14973545502289198,2,B
medmcqa,1383,c6f01b71-fe30-41d3-8680-5d08d0b7dd15,qwen3-8b,3,1,False,0.16156312200473621,2,D
medmcqa,1384,c6f01b71-fe30-41d3-8680-5d08d0b7dd15,qwen3-8b,2,3,False,0.1619371850101743,2,C
medmcqa,1385,c6f01b71-fe30-41d3-8680-5d08d0b7dd15,qwen3-8b,3,3,True,0.15169854299165308,2,D
medmcqa,1386,c6f01b71-fe30-41d3-8680-5d08d0b7dd15,qwen3-8b,3,3,True,0.170408823993057,2,D
medmcqa,1387,c6f01b71-fe30-41d3-8680-5d08d0b7dd15,qwen3-8b,2,3,False,0.18437792899203487,2,C
medmcqa,1388,c6f01b71-fe30-41d3-8680-5d08d0b7dd15,qwen3-8b,1,1,True,0.15301775699481368,2,B
medmcqa,1389,c6f01b71-fe30-41d3-8680-5d08d0b7dd15,qwen3-8b,2,2,True,0.15208011600770988,2,C
medmcqa,1390,c6f01b71-fe30-41d3-8680-5d08d0b7dd15,qwen3-8b,0,0,True,0.15239642601227388,2,A
medmcqa,1391,c6f01b71-fe30-41d3-8680-5d08d0b7dd15,qwen3-8b,2,0,False,0.154394596000202,2,C
medmcqa,1392,c6f01b71-fe30-41d3-8680-5d08d0b7dd15,qwen3-8b,1,0,False,0.1923926929885056,2,B
medmcqa,1393,c6f01b71-fe30-41d3-8680-5d08d0b7dd15,qwen3-8b,0,0,True,0.17699736400390975,2,A
medmcqa,1394,c6f01b71-fe30-41d3-8680-5d08d0b7dd15,qwen3-8b,0,3,False,0.1894981589866802,2,A
medmcqa,1395,c6f01b71-fe30-41d3-8680-5d08d0b7dd15,qwen3-8b,0,1,False,0.19511008900008164,2,A
medmcqa,1396,c6f01b71-fe30-41d3-8680-5d08d0b7dd15,qwen3-8b,3,2,False,0.1550695580081083,2,D
medmcqa,1397,c6f01b71-fe30-41d3-8680-5d08d0b7dd15,qwen3-8b,2,2,True,0.18910828200750984,2,C
medmcqa,1398,c6f01b71-fe30-41d3-8680-5d08d0b7dd15,qwen3-8b,0,3,False,0.18567503601661883,2,A
medmcqa,1399,c6f01b71-fe30-41d3-8680-5d08d0b7dd15,qwen3-8b,1,0,False,0.19236541201826185,2,B
medmcqa,1400,c6f01b71-fe30-41d3-8680-5d08d0b7dd15,qwen3-8b,0,3,False,0.16954905400052667,2,A
medmcqa,1401,c6f01b71-fe30-41d3-8680-5d08d0b7dd15,qwen3-8b,1,2,False,0.1696227709762752,2,B
medmcqa,1402,c6f01b71-fe30-41d3-8680-5d08d0b7dd15,qwen3-8b,2,2,True,0.1904740500031039,2,C
medmcqa,1403,c6f01b71-fe30-41d3-8680-5d08d0b7dd15,qwen3-8b,1,1,True,0.1700767430011183,2,B
medmcqa,1404,c6f01b71-fe30-41d3-8680-5d08d0b7dd15,qwen3-8b,2,2,True,0.17592831799993291,2,C
medmcqa,1405,c6f01b71-fe30-41d3-8680-5d08d0b7dd15,qwen3-8b,0,3,False,0.17651650798507035,2,A
medmcqa,1406,c6f01b71-fe30-41d3-8680-5d08d0b7dd15,qwen3-8b,3,1,False,0.15454740202403627,2,D
medmcqa,1407,c6f01b71-fe30-41d3-8680-5d08d0b7dd15,qwen3-8b,0,0,True,0.1535943170019891,2,A
medmcqa,1408,c6f01b71-fe30-41d3-8680-5d08d0b7dd15,qwen3-8b,0,0,True,0.1707437589939218,2,A
medmcqa,1409,c6f01b71-fe30-41d3-8680-5d08d0b7dd15,qwen3-8b,2,3,False,0.1904549339960795,2,C
medmcqa,1410,c6f01b71-fe30-41d3-8680-5d08d0b7dd15,qwen3-8b,2,2,True,0.15580540799419396,2,C
medmcqa,1411,c6f01b71-fe30-41d3-8680-5d08d0b7dd15,qwen3-8b,3,0,False,0.15280727497884072,2,D
medmcqa,1412,c6f01b71-fe30-41d3-8680-5d08d0b7dd15,qwen3-8b,0,0,True,0.18299874401418492,2,A
medmcqa,1413,c6f01b71-fe30-41d3-8680-5d08d0b7dd15,qwen3-8b,0,0,True,0.20680556597653776,2,A
medmcqa,1414,c6f01b71-fe30-41d3-8680-5d08d0b7dd15,qwen3-8b,1,1,True,0.19250781802111305,2,B
medmcqa,1415,c6f01b71-fe30-41d3-8680-5d08d0b7dd15,qwen3-8b,1,2,False,0.18801487400196493,2,B
medmcqa,1416,c6f01b71-fe30-41d3-8680-5d08d0b7dd15,qwen3-8b,1,1,True,0.15481206600088626,2,B
medmcqa,1417,c6f01b71-fe30-41d3-8680-5d08d0b7dd15,qwen3-8b,1,1,True,0.17659938900033012,2,B
medmcqa,1418,c6f01b71-fe30-41d3-8680-5d08d0b7dd15,qwen3-8b,1,2,False,0.17659084100159816,2,B
medmcqa,1419,c6f01b71-fe30-41d3-8680-5d08d0b7dd15,qwen3-8b,1,1,True,0.18810085600125603,2,B
medmcqa,1420,c6f01b71-fe30-41d3-8680-5d08d0b7dd15,qwen3-8b,0,0,True,0.15824687501299195,2,A
medmcqa,1421,c6f01b71-fe30-41d3-8680-5d08d0b7dd15,qwen3-8b,3,3,True,0.1547394850058481,2,D
medmcqa,1422,c6f01b71-fe30-41d3-8680-5d08d0b7dd15,qwen3-8b,2,2,True,0.16935989502235316,2,C
medmcqa,1423,c6f01b71-fe30-41d3-8680-5d08d0b7dd15,qwen3-8b,0,1,False,0.1706908049818594,2,A
medmcqa,1424,c6f01b71-fe30-41d3-8680-5d08d0b7dd15,qwen3-8b,1,1,True,0.1518712660181336,2,B
medmcqa,1425,c6f01b71-fe30-41d3-8680-5d08d0b7dd15,qwen3-8b,1,3,False,0.2056269749882631,2,B
medmcqa,1426,c6f01b71-fe30-41d3-8680-5d08d0b7dd15,qwen3-8b,1,1,True,0.17954129801364616,2,B
medmcqa,1427,c6f01b71-fe30-41d3-8680-5d08d0b7dd15,qwen3-8b,2,2,True,0.19062025198945776,2,C
medmcqa,1428,c6f01b71-fe30-41d3-8680-5d08d0b7dd15,qwen3-8b,0,0,True,0.16842607501894236,2,A
medmcqa,1429,c6f01b71-fe30-41d3-8680-5d08d0b7dd15,qwen3-8b,0,0,True,0.1793310549983289,2,A
medmcqa,1430,c6f01b71-fe30-41d3-8680-5d08d0b7dd15,qwen3-8b,1,2,False,0.1676535779843107,2,B
medmcqa,1431,c6f01b71-fe30-41d3-8680-5d08d0b7dd15,qwen3-8b,3,3,True,0.15403559801052324,2,D
medmcqa,1432,c6f01b71-fe30-41d3-8680-5d08d0b7dd15,qwen3-8b,0,3,False,0.1702642320015002,2,A
medmcqa,1433,c6f01b71-fe30-41d3-8680-5d08d0b7dd15,qwen3-8b,2,3,False,0.1555174689856358,2,C
medmcqa,1434,c6f01b71-fe30-41d3-8680-5d08d0b7dd15,qwen3-8b,2,3,False,0.15551376302028075,2,C
medmcqa,1435,c6f01b71-fe30-41d3-8680-5d08d0b7dd15,qwen3-8b,0,0,True,0.15356942598009482,2,A
medmcqa,1436,c6f01b71-fe30-41d3-8680-5d08d0b7dd15,qwen3-8b,0,0,True,0.15523384901462123,2,A
medmcqa,1437,c6f01b71-fe30-41d3-8680-5d08d0b7dd15,qwen3-8b,1,3,False,0.1681601669988595,2,B
medmcqa,1438,c6f01b71-fe30-41d3-8680-5d08d0b7dd15,qwen3-8b,0,0,True,0.15529022499686107,2,A
medmcqa,1439,c6f01b71-fe30-41d3-8680-5d08d0b7dd15,qwen3-8b,0,1,False,0.15403885301202536,2,A
medmcqa,1440,c6f01b71-fe30-41d3-8680-5d08d0b7dd15,qwen3-8b,1,0,False,0.15142562601249665,2,B
medmcqa,1441,c6f01b71-fe30-41d3-8680-5d08d0b7dd15,qwen3-8b,1,3,False,0.16723907299456187,2,B
medmcqa,1442,c6f01b71-fe30-41d3-8680-5d08d0b7dd15,qwen3-8b,0,2,False,0.15450778100057505,2,A
medmcqa,1443,c6f01b71-fe30-41d3-8680-5d08d0b7dd15,qwen3-8b,1,1,True,0.17138519597938284,2,B
medmcqa,1444,c6f01b71-fe30-41d3-8680-5d08d0b7dd15,qwen3-8b,0,0,True,0.15453804499702528,2,A
medmcqa,1445,c6f01b71-fe30-41d3-8680-5d08d0b7dd15,qwen3-8b,0,1,False,0.1576065399858635,2,A
medmcqa,1446,c6f01b71-fe30-41d3-8680-5d08d0b7dd15,qwen3-8b,2,1,False,0.1717095200147014,2,C
medmcqa,1447,c6f01b71-fe30-41d3-8680-5d08d0b7dd15,qwen3-8b,1,3,False,0.15371335699455813,2,B
medmcqa,1448,c6f01b71-fe30-41d3-8680-5d08d0b7dd15,qwen3-8b,0,0,True,0.15211152101983316,2,A
medmcqa,1449,c6f01b71-fe30-41d3-8680-5d08d0b7dd15,qwen3-8b,1,1,True,0.15327388301375322,2,B
medmcqa,1450,c6f01b71-fe30-41d3-8680-5d08d0b7dd15,qwen3-8b,1,0,False,0.15284517500549555,2,B
medmcqa,1451,c6f01b71-fe30-41d3-8680-5d08d0b7dd15,qwen3-8b,1,0,False,0.16490876200259663,2,B
medmcqa,1452,c6f01b71-fe30-41d3-8680-5d08d0b7dd15,qwen3-8b,0,0,True,0.1527029619901441,2,A
medmcqa,1453,c6f01b71-fe30-41d3-8680-5d08d0b7dd15,qwen3-8b,1,0,False,0.17097103700507432,2,B
medmcqa,1454,c6f01b71-fe30-41d3-8680-5d08d0b7dd15,qwen3-8b,0,2,False,0.15603251100401394,2,A
medmcqa,1455,c6f01b71-fe30-41d3-8680-5d08d0b7dd15,qwen3-8b,1,0,False,0.15376077001565136,2,B
medmcqa,1456,c6f01b71-fe30-41d3-8680-5d08d0b7dd15,qwen3-8b,0,1,False,0.15915550498175435,2,A
medmcqa,1457,c6f01b71-fe30-41d3-8680-5d08d0b7dd15,qwen3-8b,1,1,True,0.15423028499935754,2,B
medmcqa,1458,c6f01b71-fe30-41d3-8680-5d08d0b7dd15,qwen3-8b,2,2,True,0.15836121200118214,2,C
medmcqa,1459,c6f01b71-fe30-41d3-8680-5d08d0b7dd15,qwen3-8b,0,0,True,0.15619496401632205,2,A
medmcqa,1460,c6f01b71-fe30-41d3-8680-5d08d0b7dd15,qwen3-8b,1,2,False,0.16876397500163876,2,B
medmcqa,1461,c6f01b71-fe30-41d3-8680-5d08d0b7dd15,qwen3-8b,2,2,True,0.1528265660163015,2,C
medmcqa,1462,c6f01b71-fe30-41d3-8680-5d08d0b7dd15,qwen3-8b,2,0,False,0.1538917800062336,2,C
medmcqa,1463,c6f01b71-fe30-41d3-8680-5d08d0b7dd15,qwen3-8b,1,3,False,0.16789618000620976,2,B
medmcqa,1464,c6f01b71-fe30-41d3-8680-5d08d0b7dd15,qwen3-8b,2,2,True,0.1660508599888999,2,C
medmcqa,1465,c6f01b71-fe30-41d3-8680-5d08d0b7dd15,qwen3-8b,0,0,True,0.16931073798332363,2,A
medmcqa,1466,c6f01b71-fe30-41d3-8680-5d08d0b7dd15,qwen3-8b,0,1,False,0.15311453002505004,2,A
medmcqa,1467,c6f01b71-fe30-41d3-8680-5d08d0b7dd15,qwen3-8b,1,1,True,0.1550871899817139,2,B
medmcqa,1468,c6f01b71-fe30-41d3-8680-5d08d0b7dd15,qwen3-8b,0,3,False,0.15418147799209692,2,A
medmcqa,1469,c6f01b71-fe30-41d3-8680-5d08d0b7dd15,qwen3-8b,1,1,True,0.15242616899195127,2,B
medmcqa,1470,c6f01b71-fe30-41d3-8680-5d08d0b7dd15,qwen3-8b,3,1,False,0.15311431299778633,2,D
medmcqa,1471,c6f01b71-fe30-41d3-8680-5d08d0b7dd15,qwen3-8b,2,2,True,0.15390942298108712,2,C
medmcqa,1472,c6f01b71-fe30-41d3-8680-5d08d0b7dd15,qwen3-8b,3,3,True,0.17120602098293602,2,D
medmcqa,1473,c6f01b71-fe30-41d3-8680-5d08d0b7dd15,qwen3-8b,3,2,False,0.1532103960053064,2,D
medmcqa,1474,c6f01b71-fe30-41d3-8680-5d08d0b7dd15,qwen3-8b,3,3,True,0.1678092009969987,2,D
medmcqa,1475,c6f01b71-fe30-41d3-8680-5d08d0b7dd15,qwen3-8b,0,0,True,0.16622335798456334,2,A
medmcqa,1476,c6f01b71-fe30-41d3-8680-5d08d0b7dd15,qwen3-8b,0,0,True,0.15239953697891906,2,A
medmcqa,1477,c6f01b71-fe30-41d3-8680-5d08d0b7dd15,qwen3-8b,0,2,False,0.1531998059945181,2,A
medmcqa,1478,c6f01b71-fe30-41d3-8680-5d08d0b7dd15,qwen3-8b,0,1,False,0.15464986697770655,2,A
medmcqa,1479,c6f01b71-fe30-41d3-8680-5d08d0b7dd15,qwen3-8b,0,0,True,0.15624080898123793,2,A
medmcqa,1480,c6f01b71-fe30-41d3-8680-5d08d0b7dd15,qwen3-8b,1,1,True,0.1535582640208304,2,B
medmcqa,1481,c6f01b71-fe30-41d3-8680-5d08d0b7dd15,qwen3-8b,3,2,False,0.15479740197770298,2,D
medmcqa,1482,c6f01b71-fe30-41d3-8680-5d08d0b7dd15,qwen3-8b,0,3,False,0.15445382599136792,2,A
medmcqa,1483,c6f01b71-fe30-41d3-8680-5d08d0b7dd15,qwen3-8b,2,3,False,0.15316062400233932,2,C
medmcqa,1484,c6f01b71-fe30-41d3-8680-5d08d0b7dd15,qwen3-8b,3,3,True,0.16802153299795464,2,D
medmcqa,1485,c6f01b71-fe30-41d3-8680-5d08d0b7dd15,qwen3-8b,1,2,False,0.15731140901334584,2,B
medmcqa,1486,c6f01b71-fe30-41d3-8680-5d08d0b7dd15,qwen3-8b,2,2,True,0.1541688090073876,2,C
medmcqa,1487,c6f01b71-fe30-41d3-8680-5d08d0b7dd15,qwen3-8b,2,2,True,0.15654329201788642,2,C
medmcqa,1488,c6f01b71-fe30-41d3-8680-5d08d0b7dd15,qwen3-8b,1,0,False,0.16983019799226895,2,B
medmcqa,1489,c6f01b71-fe30-41d3-8680-5d08d0b7dd15,qwen3-8b,1,1,True,0.1534172119863797,2,B
medmcqa,1490,c6f01b71-fe30-41d3-8680-5d08d0b7dd15,qwen3-8b,1,1,True,0.1676921769976616,2,B
medmcqa,1491,c6f01b71-fe30-41d3-8680-5d08d0b7dd15,qwen3-8b,0,0,True,0.15675975297926925,2,A
medmcqa,1492,c6f01b71-fe30-41d3-8680-5d08d0b7dd15,qwen3-8b,0,3,False,0.16915707098087296,2,A
medmcqa,1493,c6f01b71-fe30-41d3-8680-5d08d0b7dd15,qwen3-8b,0,0,True,0.15250001900130883,2,A
medmcqa,1494,c6f01b71-fe30-41d3-8680-5d08d0b7dd15,qwen3-8b,2,2,True,0.15803424699697644,2,C
medmcqa,1495,c6f01b71-fe30-41d3-8680-5d08d0b7dd15,qwen3-8b,2,2,True,0.17292209100560285,2,C
medmcqa,1496,c6f01b71-fe30-41d3-8680-5d08d0b7dd15,qwen3-8b,0,0,True,0.15092814300442114,2,A
medmcqa,1497,c6f01b71-fe30-41d3-8680-5d08d0b7dd15,qwen3-8b,0,0,True,0.15517822801484726,2,A
medmcqa,1498,c6f01b71-fe30-41d3-8680-5d08d0b7dd15,qwen3-8b,3,1,False,0.1528981110022869,2,D
medmcqa,1499,c6f01b71-fe30-41d3-8680-5d08d0b7dd15,qwen3-8b,0,0,True,0.153101075993618,2,A
medmcqa,1500,c6f01b71-fe30-41d3-8680-5d08d0b7dd15,qwen3-8b,2,1,False,0.15571459400234744,2,C
medmcqa,1501,c6f01b71-fe30-41d3-8680-5d08d0b7dd15,qwen3-8b,0,3,False,0.15873736998764798,2,A
medmcqa,1502,c6f01b71-fe30-41d3-8680-5d08d0b7dd15,qwen3-8b,1,0,False,0.15226830198662356,2,B
medmcqa,1503,c6f01b71-fe30-41d3-8680-5d08d0b7dd15,qwen3-8b,3,1,False,0.1531998249993194,2,D
medmcqa,1504,c6f01b71-fe30-41d3-8680-5d08d0b7dd15,qwen3-8b,3,0,False,0.17237217799993232,2,D
medmcqa,1505,c6f01b71-fe30-41d3-8680-5d08d0b7dd15,qwen3-8b,1,1,True,0.1546380279760342,2,B
medmcqa,1506,c6f01b71-fe30-41d3-8680-5d08d0b7dd15,qwen3-8b,2,2,True,0.1527571659826208,2,C
medmcqa,1507,c6f01b71-fe30-41d3-8680-5d08d0b7dd15,qwen3-8b,0,0,True,0.15419007602031343,2,A
medmcqa,1508,c6f01b71-fe30-41d3-8680-5d08d0b7dd15,qwen3-8b,1,0,False,0.1545693349908106,2,B
medmcqa,1509,c6f01b71-fe30-41d3-8680-5d08d0b7dd15,qwen3-8b,2,2,True,0.16650474900961854,2,C
medmcqa,1510,c6f01b71-fe30-41d3-8680-5d08d0b7dd15,qwen3-8b,1,0,False,0.15370112998061813,2,B
medmcqa,1511,c6f01b71-fe30-41d3-8680-5d08d0b7dd15,qwen3-8b,0,3,False,0.1565323940012604,2,A
medmcqa,1512,c6f01b71-fe30-41d3-8680-5d08d0b7dd15,qwen3-8b,1,1,True,0.16714081601821817,2,B
medmcqa,1513,c6f01b71-fe30-41d3-8680-5d08d0b7dd15,qwen3-8b,1,3,False,0.17010642800596543,2,B
medmcqa,1514,c6f01b71-fe30-41d3-8680-5d08d0b7dd15,qwen3-8b,0,0,True,0.17053176800254732,2,A
medmcqa,1515,c6f01b71-fe30-41d3-8680-5d08d0b7dd15,qwen3-8b,0,0,True,0.16879416699521244,2,A
medmcqa,1516,c6f01b71-fe30-41d3-8680-5d08d0b7dd15,qwen3-8b,0,3,False,0.16801646299427375,2,A
medmcqa,1517,c6f01b71-fe30-41d3-8680-5d08d0b7dd15,qwen3-8b,2,2,True,0.15300477901473641,2,C
medmcqa,1518,c6f01b71-fe30-41d3-8680-5d08d0b7dd15,qwen3-8b,1,1,True,0.1560377590067219,2,B
medmcqa,1519,c6f01b71-fe30-41d3-8680-5d08d0b7dd15,qwen3-8b,2,2,True,0.15207220701267943,2,C
medmcqa,1520,c6f01b71-fe30-41d3-8680-5d08d0b7dd15,qwen3-8b,2,2,True,0.16983486697426997,2,C
medmcqa,1521,c6f01b71-fe30-41d3-8680-5d08d0b7dd15,qwen3-8b,1,0,False,0.15686225800891407,2,B
medmcqa,1522,c6f01b71-fe30-41d3-8680-5d08d0b7dd15,qwen3-8b,1,1,True,0.15580118200159632,2,B
medmcqa,1523,c6f01b71-fe30-41d3-8680-5d08d0b7dd15,qwen3-8b,2,2,True,0.15589240798726678,2,C
medmcqa,1524,c6f01b71-fe30-41d3-8680-5d08d0b7dd15,qwen3-8b,2,1,False,0.15384590599569492,2,C
medmcqa,1525,c6f01b71-fe30-41d3-8680-5d08d0b7dd15,qwen3-8b,0,0,True,0.16672425900469534,2,A
medmcqa,1526,c6f01b71-fe30-41d3-8680-5d08d0b7dd15,qwen3-8b,0,3,False,0.15465447498718277,2,A
medmcqa,1527,c6f01b71-fe30-41d3-8680-5d08d0b7dd15,qwen3-8b,0,2,False,0.17115748100331984,2,A
medmcqa,1528,c6f01b71-fe30-41d3-8680-5d08d0b7dd15,qwen3-8b,2,0,False,0.1695155920169782,2,C
medmcqa,1529,c6f01b71-fe30-41d3-8680-5d08d0b7dd15,qwen3-8b,0,0,True,0.16775202099233866,2,A
medmcqa,1530,c6f01b71-fe30-41d3-8680-5d08d0b7dd15,qwen3-8b,0,2,False,0.15144449099898338,2,A
medmcqa,1531,c6f01b71-fe30-41d3-8680-5d08d0b7dd15,qwen3-8b,1,1,True,0.15626695501850918,2,B
medmcqa,1532,c6f01b71-fe30-41d3-8680-5d08d0b7dd15,qwen3-8b,0,3,False,0.15265435597393662,2,A
medmcqa,1533,c6f01b71-fe30-41d3-8680-5d08d0b7dd15,qwen3-8b,1,3,False,0.15617431700229645,2,B
medmcqa,1534,c6f01b71-fe30-41d3-8680-5d08d0b7dd15,qwen3-8b,2,0,False,0.15387157202349044,2,C
medmcqa,1535,c6f01b71-fe30-41d3-8680-5d08d0b7dd15,qwen3-8b,0,0,True,0.15477733299485408,2,A
medmcqa,1536,c6f01b71-fe30-41d3-8680-5d08d0b7dd15,qwen3-8b,3,0,False,0.1704102569783572,2,D
medmcqa,1537,c6f01b71-fe30-41d3-8680-5d08d0b7dd15,qwen3-8b,2,3,False,0.16750946998945437,2,C
medmcqa,1538,c6f01b71-fe30-41d3-8680-5d08d0b7dd15,qwen3-8b,0,3,False,0.15507038802024908,2,A
medmcqa,1539,c6f01b71-fe30-41d3-8680-5d08d0b7dd15,qwen3-8b,1,1,True,0.16790655397926457,2,B
medmcqa,1540,c6f01b71-fe30-41d3-8680-5d08d0b7dd15,qwen3-8b,2,3,False,0.16701323800953105,2,C
medmcqa,1541,c6f01b71-fe30-41d3-8680-5d08d0b7dd15,qwen3-8b,1,1,True,0.1688776119844988,2,B
medmcqa,1542,c6f01b71-fe30-41d3-8680-5d08d0b7dd15,qwen3-8b,0,2,False,0.16874973999802023,2,A
medmcqa,1543,c6f01b71-fe30-41d3-8680-5d08d0b7dd15,qwen3-8b,1,1,True,0.15181547999964096,2,B
medmcqa,1544,c6f01b71-fe30-41d3-8680-5d08d0b7dd15,qwen3-8b,0,3,False,0.15340287299477495,2,A
medmcqa,1545,c6f01b71-fe30-41d3-8680-5d08d0b7dd15,qwen3-8b,3,3,True,0.15529311099089682,2,D
medmcqa,1546,c6f01b71-fe30-41d3-8680-5d08d0b7dd15,qwen3-8b,1,1,True,0.15460793301463127,2,B
medmcqa,1547,c6f01b71-fe30-41d3-8680-5d08d0b7dd15,qwen3-8b,2,2,True,0.15465249799308367,2,C
medmcqa,1548,c6f01b71-fe30-41d3-8680-5d08d0b7dd15,qwen3-8b,0,0,True,0.1691782329871785,2,A
medmcqa,1549,c6f01b71-fe30-41d3-8680-5d08d0b7dd15,qwen3-8b,1,1,True,0.15417825599433854,2,B
medmcqa,1550,c6f01b71-fe30-41d3-8680-5d08d0b7dd15,qwen3-8b,0,0,True,0.15743288098019548,2,A
medmcqa,1551,c6f01b71-fe30-41d3-8680-5d08d0b7dd15,qwen3-8b,1,1,True,0.1531172720133327,2,B
medmcqa,1552,c6f01b71-fe30-41d3-8680-5d08d0b7dd15,qwen3-8b,1,2,False,0.15430667999316938,2,B
medmcqa,1553,c6f01b71-fe30-41d3-8680-5d08d0b7dd15,qwen3-8b,0,3,False,0.1520073690044228,2,A
medmcqa,1554,c6f01b71-fe30-41d3-8680-5d08d0b7dd15,qwen3-8b,3,0,False,0.16830186999868602,2,D
medmcqa,1555,c6f01b71-fe30-41d3-8680-5d08d0b7dd15,qwen3-8b,3,0,False,0.17210898600751534,2,D
medmcqa,1556,c6f01b71-fe30-41d3-8680-5d08d0b7dd15,qwen3-8b,2,2,True,0.16699746399535798,2,C
medmcqa,1557,c6f01b71-fe30-41d3-8680-5d08d0b7dd15,qwen3-8b,0,0,True,0.15340318498783745,2,A
medmcqa,1558,c6f01b71-fe30-41d3-8680-5d08d0b7dd15,qwen3-8b,0,0,True,0.15484504599589854,2,A
medmcqa,1559,c6f01b71-fe30-41d3-8680-5d08d0b7dd15,qwen3-8b,1,0,False,0.15303877901169471,2,B
medmcqa,1560,c6f01b71-fe30-41d3-8680-5d08d0b7dd15,qwen3-8b,0,0,True,0.15394920800463296,2,A
medmcqa,1561,c6f01b71-fe30-41d3-8680-5d08d0b7dd15,qwen3-8b,0,0,True,0.15783325099619105,2,A
medmcqa,1562,c6f01b71-fe30-41d3-8680-5d08d0b7dd15,qwen3-8b,2,2,True,0.15667688500252552,2,C
medmcqa,1563,c6f01b71-fe30-41d3-8680-5d08d0b7dd15,qwen3-8b,0,1,False,0.15477258400642313,2,A
medmcqa,1564,c6f01b71-fe30-41d3-8680-5d08d0b7dd15,qwen3-8b,1,0,False,0.17065775400260463,2,B
medmcqa,1565,c6f01b71-fe30-41d3-8680-5d08d0b7dd15,qwen3-8b,0,1,False,0.16940533701563254,2,A
medmcqa,1566,c6f01b71-fe30-41d3-8680-5d08d0b7dd15,qwen3-8b,2,3,False,0.16920300299534574,2,C
medmcqa,1567,c6f01b71-fe30-41d3-8680-5d08d0b7dd15,qwen3-8b,1,1,True,0.1559938590216916,2,B
medmcqa,1568,c6f01b71-fe30-41d3-8680-5d08d0b7dd15,qwen3-8b,3,3,True,0.15569584097829647,2,D
medmcqa,1569,c6f01b71-fe30-41d3-8680-5d08d0b7dd15,qwen3-8b,0,0,True,0.15449146699393168,2,A
medmcqa,1570,c6f01b71-fe30-41d3-8680-5d08d0b7dd15,qwen3-8b,1,1,True,0.15165365001303144,2,B
medmcqa,1571,c6f01b71-fe30-41d3-8680-5d08d0b7dd15,qwen3-8b,2,1,False,0.16794500401010737,2,C
medmcqa,1572,c6f01b71-fe30-41d3-8680-5d08d0b7dd15,qwen3-8b,0,0,True,0.15362580498913303,2,A
medmcqa,1573,c6f01b71-fe30-41d3-8680-5d08d0b7dd15,qwen3-8b,0,0,True,0.17335646101855673,2,A
medmcqa,1574,c6f01b71-fe30-41d3-8680-5d08d0b7dd15,qwen3-8b,0,3,False,0.17234759600250982,2,A
medmcqa,1575,c6f01b71-fe30-41d3-8680-5d08d0b7dd15,qwen3-8b,0,0,True,0.15528299001744017,2,A
medmcqa,1576,c6f01b71-fe30-41d3-8680-5d08d0b7dd15,qwen3-8b,0,2,False,0.15821467200294137,2,A
medmcqa,1577,c6f01b71-fe30-41d3-8680-5d08d0b7dd15,qwen3-8b,3,0,False,0.16028124099830166,2,D
medmcqa,1578,c6f01b71-fe30-41d3-8680-5d08d0b7dd15,qwen3-8b,0,0,True,0.15541099902475253,2,A
medmcqa,1579,c6f01b71-fe30-41d3-8680-5d08d0b7dd15,qwen3-8b,0,3,False,0.16941873298492283,2,A
medmcqa,1580,c6f01b71-fe30-41d3-8680-5d08d0b7dd15,qwen3-8b,0,2,False,0.1718097089906223,2,A
medmcqa,1581,c6f01b71-fe30-41d3-8680-5d08d0b7dd15,qwen3-8b,3,2,False,0.15376430001924746,2,D
medmcqa,1582,c6f01b71-fe30-41d3-8680-5d08d0b7dd15,qwen3-8b,1,1,True,0.1536192620114889,2,B
medmcqa,1583,c6f01b71-fe30-41d3-8680-5d08d0b7dd15,qwen3-8b,3,3,True,0.16885889900731854,2,D
medmcqa,1584,c6f01b71-fe30-41d3-8680-5d08d0b7dd15,qwen3-8b,0,0,True,0.1549135630193632,2,A
medmcqa,1585,c6f01b71-fe30-41d3-8680-5d08d0b7dd15,qwen3-8b,0,1,False,0.1675230679975357,2,A
medmcqa,1586,c6f01b71-fe30-41d3-8680-5d08d0b7dd15,qwen3-8b,0,1,False,0.16895012598251924,2,A
medmcqa,1587,c6f01b71-fe30-41d3-8680-5d08d0b7dd15,qwen3-8b,1,0,False,0.16905801300890744,2,B
medmcqa,1588,c6f01b71-fe30-41d3-8680-5d08d0b7dd15,qwen3-8b,0,0,True,0.15459007301251404,2,A
medmcqa,1589,c6f01b71-fe30-41d3-8680-5d08d0b7dd15,qwen3-8b,0,0,True,0.15402543600066565,2,A
medmcqa,1590,c6f01b71-fe30-41d3-8680-5d08d0b7dd15,qwen3-8b,0,0,True,0.1511197919899132,2,A
medmcqa,1591,c6f01b71-fe30-41d3-8680-5d08d0b7dd15,qwen3-8b,2,2,True,0.15383468099753372,2,C
medmcqa,1592,c6f01b71-fe30-41d3-8680-5d08d0b7dd15,qwen3-8b,0,2,False,0.17092825600411743,2,A
medmcqa,1593,c6f01b71-fe30-41d3-8680-5d08d0b7dd15,qwen3-8b,0,0,True,0.155302020983072,2,A
medmcqa,1594,c6f01b71-fe30-41d3-8680-5d08d0b7dd15,qwen3-8b,3,0,False,0.1540286319795996,2,D
medmcqa,1595,c6f01b71-fe30-41d3-8680-5d08d0b7dd15,qwen3-8b,1,1,True,0.15455590200144798,2,B
medmcqa,1596,c6f01b71-fe30-41d3-8680-5d08d0b7dd15,qwen3-8b,1,1,True,0.16755643801297992,2,B
medmcqa,1597,c6f01b71-fe30-41d3-8680-5d08d0b7dd15,qwen3-8b,1,0,False,0.1517212380131241,2,B
medmcqa,1598,c6f01b71-fe30-41d3-8680-5d08d0b7dd15,qwen3-8b,3,3,True,0.16155097598675638,2,D
medmcqa,1599,c6f01b71-fe30-41d3-8680-5d08d0b7dd15,qwen3-8b,2,2,True,0.15597685100510716,2,C
medmcqa,1600,c6f01b71-fe30-41d3-8680-5d08d0b7dd15,qwen3-8b,0,0,True,0.15453384901047684,2,A
medmcqa,1601,c6f01b71-fe30-41d3-8680-5d08d0b7dd15,qwen3-8b,0,0,True,0.15646244102390483,2,A
medmcqa,1602,c6f01b71-fe30-41d3-8680-5d08d0b7dd15,qwen3-8b,1,1,True,0.15180372798931785,2,B
medmcqa,1603,c6f01b71-fe30-41d3-8680-5d08d0b7dd15,qwen3-8b,0,0,True,0.15741942799650133,2,A
medmcqa,1604,c6f01b71-fe30-41d3-8680-5d08d0b7dd15,qwen3-8b,3,3,True,0.15322030099923722,2,D
medmcqa,1605,c6f01b71-fe30-41d3-8680-5d08d0b7dd15,qwen3-8b,3,2,False,0.15310858699376695,2,D
medmcqa,1606,c6f01b71-fe30-41d3-8680-5d08d0b7dd15,qwen3-8b,1,1,True,0.15318447002209723,2,B
medmcqa,1607,c6f01b71-fe30-41d3-8680-5d08d0b7dd15,qwen3-8b,0,1,False,0.15278606198262423,2,A
medmcqa,1608,c6f01b71-fe30-41d3-8680-5d08d0b7dd15,qwen3-8b,0,0,True,0.15501447100541554,2,A
medmcqa,1609,c6f01b71-fe30-41d3-8680-5d08d0b7dd15,qwen3-8b,0,2,False,0.154114336008206,2,A
medmcqa,1610,c6f01b71-fe30-41d3-8680-5d08d0b7dd15,qwen3-8b,0,3,False,0.1532751860213466,2,A
medmcqa,1611,c6f01b71-fe30-41d3-8680-5d08d0b7dd15,qwen3-8b,2,2,True,0.15762345399707556,2,C
medmcqa,1612,c6f01b71-fe30-41d3-8680-5d08d0b7dd15,qwen3-8b,1,1,True,0.1569088069954887,2,B
medmcqa,1613,c6f01b71-fe30-41d3-8680-5d08d0b7dd15,qwen3-8b,3,3,True,0.15468570101074874,2,D
medmcqa,1614,c6f01b71-fe30-41d3-8680-5d08d0b7dd15,qwen3-8b,0,1,False,0.1680273550155107,2,A
medmcqa,1615,c6f01b71-fe30-41d3-8680-5d08d0b7dd15,qwen3-8b,0,0,True,0.15397139597916976,2,A
medmcqa,1616,c6f01b71-fe30-41d3-8680-5d08d0b7dd15,qwen3-8b,1,1,True,0.15335749799851328,2,B
medmcqa,1617,c6f01b71-fe30-41d3-8680-5d08d0b7dd15,qwen3-8b,1,1,True,0.15169992198934779,2,B
medmcqa,1618,c6f01b71-fe30-41d3-8680-5d08d0b7dd15,qwen3-8b,0,1,False,0.1702289909881074,2,A
medmcqa,1619,c6f01b71-fe30-41d3-8680-5d08d0b7dd15,qwen3-8b,0,0,True,0.15417025500210002,2,A
medmcqa,1620,c6f01b71-fe30-41d3-8680-5d08d0b7dd15,qwen3-8b,0,0,True,0.153499837993877,2,A
medmcqa,1621,c6f01b71-fe30-41d3-8680-5d08d0b7dd15,qwen3-8b,1,1,True,0.15619877399876714,2,B
medmcqa,1622,c6f01b71-fe30-41d3-8680-5d08d0b7dd15,qwen3-8b,2,2,True,0.15538594897952862,2,C
medmcqa,1623,c6f01b71-fe30-41d3-8680-5d08d0b7dd15,qwen3-8b,0,1,False,0.16002715099602938,2,A
medmcqa,1624,c6f01b71-fe30-41d3-8680-5d08d0b7dd15,qwen3-8b,1,0,False,0.1593040640000254,2,B
medmcqa,1625,c6f01b71-fe30-41d3-8680-5d08d0b7dd15,qwen3-8b,0,2,False,0.15563018401735462,2,A
medmcqa,1626,c6f01b71-fe30-41d3-8680-5d08d0b7dd15,qwen3-8b,2,1,False,0.1538371049973648,2,C
medmcqa,1627,c6f01b71-fe30-41d3-8680-5d08d0b7dd15,qwen3-8b,2,2,True,0.1539570110035129,2,C
medmcqa,1628,c6f01b71-fe30-41d3-8680-5d08d0b7dd15,qwen3-8b,2,2,True,0.17042999601108022,2,C
medmcqa,1629,c6f01b71-fe30-41d3-8680-5d08d0b7dd15,qwen3-8b,2,2,True,0.1534377799835056,2,C
medmcqa,1630,c6f01b71-fe30-41d3-8680-5d08d0b7dd15,qwen3-8b,1,0,False,0.1687208549992647,2,B
medmcqa,1631,c6f01b71-fe30-41d3-8680-5d08d0b7dd15,qwen3-8b,3,3,True,0.15476557798683643,2,D
medmcqa,1632,c6f01b71-fe30-41d3-8680-5d08d0b7dd15,qwen3-8b,0,2,False,0.15639995099627413,2,A
medmcqa,1633,c6f01b71-fe30-41d3-8680-5d08d0b7dd15,qwen3-8b,1,2,False,0.15165226900717244,2,B
medmcqa,1634,c6f01b71-fe30-41d3-8680-5d08d0b7dd15,qwen3-8b,1,1,True,0.1552098450192716,2,B
medmcqa,1635,c6f01b71-fe30-41d3-8680-5d08d0b7dd15,qwen3-8b,1,3,False,0.16792420999263413,2,B
medmcqa,1636,c6f01b71-fe30-41d3-8680-5d08d0b7dd15,qwen3-8b,1,2,False,0.15476019401103258,2,B
medmcqa,1637,c6f01b71-fe30-41d3-8680-5d08d0b7dd15,qwen3-8b,0,1,False,0.15780290198745206,2,A
medmcqa,1638,c6f01b71-fe30-41d3-8680-5d08d0b7dd15,qwen3-8b,2,2,True,0.15396036399761215,2,C
medmcqa,1639,c6f01b71-fe30-41d3-8680-5d08d0b7dd15,qwen3-8b,3,3,True,0.16921194200403988,2,D
medmcqa,1640,c6f01b71-fe30-41d3-8680-5d08d0b7dd15,qwen3-8b,1,1,True,0.1584908649965655,2,B
medmcqa,1641,c6f01b71-fe30-41d3-8680-5d08d0b7dd15,qwen3-8b,0,0,True,0.1671252980013378,2,A
medmcqa,1642,c6f01b71-fe30-41d3-8680-5d08d0b7dd15,qwen3-8b,2,2,True,0.16702887599240057,2,C
medmcqa,1643,c6f01b71-fe30-41d3-8680-5d08d0b7dd15,qwen3-8b,1,1,True,0.1558708550001029,2,B
medmcqa,1644,c6f01b71-fe30-41d3-8680-5d08d0b7dd15,qwen3-8b,3,3,True,0.15414138699998148,2,D
medmcqa,1645,c6f01b71-fe30-41d3-8680-5d08d0b7dd15,qwen3-8b,2,2,True,0.15285112999845296,2,C
medmcqa,1646,c6f01b71-fe30-41d3-8680-5d08d0b7dd15,qwen3-8b,0,0,True,0.1561746000079438,2,A
medmcqa,1647,c6f01b71-fe30-41d3-8680-5d08d0b7dd15,qwen3-8b,2,2,True,0.1543532060168218,2,C
medmcqa,1648,c6f01b71-fe30-41d3-8680-5d08d0b7dd15,qwen3-8b,0,2,False,0.15415667899651453,2,A
medmcqa,1649,c6f01b71-fe30-41d3-8680-5d08d0b7dd15,qwen3-8b,0,0,True,0.1553221369977109,2,A
medmcqa,1650,c6f01b71-fe30-41d3-8680-5d08d0b7dd15,qwen3-8b,0,0,True,0.17183929300517775,2,A
medmcqa,1651,c6f01b71-fe30-41d3-8680-5d08d0b7dd15,qwen3-8b,3,3,True,0.1569783299928531,2,D
medmcqa,1652,c6f01b71-fe30-41d3-8680-5d08d0b7dd15,qwen3-8b,2,1,False,0.15303758799564093,2,C
medmcqa,1653,c6f01b71-fe30-41d3-8680-5d08d0b7dd15,qwen3-8b,1,1,True,0.15580906998366117,2,B
medmcqa,1654,c6f01b71-fe30-41d3-8680-5d08d0b7dd15,qwen3-8b,3,3,True,0.15344504901440814,2,D
medmcqa,1655,c6f01b71-fe30-41d3-8680-5d08d0b7dd15,qwen3-8b,1,1,True,0.16871020299731754,2,B
medmcqa,1656,c6f01b71-fe30-41d3-8680-5d08d0b7dd15,qwen3-8b,1,1,True,0.15300307399593294,2,B
medmcqa,1657,c6f01b71-fe30-41d3-8680-5d08d0b7dd15,qwen3-8b,0,1,False,0.15585406898753718,2,A
medmcqa,1658,c6f01b71-fe30-41d3-8680-5d08d0b7dd15,qwen3-8b,0,0,True,0.15603601501788944,2,A
medmcqa,1659,c6f01b71-fe30-41d3-8680-5d08d0b7dd15,qwen3-8b,2,1,False,0.15479021301143803,2,C
medmcqa,1660,c6f01b71-fe30-41d3-8680-5d08d0b7dd15,qwen3-8b,0,0,True,0.15510974000790156,2,A
medmcqa,1661,c6f01b71-fe30-41d3-8680-5d08d0b7dd15,qwen3-8b,0,0,True,0.17146554199280217,2,A
medmcqa,1662,c6f01b71-fe30-41d3-8680-5d08d0b7dd15,qwen3-8b,1,1,True,0.17469393598730676,2,B
medmcqa,1663,c6f01b71-fe30-41d3-8680-5d08d0b7dd15,qwen3-8b,2,2,True,0.15256700001191348,2,C
medmcqa,1664,c6f01b71-fe30-41d3-8680-5d08d0b7dd15,qwen3-8b,0,2,False,0.1587835090176668,2,A
medmcqa,1665,c6f01b71-fe30-41d3-8680-5d08d0b7dd15,qwen3-8b,2,1,False,0.15454822199535556,2,C
medmcqa,1666,c6f01b71-fe30-41d3-8680-5d08d0b7dd15,qwen3-8b,0,2,False,0.15345770699786954,2,A
medmcqa,1667,c6f01b71-fe30-41d3-8680-5d08d0b7dd15,qwen3-8b,1,2,False,0.16937393601983786,2,B
medmcqa,1668,c6f01b71-fe30-41d3-8680-5d08d0b7dd15,qwen3-8b,1,2,False,0.15386667402344756,2,B
medmcqa,1669,c6f01b71-fe30-41d3-8680-5d08d0b7dd15,qwen3-8b,1,1,True,0.1550318649969995,2,B
medmcqa,1670,c6f01b71-fe30-41d3-8680-5d08d0b7dd15,qwen3-8b,2,3,False,0.1520459360035602,2,C
medmcqa,1671,c6f01b71-fe30-41d3-8680-5d08d0b7dd15,qwen3-8b,2,3,False,0.1556426159804687,2,C
medmcqa,1672,c6f01b71-fe30-41d3-8680-5d08d0b7dd15,qwen3-8b,3,3,True,0.1526875910058152,2,D
medmcqa,1673,c6f01b71-fe30-41d3-8680-5d08d0b7dd15,qwen3-8b,2,2,True,0.16974493701127358,2,C
medmcqa,1674,c6f01b71-fe30-41d3-8680-5d08d0b7dd15,qwen3-8b,1,1,True,0.15561590399011038,2,B
medmcqa,1675,c6f01b71-fe30-41d3-8680-5d08d0b7dd15,qwen3-8b,1,1,True,0.1554900990158785,2,B
medmcqa,1676,c6f01b71-fe30-41d3-8680-5d08d0b7dd15,qwen3-8b,0,3,False,0.152169729990419,2,A
medmcqa,1677,c6f01b71-fe30-41d3-8680-5d08d0b7dd15,qwen3-8b,0,3,False,0.1545496809994802,2,A
medmcqa,1678,c6f01b71-fe30-41d3-8680-5d08d0b7dd15,qwen3-8b,0,3,False,0.15176176698878407,2,A
medmcqa,1679,c6f01b71-fe30-41d3-8680-5d08d0b7dd15,qwen3-8b,2,2,True,0.1701968970010057,2,C
medmcqa,1680,c6f01b71-fe30-41d3-8680-5d08d0b7dd15,qwen3-8b,3,3,True,0.15508222198695876,2,D
medmcqa,1681,c6f01b71-fe30-41d3-8680-5d08d0b7dd15,qwen3-8b,1,1,True,0.16812493398902006,2,B
medmcqa,1682,c6f01b71-fe30-41d3-8680-5d08d0b7dd15,qwen3-8b,0,2,False,0.1526911620167084,2,A
medmcqa,1683,c6f01b71-fe30-41d3-8680-5d08d0b7dd15,qwen3-8b,0,1,False,0.16855301600298844,2,A
medmcqa,1684,c6f01b71-fe30-41d3-8680-5d08d0b7dd15,qwen3-8b,2,2,True,0.15232082500006072,2,C
medmcqa,1685,c6f01b71-fe30-41d3-8680-5d08d0b7dd15,qwen3-8b,2,2,True,0.192654771002708,2,C
medmcqa,1686,c6f01b71-fe30-41d3-8680-5d08d0b7dd15,qwen3-8b,2,2,True,0.1535439119907096,2,C
medmcqa,1687,c6f01b71-fe30-41d3-8680-5d08d0b7dd15,qwen3-8b,1,1,True,0.15684227502788417,2,B
medmcqa,1688,c6f01b71-fe30-41d3-8680-5d08d0b7dd15,qwen3-8b,2,2,True,0.15846192999742925,2,C
medmcqa,1689,c6f01b71-fe30-41d3-8680-5d08d0b7dd15,qwen3-8b,0,0,True,0.1523473059933167,2,A
medmcqa,1690,c6f01b71-fe30-41d3-8680-5d08d0b7dd15,qwen3-8b,0,1,False,0.1540753430163022,2,A
medmcqa,1691,c6f01b71-fe30-41d3-8680-5d08d0b7dd15,qwen3-8b,3,0,False,0.15369517798535526,2,D
medmcqa,1692,c6f01b71-fe30-41d3-8680-5d08d0b7dd15,qwen3-8b,3,1,False,0.1539951520098839,2,D
medmcqa,1693,c6f01b71-fe30-41d3-8680-5d08d0b7dd15,qwen3-8b,3,3,True,0.15447843400761485,2,D
medmcqa,1694,c6f01b71-fe30-41d3-8680-5d08d0b7dd15,qwen3-8b,0,0,True,0.15309426200110465,2,A
medmcqa,1695,c6f01b71-fe30-41d3-8680-5d08d0b7dd15,qwen3-8b,3,2,False,0.15876111699617468,2,D
medmcqa,1696,c6f01b71-fe30-41d3-8680-5d08d0b7dd15,qwen3-8b,0,0,True,0.16804315999615937,2,A
medmcqa,1697,c6f01b71-fe30-41d3-8680-5d08d0b7dd15,qwen3-8b,1,0,False,0.15398120999452658,2,B
medmcqa,1698,c6f01b71-fe30-41d3-8680-5d08d0b7dd15,qwen3-8b,1,1,True,0.15488388898666017,2,B
medmcqa,1699,c6f01b71-fe30-41d3-8680-5d08d0b7dd15,qwen3-8b,0,2,False,0.1508901969937142,2,A
medmcqa,1700,c6f01b71-fe30-41d3-8680-5d08d0b7dd15,qwen3-8b,3,3,True,0.15442509899730794,2,D
medmcqa,1701,c6f01b71-fe30-41d3-8680-5d08d0b7dd15,qwen3-8b,0,0,True,0.15530840601422824,2,A
medmcqa,1702,c6f01b71-fe30-41d3-8680-5d08d0b7dd15,qwen3-8b,1,0,False,0.15408016799483448,2,B
medmcqa,1703,c6f01b71-fe30-41d3-8680-5d08d0b7dd15,qwen3-8b,3,0,False,0.1672643049969338,2,D
medmcqa,1704,c6f01b71-fe30-41d3-8680-5d08d0b7dd15,qwen3-8b,0,0,True,0.1544955910067074,2,A
medmcqa,1705,c6f01b71-fe30-41d3-8680-5d08d0b7dd15,qwen3-8b,3,3,True,0.15264554400346242,2,D
medmcqa,1706,c6f01b71-fe30-41d3-8680-5d08d0b7dd15,qwen3-8b,0,2,False,0.15436814099666663,2,A
medmcqa,1707,c6f01b71-fe30-41d3-8680-5d08d0b7dd15,qwen3-8b,1,1,True,0.15328504200442694,2,B
medmcqa,1708,c6f01b71-fe30-41d3-8680-5d08d0b7dd15,qwen3-8b,0,0,True,0.15378531199530698,2,A
medmcqa,1709,c6f01b71-fe30-41d3-8680-5d08d0b7dd15,qwen3-8b,3,0,False,0.17231668400927447,2,D
medmcqa,1710,c6f01b71-fe30-41d3-8680-5d08d0b7dd15,qwen3-8b,3,3,True,0.15534444697550498,2,D
medmcqa,1711,c6f01b71-fe30-41d3-8680-5d08d0b7dd15,qwen3-8b,0,1,False,0.154535831999965,2,A
medmcqa,1712,c6f01b71-fe30-41d3-8680-5d08d0b7dd15,qwen3-8b,0,0,True,0.16935772300348617,2,A
medmcqa,1713,c6f01b71-fe30-41d3-8680-5d08d0b7dd15,qwen3-8b,0,1,False,0.17594645798089914,2,A
medmcqa,1714,c6f01b71-fe30-41d3-8680-5d08d0b7dd15,qwen3-8b,0,2,False,0.1725826479960233,2,A
medmcqa,1715,c6f01b71-fe30-41d3-8680-5d08d0b7dd15,qwen3-8b,1,3,False,0.15749864600365981,2,B
medmcqa,1716,c6f01b71-fe30-41d3-8680-5d08d0b7dd15,qwen3-8b,1,1,True,0.15592416198342107,2,B
medmcqa,1717,c6f01b71-fe30-41d3-8680-5d08d0b7dd15,qwen3-8b,0,0,True,0.15685854098410346,2,A
medmcqa,1718,c6f01b71-fe30-41d3-8680-5d08d0b7dd15,qwen3-8b,0,0,True,0.1560516049794387,2,A
medmcqa,1719,c6f01b71-fe30-41d3-8680-5d08d0b7dd15,qwen3-8b,1,1,True,0.16863339001429267,2,B
medmcqa,1720,c6f01b71-fe30-41d3-8680-5d08d0b7dd15,qwen3-8b,3,3,True,0.17179421399487182,2,D
medmcqa,1721,c6f01b71-fe30-41d3-8680-5d08d0b7dd15,qwen3-8b,0,2,False,0.15326247899793088,2,A
medmcqa,1722,c6f01b71-fe30-41d3-8680-5d08d0b7dd15,qwen3-8b,2,2,True,0.15372945897979662,2,C
medmcqa,1723,c6f01b71-fe30-41d3-8680-5d08d0b7dd15,qwen3-8b,3,0,False,0.15265394499874674,2,D
medmcqa,1724,c6f01b71-fe30-41d3-8680-5d08d0b7dd15,qwen3-8b,2,2,True,0.15524758101673797,2,C
medmcqa,1725,c6f01b71-fe30-41d3-8680-5d08d0b7dd15,qwen3-8b,3,1,False,0.15584360100911,2,D
medmcqa,1726,c6f01b71-fe30-41d3-8680-5d08d0b7dd15,qwen3-8b,0,0,True,0.16822931601200253,2,A
medmcqa,1727,c6f01b71-fe30-41d3-8680-5d08d0b7dd15,qwen3-8b,0,1,False,0.1718679679906927,2,A
medmcqa,1728,c6f01b71-fe30-41d3-8680-5d08d0b7dd15,qwen3-8b,1,2,False,0.1528508100018371,2,B
medmcqa,1729,c6f01b71-fe30-41d3-8680-5d08d0b7dd15,qwen3-8b,1,0,False,0.1674245019967202,2,B
medmcqa,1730,c6f01b71-fe30-41d3-8680-5d08d0b7dd15,qwen3-8b,1,1,True,0.1580802820099052,2,B
medmcqa,1731,c6f01b71-fe30-41d3-8680-5d08d0b7dd15,qwen3-8b,0,0,True,0.15424426598474383,2,A
medmcqa,1732,c6f01b71-fe30-41d3-8680-5d08d0b7dd15,qwen3-8b,3,0,False,0.16871106199687347,2,D
medmcqa,1733,c6f01b71-fe30-41d3-8680-5d08d0b7dd15,qwen3-8b,3,1,False,0.18671341901062988,2,D
medmcqa,1734,c6f01b71-fe30-41d3-8680-5d08d0b7dd15,qwen3-8b,0,0,True,0.15197432198328897,2,A
medmcqa,1735,c6f01b71-fe30-41d3-8680-5d08d0b7dd15,qwen3-8b,0,1,False,0.19161640797392465,2,A
medmcqa,1736,c6f01b71-fe30-41d3-8680-5d08d0b7dd15,qwen3-8b,0,3,False,0.16950978999375366,2,A
medmcqa,1737,c6f01b71-fe30-41d3-8680-5d08d0b7dd15,qwen3-8b,0,1,False,0.15464053599862382,2,A
medmcqa,1738,c6f01b71-fe30-41d3-8680-5d08d0b7dd15,qwen3-8b,0,0,True,0.15646162698976696,2,A
medmcqa,1739,c6f01b71-fe30-41d3-8680-5d08d0b7dd15,qwen3-8b,0,1,False,0.167454046983039,2,A
medmcqa,1740,c6f01b71-fe30-41d3-8680-5d08d0b7dd15,qwen3-8b,0,0,True,0.15213740998296998,2,A
medmcqa,1741,c6f01b71-fe30-41d3-8680-5d08d0b7dd15,qwen3-8b,1,0,False,0.15202491701347753,2,B
medmcqa,1742,c6f01b71-fe30-41d3-8680-5d08d0b7dd15,qwen3-8b,0,0,True,0.15401436400134116,2,A
medmcqa,1743,c6f01b71-fe30-41d3-8680-5d08d0b7dd15,qwen3-8b,1,1,True,0.16746865000459366,2,B
medmcqa,1744,c6f01b71-fe30-41d3-8680-5d08d0b7dd15,qwen3-8b,1,1,True,0.16774795201490633,2,B
medmcqa,1745,c6f01b71-fe30-41d3-8680-5d08d0b7dd15,qwen3-8b,0,0,True,0.15355950998491608,2,A
medmcqa,1746,c6f01b71-fe30-41d3-8680-5d08d0b7dd15,qwen3-8b,3,2,False,0.17299510099110194,2,D
medmcqa,1747,c6f01b71-fe30-41d3-8680-5d08d0b7dd15,qwen3-8b,2,0,False,0.1534823789843358,2,C
medmcqa,1748,c6f01b71-fe30-41d3-8680-5d08d0b7dd15,qwen3-8b,0,0,True,0.1731557979946956,2,A
medmcqa,1749,c6f01b71-fe30-41d3-8680-5d08d0b7dd15,qwen3-8b,0,2,False,0.15860781198716722,2,A
medmcqa,1750,c6f01b71-fe30-41d3-8680-5d08d0b7dd15,qwen3-8b,2,2,True,0.1559710759902373,2,C
medmcqa,1751,c6f01b71-fe30-41d3-8680-5d08d0b7dd15,qwen3-8b,1,1,True,0.15518312700442038,2,B
medmcqa,1752,c6f01b71-fe30-41d3-8680-5d08d0b7dd15,qwen3-8b,0,2,False,0.16848289800691418,2,A
medmcqa,1753,c6f01b71-fe30-41d3-8680-5d08d0b7dd15,qwen3-8b,2,2,True,0.15613151399884373,2,C
medmcqa,1754,c6f01b71-fe30-41d3-8680-5d08d0b7dd15,qwen3-8b,2,2,True,0.15300752100301906,2,C
medmcqa,1755,c6f01b71-fe30-41d3-8680-5d08d0b7dd15,qwen3-8b,1,1,True,0.17055592700489797,2,B
medmcqa,1756,c6f01b71-fe30-41d3-8680-5d08d0b7dd15,qwen3-8b,1,0,False,0.1522229489928577,2,B
medmcqa,1757,c6f01b71-fe30-41d3-8680-5d08d0b7dd15,qwen3-8b,1,1,True,0.15380260301753879,2,B
medmcqa,1758,c6f01b71-fe30-41d3-8680-5d08d0b7dd15,qwen3-8b,0,0,True,0.16713803299353458,2,A
medmcqa,1759,c6f01b71-fe30-41d3-8680-5d08d0b7dd15,qwen3-8b,0,0,True,0.1542887430114206,2,A
medmcqa,1760,c6f01b71-fe30-41d3-8680-5d08d0b7dd15,qwen3-8b,0,0,True,0.1579869750130456,2,A
medmcqa,1761,c6f01b71-fe30-41d3-8680-5d08d0b7dd15,qwen3-8b,1,3,False,0.1701658780220896,2,B
medmcqa,1762,c6f01b71-fe30-41d3-8680-5d08d0b7dd15,qwen3-8b,1,1,True,0.15448488501715474,2,B
medmcqa,1763,c6f01b71-fe30-41d3-8680-5d08d0b7dd15,qwen3-8b,0,3,False,0.15909427899168804,2,A
medmcqa,1764,c6f01b71-fe30-41d3-8680-5d08d0b7dd15,qwen3-8b,2,2,True,0.15363100401009433,2,C
medmcqa,1765,c6f01b71-fe30-41d3-8680-5d08d0b7dd15,qwen3-8b,0,1,False,0.15385421298560686,2,A
medmcqa,1766,c6f01b71-fe30-41d3-8680-5d08d0b7dd15,qwen3-8b,1,0,False,0.15420377597911283,2,B
medmcqa,1767,c6f01b71-fe30-41d3-8680-5d08d0b7dd15,qwen3-8b,0,0,True,0.16897569099091925,2,A
medmcqa,1768,c6f01b71-fe30-41d3-8680-5d08d0b7dd15,qwen3-8b,0,3,False,0.1548864940123167,2,A
medmcqa,1769,c6f01b71-fe30-41d3-8680-5d08d0b7dd15,qwen3-8b,1,1,True,0.15421260200673714,2,B
medmcqa,1770,c6f01b71-fe30-41d3-8680-5d08d0b7dd15,qwen3-8b,2,2,True,0.15449273600825109,2,C
medmcqa,1771,c6f01b71-fe30-41d3-8680-5d08d0b7dd15,qwen3-8b,1,2,False,0.15374308099853806,2,B
medmcqa,1772,c6f01b71-fe30-41d3-8680-5d08d0b7dd15,qwen3-8b,2,2,True,0.15633915600483306,2,C
medmcqa,1773,c6f01b71-fe30-41d3-8680-5d08d0b7dd15,qwen3-8b,1,0,False,0.15389331200276501,2,B
medmcqa,1774,c6f01b71-fe30-41d3-8680-5d08d0b7dd15,qwen3-8b,1,3,False,0.1722590280114673,2,B
medmcqa,1775,c6f01b71-fe30-41d3-8680-5d08d0b7dd15,qwen3-8b,0,0,True,0.1562913160014432,2,A
medmcqa,1776,c6f01b71-fe30-41d3-8680-5d08d0b7dd15,qwen3-8b,1,1,True,0.15361807798035443,2,B
medmcqa,1777,c6f01b71-fe30-41d3-8680-5d08d0b7dd15,qwen3-8b,0,0,True,0.17148747900500894,2,A
medmcqa,1778,c6f01b71-fe30-41d3-8680-5d08d0b7dd15,qwen3-8b,1,1,True,0.15329702000599355,2,B
medmcqa,1779,c6f01b71-fe30-41d3-8680-5d08d0b7dd15,qwen3-8b,0,0,True,0.1537977959960699,2,A
medmcqa,1780,c6f01b71-fe30-41d3-8680-5d08d0b7dd15,qwen3-8b,2,2,True,0.16795277400524355,2,C
medmcqa,1781,c6f01b71-fe30-41d3-8680-5d08d0b7dd15,qwen3-8b,0,0,True,0.15518506200169213,2,A
medmcqa,1782,c6f01b71-fe30-41d3-8680-5d08d0b7dd15,qwen3-8b,1,0,False,0.15241670201066881,2,B
medmcqa,1783,c6f01b71-fe30-41d3-8680-5d08d0b7dd15,qwen3-8b,0,0,True,0.16866613100864924,2,A
medmcqa,1784,c6f01b71-fe30-41d3-8680-5d08d0b7dd15,qwen3-8b,2,2,True,0.1561242590250913,2,C
medmcqa,1785,c6f01b71-fe30-41d3-8680-5d08d0b7dd15,qwen3-8b,3,3,True,0.15289519500220194,2,D
medmcqa,1786,c6f01b71-fe30-41d3-8680-5d08d0b7dd15,qwen3-8b,1,1,True,0.16881667901179753,2,B
medmcqa,1787,c6f01b71-fe30-41d3-8680-5d08d0b7dd15,qwen3-8b,0,0,True,0.19365345902042463,2,A
medmcqa,1788,c6f01b71-fe30-41d3-8680-5d08d0b7dd15,qwen3-8b,1,1,True,0.15338436601450667,2,B
medmcqa,1789,c6f01b71-fe30-41d3-8680-5d08d0b7dd15,qwen3-8b,0,3,False,0.1541459629952442,2,A
medmcqa,1790,c6f01b71-fe30-41d3-8680-5d08d0b7dd15,qwen3-8b,0,0,True,0.15456845401786268,2,A
medmcqa,1791,c6f01b71-fe30-41d3-8680-5d08d0b7dd15,qwen3-8b,0,1,False,0.16854553000302985,2,A
medmcqa,1792,c6f01b71-fe30-41d3-8680-5d08d0b7dd15,qwen3-8b,1,3,False,0.16930247397976927,2,B
medmcqa,1793,c6f01b71-fe30-41d3-8680-5d08d0b7dd15,qwen3-8b,0,1,False,0.16722320800181478,2,A
medmcqa,1794,c6f01b71-fe30-41d3-8680-5d08d0b7dd15,qwen3-8b,0,0,True,0.15828570199664682,2,A
medmcqa,1795,c6f01b71-fe30-41d3-8680-5d08d0b7dd15,qwen3-8b,1,2,False,0.15089214901672676,2,B
medmcqa,1796,c6f01b71-fe30-41d3-8680-5d08d0b7dd15,qwen3-8b,2,2,True,0.1509527150192298,2,C
medmcqa,1797,c6f01b71-fe30-41d3-8680-5d08d0b7dd15,qwen3-8b,1,0,False,0.16967833001399413,2,B
medmcqa,1798,c6f01b71-fe30-41d3-8680-5d08d0b7dd15,qwen3-8b,1,1,True,0.1531024079886265,2,B
medmcqa,1799,c6f01b71-fe30-41d3-8680-5d08d0b7dd15,qwen3-8b,1,0,False,0.15623639401746914,2,B
medmcqa,1800,c6f01b71-fe30-41d3-8680-5d08d0b7dd15,qwen3-8b,1,2,False,0.15761445398675278,2,B
medmcqa,1801,c6f01b71-fe30-41d3-8680-5d08d0b7dd15,qwen3-8b,0,1,False,0.159532368008513,2,A
medmcqa,1802,c6f01b71-fe30-41d3-8680-5d08d0b7dd15,qwen3-8b,1,1,True,0.1686316010018345,2,B
medmcqa,1803,c6f01b71-fe30-41d3-8680-5d08d0b7dd15,qwen3-8b,3,3,True,0.15542094799457118,2,D
medmcqa,1804,c6f01b71-fe30-41d3-8680-5d08d0b7dd15,qwen3-8b,0,0,True,0.15702666700235568,2,A
medmcqa,1805,c6f01b71-fe30-41d3-8680-5d08d0b7dd15,qwen3-8b,1,0,False,0.15530057801515795,2,B
medmcqa,1806,c6f01b71-fe30-41d3-8680-5d08d0b7dd15,qwen3-8b,0,2,False,0.15252291999058798,2,A
medmcqa,1807,c6f01b71-fe30-41d3-8680-5d08d0b7dd15,qwen3-8b,1,1,True,0.17057233199011534,2,B
medmcqa,1808,c6f01b71-fe30-41d3-8680-5d08d0b7dd15,qwen3-8b,0,1,False,0.15722483198624104,2,A
medmcqa,1809,c6f01b71-fe30-41d3-8680-5d08d0b7dd15,qwen3-8b,0,0,True,0.15484507998917252,2,A
medmcqa,1810,c6f01b71-fe30-41d3-8680-5d08d0b7dd15,qwen3-8b,1,1,True,0.15299852000316605,2,B
medmcqa,1811,c6f01b71-fe30-41d3-8680-5d08d0b7dd15,qwen3-8b,2,0,False,0.15474236101727,2,C
medmcqa,1812,c6f01b71-fe30-41d3-8680-5d08d0b7dd15,qwen3-8b,1,1,True,0.16790185900754295,2,B
medmcqa,1813,c6f01b71-fe30-41d3-8680-5d08d0b7dd15,qwen3-8b,0,0,True,0.16892340200138278,2,A
medmcqa,1814,c6f01b71-fe30-41d3-8680-5d08d0b7dd15,qwen3-8b,0,0,True,0.16779856401262805,2,A
medmcqa,1815,c6f01b71-fe30-41d3-8680-5d08d0b7dd15,qwen3-8b,0,3,False,0.16991175801376812,2,A
medmcqa,1816,c6f01b71-fe30-41d3-8680-5d08d0b7dd15,qwen3-8b,2,3,False,0.1687648080114741,2,C
medmcqa,1817,c6f01b71-fe30-41d3-8680-5d08d0b7dd15,qwen3-8b,1,0,False,0.16798725200351328,2,B
medmcqa,1818,c6f01b71-fe30-41d3-8680-5d08d0b7dd15,qwen3-8b,0,0,True,0.17011202999856323,2,A
medmcqa,1819,c6f01b71-fe30-41d3-8680-5d08d0b7dd15,qwen3-8b,3,3,True,0.15309307898860425,2,D
medmcqa,1820,c6f01b71-fe30-41d3-8680-5d08d0b7dd15,qwen3-8b,0,0,True,0.1680096400086768,2,A
medmcqa,1821,c6f01b71-fe30-41d3-8680-5d08d0b7dd15,qwen3-8b,1,1,True,0.16955341800348833,2,B
medmcqa,1822,c6f01b71-fe30-41d3-8680-5d08d0b7dd15,qwen3-8b,1,1,True,0.15439861800405197,2,B
medmcqa,1823,c6f01b71-fe30-41d3-8680-5d08d0b7dd15,qwen3-8b,1,1,True,0.15350372798275203,2,B
medmcqa,1824,c6f01b71-fe30-41d3-8680-5d08d0b7dd15,qwen3-8b,2,2,True,0.1549814579775557,2,C
medmcqa,1825,c6f01b71-fe30-41d3-8680-5d08d0b7dd15,qwen3-8b,1,0,False,0.16770553699461743,2,B
medmcqa,1826,c6f01b71-fe30-41d3-8680-5d08d0b7dd15,qwen3-8b,3,0,False,0.17384874197887257,2,D
medmcqa,1827,c6f01b71-fe30-41d3-8680-5d08d0b7dd15,qwen3-8b,0,1,False,0.15453132402035408,2,A
medmcqa,1828,c6f01b71-fe30-41d3-8680-5d08d0b7dd15,qwen3-8b,2,2,True,0.15895114798331633,2,C
medmcqa,1829,c6f01b71-fe30-41d3-8680-5d08d0b7dd15,qwen3-8b,0,3,False,0.15760643300018273,2,A
medmcqa,1830,c6f01b71-fe30-41d3-8680-5d08d0b7dd15,qwen3-8b,0,0,True,0.1560251940099988,2,A
medmcqa,1831,c6f01b71-fe30-41d3-8680-5d08d0b7dd15,qwen3-8b,2,2,True,0.16878016799455509,2,C
medmcqa,1832,c6f01b71-fe30-41d3-8680-5d08d0b7dd15,qwen3-8b,0,0,True,0.15211749999434687,2,A
medmcqa,1833,c6f01b71-fe30-41d3-8680-5d08d0b7dd15,qwen3-8b,2,2,True,0.15283081601955928,2,C
medmcqa,1834,c6f01b71-fe30-41d3-8680-5d08d0b7dd15,qwen3-8b,0,0,True,0.15328674300690182,2,A
medmcqa,1835,c6f01b71-fe30-41d3-8680-5d08d0b7dd15,qwen3-8b,0,0,True,0.15592348598875105,2,A
medmcqa,1836,c6f01b71-fe30-41d3-8680-5d08d0b7dd15,qwen3-8b,2,2,True,0.15371887700166553,2,C
medmcqa,1837,c6f01b71-fe30-41d3-8680-5d08d0b7dd15,qwen3-8b,0,0,True,0.15432283401605673,2,A
medmcqa,1838,c6f01b71-fe30-41d3-8680-5d08d0b7dd15,qwen3-8b,0,1,False,0.158815898001194,2,A
medmcqa,1839,c6f01b71-fe30-41d3-8680-5d08d0b7dd15,qwen3-8b,1,1,True,0.1727529919880908,2,B
medmcqa,1840,c6f01b71-fe30-41d3-8680-5d08d0b7dd15,qwen3-8b,2,2,True,0.15805889200419188,2,C
medmcqa,1841,c6f01b71-fe30-41d3-8680-5d08d0b7dd15,qwen3-8b,2,2,True,0.15313444699859247,2,C
medmcqa,1842,c6f01b71-fe30-41d3-8680-5d08d0b7dd15,qwen3-8b,0,2,False,0.1526333159999922,2,A
medmcqa,1843,c6f01b71-fe30-41d3-8680-5d08d0b7dd15,qwen3-8b,1,1,True,0.16769466499681585,2,B
medmcqa,1844,c6f01b71-fe30-41d3-8680-5d08d0b7dd15,qwen3-8b,0,0,True,0.1529557189787738,2,A
medmcqa,1845,c6f01b71-fe30-41d3-8680-5d08d0b7dd15,qwen3-8b,1,1,True,0.1534928269975353,2,B
medmcqa,1846,c6f01b71-fe30-41d3-8680-5d08d0b7dd15,qwen3-8b,0,0,True,0.15126772699295543,2,A
medmcqa,1847,c6f01b71-fe30-41d3-8680-5d08d0b7dd15,qwen3-8b,0,0,True,0.1555716190196108,2,A
medmcqa,1848,c6f01b71-fe30-41d3-8680-5d08d0b7dd15,qwen3-8b,1,0,False,0.16934281002613716,2,B
medmcqa,1849,c6f01b71-fe30-41d3-8680-5d08d0b7dd15,qwen3-8b,0,1,False,0.1542170439788606,2,A
medmcqa,1850,c6f01b71-fe30-41d3-8680-5d08d0b7dd15,qwen3-8b,0,0,True,0.17061448798631318,2,A
medmcqa,1851,c6f01b71-fe30-41d3-8680-5d08d0b7dd15,qwen3-8b,2,0,False,0.1543177130224649,2,C
medmcqa,1852,c6f01b71-fe30-41d3-8680-5d08d0b7dd15,qwen3-8b,0,0,True,0.1572231890168041,2,A
medmcqa,1853,c6f01b71-fe30-41d3-8680-5d08d0b7dd15,qwen3-8b,0,0,True,0.17178021802101284,2,A
medmcqa,1854,c6f01b71-fe30-41d3-8680-5d08d0b7dd15,qwen3-8b,0,3,False,0.15909894101787359,2,A
medmcqa,1855,c6f01b71-fe30-41d3-8680-5d08d0b7dd15,qwen3-8b,0,0,True,0.15476626498275436,2,A
medmcqa,1856,c6f01b71-fe30-41d3-8680-5d08d0b7dd15,qwen3-8b,0,1,False,0.15565011400030926,2,A
medmcqa,1857,c6f01b71-fe30-41d3-8680-5d08d0b7dd15,qwen3-8b,1,1,True,0.15574525500414893,2,B
medmcqa,1858,c6f01b71-fe30-41d3-8680-5d08d0b7dd15,qwen3-8b,0,2,False,0.1685681420203764,2,A
medmcqa,1859,c6f01b71-fe30-41d3-8680-5d08d0b7dd15,qwen3-8b,3,1,False,0.16116622200934216,2,D
medmcqa,1860,c6f01b71-fe30-41d3-8680-5d08d0b7dd15,qwen3-8b,3,0,False,0.1700240169884637,2,D
medmcqa,1861,c6f01b71-fe30-41d3-8680-5d08d0b7dd15,qwen3-8b,0,0,True,0.1548040530178696,2,A
medmcqa,1862,c6f01b71-fe30-41d3-8680-5d08d0b7dd15,qwen3-8b,2,1,False,0.1548381739994511,2,C
medmcqa,1863,c6f01b71-fe30-41d3-8680-5d08d0b7dd15,qwen3-8b,0,3,False,0.15815622999798506,2,A
medmcqa,1864,c6f01b71-fe30-41d3-8680-5d08d0b7dd15,qwen3-8b,0,0,True,0.15952019998803735,2,A
medmcqa,1865,c6f01b71-fe30-41d3-8680-5d08d0b7dd15,qwen3-8b,3,3,True,0.21284938501776196,2,D
medmcqa,1866,c6f01b71-fe30-41d3-8680-5d08d0b7dd15,qwen3-8b,2,2,True,0.15749238600255921,2,C
medmcqa,1867,c6f01b71-fe30-41d3-8680-5d08d0b7dd15,qwen3-8b,0,3,False,0.1580149499932304,2,A
medmcqa,1868,c6f01b71-fe30-41d3-8680-5d08d0b7dd15,qwen3-8b,0,3,False,0.17821014299988747,2,A
medmcqa,1869,c6f01b71-fe30-41d3-8680-5d08d0b7dd15,qwen3-8b,0,2,False,0.15899750200333074,2,A
medmcqa,1870,c6f01b71-fe30-41d3-8680-5d08d0b7dd15,qwen3-8b,0,3,False,0.17144600799656473,2,A
medmcqa,1871,c6f01b71-fe30-41d3-8680-5d08d0b7dd15,qwen3-8b,3,3,True,0.15641194299678318,2,D
medmcqa,1872,c6f01b71-fe30-41d3-8680-5d08d0b7dd15,qwen3-8b,0,3,False,0.16581006700289436,2,A
medmcqa,1873,c6f01b71-fe30-41d3-8680-5d08d0b7dd15,qwen3-8b,3,1,False,0.15311839600326493,2,D
medmcqa,1874,c6f01b71-fe30-41d3-8680-5d08d0b7dd15,qwen3-8b,2,3,False,0.16964969801483676,2,C
medmcqa,1875,c6f01b71-fe30-41d3-8680-5d08d0b7dd15,qwen3-8b,2,0,False,0.15480261598713696,2,C
medmcqa,1876,c6f01b71-fe30-41d3-8680-5d08d0b7dd15,qwen3-8b,1,0,False,0.17709237700910307,2,B
medmcqa,1877,c6f01b71-fe30-41d3-8680-5d08d0b7dd15,qwen3-8b,1,3,False,0.15626959799556062,2,B
medmcqa,1878,c6f01b71-fe30-41d3-8680-5d08d0b7dd15,qwen3-8b,0,0,True,0.15412843599915504,2,A
medmcqa,1879,c6f01b71-fe30-41d3-8680-5d08d0b7dd15,qwen3-8b,3,1,False,0.1581132499850355,2,D
medmcqa,1880,c6f01b71-fe30-41d3-8680-5d08d0b7dd15,qwen3-8b,1,1,True,0.16897000701283105,2,B
medmcqa,1881,c6f01b71-fe30-41d3-8680-5d08d0b7dd15,qwen3-8b,0,0,True,0.15229094901587814,2,A
medmcqa,1882,c6f01b71-fe30-41d3-8680-5d08d0b7dd15,qwen3-8b,2,2,True,0.15252356202108786,2,C
medmcqa,1883,c6f01b71-fe30-41d3-8680-5d08d0b7dd15,qwen3-8b,2,3,False,0.15487640499486588,2,C
medmcqa,1884,c6f01b71-fe30-41d3-8680-5d08d0b7dd15,qwen3-8b,1,3,False,0.15441489301156253,2,B
medmcqa,1885,c6f01b71-fe30-41d3-8680-5d08d0b7dd15,qwen3-8b,0,2,False,0.15355735400225967,2,A
medmcqa,1886,c6f01b71-fe30-41d3-8680-5d08d0b7dd15,qwen3-8b,0,2,False,0.17233854401274584,2,A
medmcqa,1887,c6f01b71-fe30-41d3-8680-5d08d0b7dd15,qwen3-8b,1,0,False,0.16854545299429446,2,B
medmcqa,1888,c6f01b71-fe30-41d3-8680-5d08d0b7dd15,qwen3-8b,0,3,False,0.16821075798361562,2,A
medmcqa,1889,c6f01b71-fe30-41d3-8680-5d08d0b7dd15,qwen3-8b,0,2,False,0.16967036901041865,2,A
medmcqa,1890,c6f01b71-fe30-41d3-8680-5d08d0b7dd15,qwen3-8b,3,3,True,0.1669260910130106,2,D
medmcqa,1891,c6f01b71-fe30-41d3-8680-5d08d0b7dd15,qwen3-8b,2,2,True,0.15379308600677177,2,C
medmcqa,1892,c6f01b71-fe30-41d3-8680-5d08d0b7dd15,qwen3-8b,0,1,False,0.16707945000962354,2,A
medmcqa,1893,c6f01b71-fe30-41d3-8680-5d08d0b7dd15,qwen3-8b,3,2,False,0.15457930098637007,2,D
medmcqa,1894,c6f01b71-fe30-41d3-8680-5d08d0b7dd15,qwen3-8b,0,0,True,0.1527909119904507,2,A
medmcqa,1895,c6f01b71-fe30-41d3-8680-5d08d0b7dd15,qwen3-8b,3,1,False,0.16978310499689542,2,D
medmcqa,1896,c6f01b71-fe30-41d3-8680-5d08d0b7dd15,qwen3-8b,0,0,True,0.1560729319753591,2,A
medmcqa,1897,c6f01b71-fe30-41d3-8680-5d08d0b7dd15,qwen3-8b,3,0,False,0.15192367898998782,2,D
medmcqa,1898,c6f01b71-fe30-41d3-8680-5d08d0b7dd15,qwen3-8b,1,1,True,0.1685645869874861,2,B
medmcqa,1899,c6f01b71-fe30-41d3-8680-5d08d0b7dd15,qwen3-8b,1,1,True,0.15433745601330884,2,B
medmcqa,1900,c6f01b71-fe30-41d3-8680-5d08d0b7dd15,qwen3-8b,3,3,True,0.17128734299330972,2,D
medmcqa,1901,c6f01b71-fe30-41d3-8680-5d08d0b7dd15,qwen3-8b,1,1,True,0.1529976990132127,2,B
medmcqa,1902,c6f01b71-fe30-41d3-8680-5d08d0b7dd15,qwen3-8b,1,3,False,0.15448028399259783,2,B
medmcqa,1903,c6f01b71-fe30-41d3-8680-5d08d0b7dd15,qwen3-8b,2,0,False,0.15371512901037931,2,C
medmcqa,1904,c6f01b71-fe30-41d3-8680-5d08d0b7dd15,qwen3-8b,1,1,True,0.15455068199662492,2,B
medmcqa,1905,c6f01b71-fe30-41d3-8680-5d08d0b7dd15,qwen3-8b,2,2,True,0.17008979400270618,2,C
medmcqa,1906,c6f01b71-fe30-41d3-8680-5d08d0b7dd15,qwen3-8b,0,0,True,0.15268232001108117,2,A
medmcqa,1907,c6f01b71-fe30-41d3-8680-5d08d0b7dd15,qwen3-8b,1,1,True,0.15329110299353488,2,B
medmcqa,1908,c6f01b71-fe30-41d3-8680-5d08d0b7dd15,qwen3-8b,0,1,False,0.1691260980151128,2,A
medmcqa,1909,c6f01b71-fe30-41d3-8680-5d08d0b7dd15,qwen3-8b,2,1,False,0.16714911299641244,2,C
medmcqa,1910,c6f01b71-fe30-41d3-8680-5d08d0b7dd15,qwen3-8b,1,1,True,0.15406387698021717,2,B
medmcqa,1911,c6f01b71-fe30-41d3-8680-5d08d0b7dd15,qwen3-8b,3,2,False,0.15521465000347234,2,D
medmcqa,1912,c6f01b71-fe30-41d3-8680-5d08d0b7dd15,qwen3-8b,0,1,False,0.15341766201891005,2,A
medmcqa,1913,c6f01b71-fe30-41d3-8680-5d08d0b7dd15,qwen3-8b,2,2,True,0.1561560179980006,2,C
medmcqa,1914,c6f01b71-fe30-41d3-8680-5d08d0b7dd15,qwen3-8b,3,0,False,0.15670052001951262,2,D
medmcqa,1915,c6f01b71-fe30-41d3-8680-5d08d0b7dd15,qwen3-8b,0,1,False,0.17078929298440926,2,A
medmcqa,1916,c6f01b71-fe30-41d3-8680-5d08d0b7dd15,qwen3-8b,1,0,False,0.15445410402026027,2,B
medmcqa,1917,c6f01b71-fe30-41d3-8680-5d08d0b7dd15,qwen3-8b,1,1,True,0.1527135650103446,2,B
medmcqa,1918,c6f01b71-fe30-41d3-8680-5d08d0b7dd15,qwen3-8b,2,3,False,0.15609864599537104,2,C
medmcqa,1919,c6f01b71-fe30-41d3-8680-5d08d0b7dd15,qwen3-8b,0,0,True,0.16109662101371214,2,A
medmcqa,1920,c6f01b71-fe30-41d3-8680-5d08d0b7dd15,qwen3-8b,3,3,True,0.16061545300181024,2,D
medmcqa,1921,c6f01b71-fe30-41d3-8680-5d08d0b7dd15,qwen3-8b,2,2,True,0.15584629500517622,2,C
medmcqa,1922,c6f01b71-fe30-41d3-8680-5d08d0b7dd15,qwen3-8b,1,1,True,0.157715105015086,2,B
medmcqa,1923,c6f01b71-fe30-41d3-8680-5d08d0b7dd15,qwen3-8b,1,2,False,0.1688088630035054,2,B
medmcqa,1924,c6f01b71-fe30-41d3-8680-5d08d0b7dd15,qwen3-8b,3,3,True,0.16877136498806067,2,D
medmcqa,1925,c6f01b71-fe30-41d3-8680-5d08d0b7dd15,qwen3-8b,2,2,True,0.1540050390176475,2,C
medmcqa,1926,c6f01b71-fe30-41d3-8680-5d08d0b7dd15,qwen3-8b,0,0,True,0.15335375201539136,2,A
medmcqa,1927,c6f01b71-fe30-41d3-8680-5d08d0b7dd15,qwen3-8b,3,2,False,0.15666690398938954,2,D
medmcqa,1928,c6f01b71-fe30-41d3-8680-5d08d0b7dd15,qwen3-8b,0,0,True,0.16980591000174172,2,A
medmcqa,1929,c6f01b71-fe30-41d3-8680-5d08d0b7dd15,qwen3-8b,0,0,True,0.15325911200488918,2,A
medmcqa,1930,c6f01b71-fe30-41d3-8680-5d08d0b7dd15,qwen3-8b,0,3,False,0.16663626398076303,2,A
medmcqa,1931,c6f01b71-fe30-41d3-8680-5d08d0b7dd15,qwen3-8b,1,2,False,0.15364597699954174,2,B
medmcqa,1932,c6f01b71-fe30-41d3-8680-5d08d0b7dd15,qwen3-8b,0,0,True,0.1554342019953765,2,A
medmcqa,1933,c6f01b71-fe30-41d3-8680-5d08d0b7dd15,qwen3-8b,1,3,False,0.15275678801117465,2,B
medmcqa,1934,c6f01b71-fe30-41d3-8680-5d08d0b7dd15,qwen3-8b,2,2,True,0.15283337401342578,2,C
medmcqa,1935,c6f01b71-fe30-41d3-8680-5d08d0b7dd15,qwen3-8b,0,2,False,0.16546308400575072,2,A
medmcqa,1936,c6f01b71-fe30-41d3-8680-5d08d0b7dd15,qwen3-8b,2,2,True,0.15299527399474755,2,C
medmcqa,1937,c6f01b71-fe30-41d3-8680-5d08d0b7dd15,qwen3-8b,0,3,False,0.17023926100227982,2,A
medmcqa,1938,c6f01b71-fe30-41d3-8680-5d08d0b7dd15,qwen3-8b,3,1,False,0.15258311500656419,2,D
medmcqa,1939,c6f01b71-fe30-41d3-8680-5d08d0b7dd15,qwen3-8b,2,2,True,0.1699686080100946,2,C
medmcqa,1940,c6f01b71-fe30-41d3-8680-5d08d0b7dd15,qwen3-8b,0,0,True,0.15510900202207267,2,A
medmcqa,1941,c6f01b71-fe30-41d3-8680-5d08d0b7dd15,qwen3-8b,3,2,False,0.1534407610015478,2,D
medmcqa,1942,c6f01b71-fe30-41d3-8680-5d08d0b7dd15,qwen3-8b,0,0,True,0.15516974500496872,2,A
medmcqa,1943,c6f01b71-fe30-41d3-8680-5d08d0b7dd15,qwen3-8b,0,2,False,0.1519430800108239,2,A
medmcqa,1944,c6f01b71-fe30-41d3-8680-5d08d0b7dd15,qwen3-8b,0,3,False,0.19056946600903757,2,A
medmcqa,1945,c6f01b71-fe30-41d3-8680-5d08d0b7dd15,qwen3-8b,0,0,True,0.15164354399894364,2,A
medmcqa,1946,c6f01b71-fe30-41d3-8680-5d08d0b7dd15,qwen3-8b,2,3,False,0.1558731939876452,2,C
medmcqa,1947,c6f01b71-fe30-41d3-8680-5d08d0b7dd15,qwen3-8b,2,2,True,0.1524608600011561,2,C
medmcqa,1948,c6f01b71-fe30-41d3-8680-5d08d0b7dd15,qwen3-8b,0,1,False,0.16837247199146077,2,A
medmcqa,1949,c6f01b71-fe30-41d3-8680-5d08d0b7dd15,qwen3-8b,2,2,True,0.1530488169810269,2,C
medmcqa,1950,c6f01b71-fe30-41d3-8680-5d08d0b7dd15,qwen3-8b,2,3,False,0.15586102599627338,2,C
medmcqa,1951,c6f01b71-fe30-41d3-8680-5d08d0b7dd15,qwen3-8b,3,3,True,0.15361705201212317,2,D
medmcqa,1952,c6f01b71-fe30-41d3-8680-5d08d0b7dd15,qwen3-8b,1,2,False,0.15224613097961992,2,B
medmcqa,1953,c6f01b71-fe30-41d3-8680-5d08d0b7dd15,qwen3-8b,1,1,True,0.1576547890144866,2,B
medmcqa,1954,c6f01b71-fe30-41d3-8680-5d08d0b7dd15,qwen3-8b,2,3,False,0.17047010801616125,2,C
medmcqa,1955,c6f01b71-fe30-41d3-8680-5d08d0b7dd15,qwen3-8b,2,2,True,0.15386329899774864,2,C
medmcqa,1956,c6f01b71-fe30-41d3-8680-5d08d0b7dd15,qwen3-8b,3,3,True,0.15313198100193404,2,D
medmcqa,1957,c6f01b71-fe30-41d3-8680-5d08d0b7dd15,qwen3-8b,2,0,False,0.15288296900689602,2,C
medmcqa,1958,c6f01b71-fe30-41d3-8680-5d08d0b7dd15,qwen3-8b,0,0,True,0.15629419300239533,2,A
medmcqa,1959,c6f01b71-fe30-41d3-8680-5d08d0b7dd15,qwen3-8b,0,2,False,0.15274316899012774,2,A
medmcqa,1960,c6f01b71-fe30-41d3-8680-5d08d0b7dd15,qwen3-8b,0,0,True,0.16819275400484912,2,A
medmcqa,1961,c6f01b71-fe30-41d3-8680-5d08d0b7dd15,qwen3-8b,2,2,True,0.15196838899282739,2,C
medmcqa,1962,c6f01b71-fe30-41d3-8680-5d08d0b7dd15,qwen3-8b,3,3,True,0.1553577309823595,2,D
medmcqa,1963,c6f01b71-fe30-41d3-8680-5d08d0b7dd15,qwen3-8b,1,1,True,0.17024876701179892,2,B
medmcqa,1964,c6f01b71-fe30-41d3-8680-5d08d0b7dd15,qwen3-8b,1,0,False,0.159384881000733,2,B
medmcqa,1965,c6f01b71-fe30-41d3-8680-5d08d0b7dd15,qwen3-8b,1,1,True,0.15497709400369786,2,B
medmcqa,1966,c6f01b71-fe30-41d3-8680-5d08d0b7dd15,qwen3-8b,0,3,False,0.15528088199789636,2,A
medmcqa,1967,c6f01b71-fe30-41d3-8680-5d08d0b7dd15,qwen3-8b,3,1,False,0.19107842299854383,2,D
medmcqa,1968,c6f01b71-fe30-41d3-8680-5d08d0b7dd15,qwen3-8b,3,0,False,0.15223975901608355,2,D
medmcqa,1969,c6f01b71-fe30-41d3-8680-5d08d0b7dd15,qwen3-8b,1,2,False,0.16898202101583593,2,B
medmcqa,1970,c6f01b71-fe30-41d3-8680-5d08d0b7dd15,qwen3-8b,0,0,True,0.1683802189945709,2,A
medmcqa,1971,c6f01b71-fe30-41d3-8680-5d08d0b7dd15,qwen3-8b,0,0,True,0.15468823199626058,2,A
medmcqa,1972,c6f01b71-fe30-41d3-8680-5d08d0b7dd15,qwen3-8b,0,0,True,0.15273452701512724,2,A
medmcqa,1973,c6f01b71-fe30-41d3-8680-5d08d0b7dd15,qwen3-8b,2,2,True,0.15385701900231652,2,C
medmcqa,1974,c6f01b71-fe30-41d3-8680-5d08d0b7dd15,qwen3-8b,1,0,False,0.1529097599850502,2,B
medmcqa,1975,c6f01b71-fe30-41d3-8680-5d08d0b7dd15,qwen3-8b,2,2,True,0.16925304001779296,2,C
medmcqa,1976,c6f01b71-fe30-41d3-8680-5d08d0b7dd15,qwen3-8b,0,1,False,0.15296526401652955,2,A
medmcqa,1977,c6f01b71-fe30-41d3-8680-5d08d0b7dd15,qwen3-8b,2,2,True,0.15284225600771606,2,C
medmcqa,1978,c6f01b71-fe30-41d3-8680-5d08d0b7dd15,qwen3-8b,3,0,False,0.15551861500716768,2,D
medmcqa,1979,c6f01b71-fe30-41d3-8680-5d08d0b7dd15,qwen3-8b,1,1,True,0.16833922400837764,2,B
medmcqa,1980,c6f01b71-fe30-41d3-8680-5d08d0b7dd15,qwen3-8b,1,3,False,0.16838500602170825,2,B
medmcqa,1981,c6f01b71-fe30-41d3-8680-5d08d0b7dd15,qwen3-8b,3,3,True,0.1547124079952482,2,D
medmcqa,1982,c6f01b71-fe30-41d3-8680-5d08d0b7dd15,qwen3-8b,0,0,True,0.15233979999902658,2,A
medmcqa,1983,c6f01b71-fe30-41d3-8680-5d08d0b7dd15,qwen3-8b,2,2,True,0.15605626499745995,2,C
medmcqa,1984,c6f01b71-fe30-41d3-8680-5d08d0b7dd15,qwen3-8b,0,1,False,0.15218987502157688,2,A
medmcqa,1985,c6f01b71-fe30-41d3-8680-5d08d0b7dd15,qwen3-8b,3,2,False,0.16724783199606463,2,D
medmcqa,1986,c6f01b71-fe30-41d3-8680-5d08d0b7dd15,qwen3-8b,0,1,False,0.16940585899283178,2,A
medmcqa,1987,c6f01b71-fe30-41d3-8680-5d08d0b7dd15,qwen3-8b,1,1,True,0.16618540999479592,2,B
medmcqa,1988,c6f01b71-fe30-41d3-8680-5d08d0b7dd15,qwen3-8b,0,0,True,0.1532273540215101,2,A
medmcqa,1989,c6f01b71-fe30-41d3-8680-5d08d0b7dd15,qwen3-8b,1,1,True,0.16102558799320832,2,B
medmcqa,1990,c6f01b71-fe30-41d3-8680-5d08d0b7dd15,qwen3-8b,1,0,False,0.15644626200082712,2,B
medmcqa,1991,c6f01b71-fe30-41d3-8680-5d08d0b7dd15,qwen3-8b,0,2,False,0.19156300398753956,2,A
medmcqa,1992,c6f01b71-fe30-41d3-8680-5d08d0b7dd15,qwen3-8b,3,2,False,0.17923571600113064,2,D
medmcqa,1993,c6f01b71-fe30-41d3-8680-5d08d0b7dd15,qwen3-8b,1,1,True,0.17335219201049767,2,B
medmcqa,1994,c6f01b71-fe30-41d3-8680-5d08d0b7dd15,qwen3-8b,2,1,False,0.19021716999122873,2,C
medmcqa,1995,c6f01b71-fe30-41d3-8680-5d08d0b7dd15,qwen3-8b,3,0,False,0.18665482400683686,2,D
medmcqa,1996,c6f01b71-fe30-41d3-8680-5d08d0b7dd15,qwen3-8b,0,3,False,0.15539095000713132,2,A
medmcqa,1997,c6f01b71-fe30-41d3-8680-5d08d0b7dd15,qwen3-8b,0,0,True,0.1901141240086872,2,A
medmcqa,1998,c6f01b71-fe30-41d3-8680-5d08d0b7dd15,qwen3-8b,1,1,True,0.1996077430085279,2,B
medmcqa,1999,c6f01b71-fe30-41d3-8680-5d08d0b7dd15,qwen3-8b,1,0,False,0.18851891299709678,2,B
medmcqa,2000,c6f01b71-fe30-41d3-8680-5d08d0b7dd15,qwen3-8b,1,2,False,0.17189205897739157,2,B
medmcqa,2001,c6f01b71-fe30-41d3-8680-5d08d0b7dd15,qwen3-8b,2,2,True,0.15929995599435642,2,C
medmcqa,2002,c6f01b71-fe30-41d3-8680-5d08d0b7dd15,qwen3-8b,0,0,True,0.19030566900619306,2,A
medmcqa,2003,c6f01b71-fe30-41d3-8680-5d08d0b7dd15,qwen3-8b,0,3,False,0.15803891202085651,2,A
medmcqa,2004,c6f01b71-fe30-41d3-8680-5d08d0b7dd15,qwen3-8b,0,2,False,0.19424097900628112,2,A
medmcqa,2005,c6f01b71-fe30-41d3-8680-5d08d0b7dd15,qwen3-8b,0,0,True,0.16578674799529836,2,A
medmcqa,2006,c6f01b71-fe30-41d3-8680-5d08d0b7dd15,qwen3-8b,1,1,True,0.17032591698807664,2,B
medmcqa,2007,c6f01b71-fe30-41d3-8680-5d08d0b7dd15,qwen3-8b,1,2,False,0.1542600740212947,2,B
medmcqa,2008,c6f01b71-fe30-41d3-8680-5d08d0b7dd15,qwen3-8b,2,2,True,0.16494239697931334,2,C
medmcqa,2009,c6f01b71-fe30-41d3-8680-5d08d0b7dd15,qwen3-8b,1,3,False,0.1537031980114989,2,B
medmcqa,2010,c6f01b71-fe30-41d3-8680-5d08d0b7dd15,qwen3-8b,3,0,False,0.15463694499339908,2,D
medmcqa,2011,c6f01b71-fe30-41d3-8680-5d08d0b7dd15,qwen3-8b,1,1,True,0.16553619198384695,2,B
medmcqa,2012,c6f01b71-fe30-41d3-8680-5d08d0b7dd15,qwen3-8b,0,1,False,0.17709941999055445,2,A
medmcqa,2013,c6f01b71-fe30-41d3-8680-5d08d0b7dd15,qwen3-8b,1,2,False,0.15310154599137604,2,B
medmcqa,2014,c6f01b71-fe30-41d3-8680-5d08d0b7dd15,qwen3-8b,3,2,False,0.15388742901268415,2,D
medmcqa,2015,c6f01b71-fe30-41d3-8680-5d08d0b7dd15,qwen3-8b,1,1,True,0.15719432901823893,2,B
medmcqa,2016,c6f01b71-fe30-41d3-8680-5d08d0b7dd15,qwen3-8b,0,0,True,0.18272648300626315,2,A
medmcqa,2017,c6f01b71-fe30-41d3-8680-5d08d0b7dd15,qwen3-8b,2,3,False,0.1548523200035561,2,C
medmcqa,2018,c6f01b71-fe30-41d3-8680-5d08d0b7dd15,qwen3-8b,2,2,True,0.1675898889952805,2,C
medmcqa,2019,c6f01b71-fe30-41d3-8680-5d08d0b7dd15,qwen3-8b,3,2,False,0.1757636379916221,2,D
medmcqa,2020,c6f01b71-fe30-41d3-8680-5d08d0b7dd15,qwen3-8b,3,3,True,0.16536475499742664,2,D
medmcqa,2021,c6f01b71-fe30-41d3-8680-5d08d0b7dd15,qwen3-8b,0,1,False,0.17704944498836994,2,A
medmcqa,2022,c6f01b71-fe30-41d3-8680-5d08d0b7dd15,qwen3-8b,1,1,True,0.18455757398623973,2,B
medmcqa,2023,c6f01b71-fe30-41d3-8680-5d08d0b7dd15,qwen3-8b,0,0,True,0.16557732698856853,2,A
medmcqa,2024,c6f01b71-fe30-41d3-8680-5d08d0b7dd15,qwen3-8b,2,2,True,0.15408870799001306,2,C
medmcqa,2025,c6f01b71-fe30-41d3-8680-5d08d0b7dd15,qwen3-8b,0,0,True,0.18844171598902903,2,A
medmcqa,2026,c6f01b71-fe30-41d3-8680-5d08d0b7dd15,qwen3-8b,2,2,True,0.16941352098365314,2,C
medmcqa,2027,c6f01b71-fe30-41d3-8680-5d08d0b7dd15,qwen3-8b,2,2,True,0.16693089899490587,2,C
medmcqa,2028,c6f01b71-fe30-41d3-8680-5d08d0b7dd15,qwen3-8b,3,3,True,0.1519174520217348,2,D
medmcqa,2029,c6f01b71-fe30-41d3-8680-5d08d0b7dd15,qwen3-8b,1,0,False,0.2237944569787942,2,B
medmcqa,2030,c6f01b71-fe30-41d3-8680-5d08d0b7dd15,qwen3-8b,2,3,False,0.1616880600049626,2,C
medmcqa,2031,c6f01b71-fe30-41d3-8680-5d08d0b7dd15,qwen3-8b,2,0,False,0.18126829000539146,2,C
medmcqa,2032,c6f01b71-fe30-41d3-8680-5d08d0b7dd15,qwen3-8b,3,0,False,0.15264246799051762,2,D
medmcqa,2033,c6f01b71-fe30-41d3-8680-5d08d0b7dd15,qwen3-8b,3,3,True,0.17654367597424425,2,D
medmcqa,2034,c6f01b71-fe30-41d3-8680-5d08d0b7dd15,qwen3-8b,0,3,False,0.18816990999039263,2,A
medmcqa,2035,c6f01b71-fe30-41d3-8680-5d08d0b7dd15,qwen3-8b,1,3,False,0.19336989300791174,2,B
medmcqa,2036,c6f01b71-fe30-41d3-8680-5d08d0b7dd15,qwen3-8b,2,2,True,0.1706672919972334,2,C
medmcqa,2037,c6f01b71-fe30-41d3-8680-5d08d0b7dd15,qwen3-8b,0,3,False,0.19319662000634708,2,A
medmcqa,2038,c6f01b71-fe30-41d3-8680-5d08d0b7dd15,qwen3-8b,1,1,True,0.20520358998328447,2,B
medmcqa,2039,c6f01b71-fe30-41d3-8680-5d08d0b7dd15,qwen3-8b,1,3,False,0.18681938500958495,2,B
medmcqa,2040,c6f01b71-fe30-41d3-8680-5d08d0b7dd15,qwen3-8b,2,0,False,0.16944264201447368,2,C
medmcqa,2041,c6f01b71-fe30-41d3-8680-5d08d0b7dd15,qwen3-8b,1,0,False,0.18239185202401131,2,B
medmcqa,2042,c6f01b71-fe30-41d3-8680-5d08d0b7dd15,qwen3-8b,0,2,False,0.1547019079735037,2,A
medmcqa,2043,c6f01b71-fe30-41d3-8680-5d08d0b7dd15,qwen3-8b,0,1,False,0.15815363402361982,2,A
medmcqa,2044,c6f01b71-fe30-41d3-8680-5d08d0b7dd15,qwen3-8b,0,1,False,0.18596961800358258,2,A
medmcqa,2045,c6f01b71-fe30-41d3-8680-5d08d0b7dd15,qwen3-8b,3,3,True,0.19343346598907374,2,D
medmcqa,2046,c6f01b71-fe30-41d3-8680-5d08d0b7dd15,qwen3-8b,1,1,True,0.17732769501162693,2,B
medmcqa,2047,c6f01b71-fe30-41d3-8680-5d08d0b7dd15,qwen3-8b,2,0,False,0.15469750299234875,2,C
medmcqa,2048,c6f01b71-fe30-41d3-8680-5d08d0b7dd15,qwen3-8b,0,1,False,0.15731035100179724,2,A
medmcqa,2049,c6f01b71-fe30-41d3-8680-5d08d0b7dd15,qwen3-8b,3,3,True,0.17710524698486552,2,D
medmcqa,2050,c6f01b71-fe30-41d3-8680-5d08d0b7dd15,qwen3-8b,1,1,True,0.16015564199187793,2,B
medmcqa,2051,c6f01b71-fe30-41d3-8680-5d08d0b7dd15,qwen3-8b,1,0,False,0.1825917880050838,2,B
medmcqa,2052,c6f01b71-fe30-41d3-8680-5d08d0b7dd15,qwen3-8b,2,2,True,0.16158944001654163,2,C
medmcqa,2053,c6f01b71-fe30-41d3-8680-5d08d0b7dd15,qwen3-8b,1,1,True,0.1689468830008991,2,B
medmcqa,2054,c6f01b71-fe30-41d3-8680-5d08d0b7dd15,qwen3-8b,2,0,False,0.17103209398919716,2,C
medmcqa,2055,c6f01b71-fe30-41d3-8680-5d08d0b7dd15,qwen3-8b,0,0,True,0.1687490160111338,2,A
medmcqa,2056,c6f01b71-fe30-41d3-8680-5d08d0b7dd15,qwen3-8b,0,0,True,0.20478466100757942,2,A
medmcqa,2057,c6f01b71-fe30-41d3-8680-5d08d0b7dd15,qwen3-8b,3,3,True,0.17439458999433555,2,D
medmcqa,2058,c6f01b71-fe30-41d3-8680-5d08d0b7dd15,qwen3-8b,3,0,False,0.17432933099917136,2,D
medmcqa,2059,c6f01b71-fe30-41d3-8680-5d08d0b7dd15,qwen3-8b,0,0,True,0.15989717200864106,2,A
medmcqa,2060,c6f01b71-fe30-41d3-8680-5d08d0b7dd15,qwen3-8b,1,1,True,0.15980037100962363,2,B
medmcqa,2061,c6f01b71-fe30-41d3-8680-5d08d0b7dd15,qwen3-8b,0,0,True,0.16889428501599468,2,A
medmcqa,2062,c6f01b71-fe30-41d3-8680-5d08d0b7dd15,qwen3-8b,0,0,True,0.15327083299052902,2,A
medmcqa,2063,c6f01b71-fe30-41d3-8680-5d08d0b7dd15,qwen3-8b,2,1,False,0.16957318800268695,2,C
medmcqa,2064,c6f01b71-fe30-41d3-8680-5d08d0b7dd15,qwen3-8b,1,3,False,0.173982298001647,2,B
medmcqa,2065,c6f01b71-fe30-41d3-8680-5d08d0b7dd15,qwen3-8b,1,3,False,0.1588432939897757,2,B
medmcqa,2066,c6f01b71-fe30-41d3-8680-5d08d0b7dd15,qwen3-8b,0,0,True,0.1728004880133085,2,A
medmcqa,2067,c6f01b71-fe30-41d3-8680-5d08d0b7dd15,qwen3-8b,3,3,True,0.1767195299908053,2,D
medmcqa,2068,c6f01b71-fe30-41d3-8680-5d08d0b7dd15,qwen3-8b,0,1,False,0.1617066379985772,2,A
medmcqa,2069,c6f01b71-fe30-41d3-8680-5d08d0b7dd15,qwen3-8b,1,1,True,0.17405520300962962,2,B
medmcqa,2070,c6f01b71-fe30-41d3-8680-5d08d0b7dd15,qwen3-8b,3,3,True,0.17809674399904907,2,D
medmcqa,2071,c6f01b71-fe30-41d3-8680-5d08d0b7dd15,qwen3-8b,1,1,True,0.1549262530170381,2,B
medmcqa,2072,c6f01b71-fe30-41d3-8680-5d08d0b7dd15,qwen3-8b,3,3,True,0.17575040899100713,2,D
medmcqa,2073,c6f01b71-fe30-41d3-8680-5d08d0b7dd15,qwen3-8b,1,1,True,0.1748269590025302,2,B
medmcqa,2074,c6f01b71-fe30-41d3-8680-5d08d0b7dd15,qwen3-8b,3,3,True,0.17941170200356282,2,D
medmcqa,2075,c6f01b71-fe30-41d3-8680-5d08d0b7dd15,qwen3-8b,3,1,False,0.17272134800441563,2,D
medmcqa,2076,c6f01b71-fe30-41d3-8680-5d08d0b7dd15,qwen3-8b,0,0,True,0.15202282601967454,2,A
medmcqa,2077,c6f01b71-fe30-41d3-8680-5d08d0b7dd15,qwen3-8b,2,0,False,0.1758786200080067,2,C
medmcqa,2078,c6f01b71-fe30-41d3-8680-5d08d0b7dd15,qwen3-8b,0,0,True,0.1559954039985314,2,A
medmcqa,2079,c6f01b71-fe30-41d3-8680-5d08d0b7dd15,qwen3-8b,2,0,False,0.18240369798149914,2,C
medmcqa,2080,c6f01b71-fe30-41d3-8680-5d08d0b7dd15,qwen3-8b,0,2,False,0.18332482100231573,2,A
medmcqa,2081,c6f01b71-fe30-41d3-8680-5d08d0b7dd15,qwen3-8b,0,0,True,0.2033520300174132,2,A
medmcqa,2082,c6f01b71-fe30-41d3-8680-5d08d0b7dd15,qwen3-8b,1,0,False,0.20805272800498642,2,B
medmcqa,2083,c6f01b71-fe30-41d3-8680-5d08d0b7dd15,qwen3-8b,1,1,True,0.1828788979910314,2,B
medmcqa,2084,c6f01b71-fe30-41d3-8680-5d08d0b7dd15,qwen3-8b,0,0,True,0.18136719800531864,2,A
medmcqa,2085,c6f01b71-fe30-41d3-8680-5d08d0b7dd15,qwen3-8b,1,1,True,0.1810943029995542,2,B
medmcqa,2086,c6f01b71-fe30-41d3-8680-5d08d0b7dd15,qwen3-8b,2,2,True,0.19356309101567604,2,C
medmcqa,2087,c6f01b71-fe30-41d3-8680-5d08d0b7dd15,qwen3-8b,0,0,True,0.18470628399518318,2,A
medmcqa,2088,c6f01b71-fe30-41d3-8680-5d08d0b7dd15,qwen3-8b,1,1,True,0.18637122699874453,2,B
medmcqa,2089,c6f01b71-fe30-41d3-8680-5d08d0b7dd15,qwen3-8b,0,0,True,0.19254901999374852,2,A
medmcqa,2090,c6f01b71-fe30-41d3-8680-5d08d0b7dd15,qwen3-8b,0,0,True,0.19485948301735334,2,A
medmcqa,2091,c6f01b71-fe30-41d3-8680-5d08d0b7dd15,qwen3-8b,3,3,True,0.1597985829866957,2,D
medmcqa,2092,c6f01b71-fe30-41d3-8680-5d08d0b7dd15,qwen3-8b,3,3,True,0.1915291810000781,2,D
medmcqa,2093,c6f01b71-fe30-41d3-8680-5d08d0b7dd15,qwen3-8b,1,0,False,0.1722334379737731,2,B
medmcqa,2094,c6f01b71-fe30-41d3-8680-5d08d0b7dd15,qwen3-8b,0,0,True,0.198934191983426,2,A
medmcqa,2095,c6f01b71-fe30-41d3-8680-5d08d0b7dd15,qwen3-8b,2,1,False,0.17350662298849784,2,C
medmcqa,2096,c6f01b71-fe30-41d3-8680-5d08d0b7dd15,qwen3-8b,0,2,False,0.1824388969980646,2,A
medmcqa,2097,c6f01b71-fe30-41d3-8680-5d08d0b7dd15,qwen3-8b,2,2,True,0.16486706398427486,2,C
medmcqa,2098,c6f01b71-fe30-41d3-8680-5d08d0b7dd15,qwen3-8b,0,0,True,0.20086265800637193,2,A
medmcqa,2099,c6f01b71-fe30-41d3-8680-5d08d0b7dd15,qwen3-8b,3,3,True,0.15500090600107796,2,D
medmcqa,2100,c6f01b71-fe30-41d3-8680-5d08d0b7dd15,qwen3-8b,1,0,False,0.17081790100201033,2,B
medmcqa,2101,c6f01b71-fe30-41d3-8680-5d08d0b7dd15,qwen3-8b,0,0,True,0.15396138600772247,2,A
medmcqa,2102,c6f01b71-fe30-41d3-8680-5d08d0b7dd15,qwen3-8b,1,2,False,0.1553696269984357,2,B
medmcqa,2103,c6f01b71-fe30-41d3-8680-5d08d0b7dd15,qwen3-8b,0,0,True,0.16892512500635348,2,A
medmcqa,2104,c6f01b71-fe30-41d3-8680-5d08d0b7dd15,qwen3-8b,1,1,True,0.1792825919983443,2,B
medmcqa,2105,c6f01b71-fe30-41d3-8680-5d08d0b7dd15,qwen3-8b,1,1,True,0.1690674370038323,2,B
medmcqa,2106,c6f01b71-fe30-41d3-8680-5d08d0b7dd15,qwen3-8b,0,3,False,0.15658927298500203,2,A
medmcqa,2107,c6f01b71-fe30-41d3-8680-5d08d0b7dd15,qwen3-8b,0,0,True,0.20532950598862953,2,A
medmcqa,2108,c6f01b71-fe30-41d3-8680-5d08d0b7dd15,qwen3-8b,2,2,True,0.19341646300745197,2,C
medmcqa,2109,c6f01b71-fe30-41d3-8680-5d08d0b7dd15,qwen3-8b,0,2,False,0.1775816389999818,2,A
medmcqa,2110,c6f01b71-fe30-41d3-8680-5d08d0b7dd15,qwen3-8b,1,2,False,0.17026625099242665,2,B
medmcqa,2111,c6f01b71-fe30-41d3-8680-5d08d0b7dd15,qwen3-8b,2,1,False,0.1675508550251834,2,C
medmcqa,2112,c6f01b71-fe30-41d3-8680-5d08d0b7dd15,qwen3-8b,1,3,False,0.16808493799180724,2,B
medmcqa,2113,c6f01b71-fe30-41d3-8680-5d08d0b7dd15,qwen3-8b,0,0,True,0.16692176900687627,2,A
medmcqa,2114,c6f01b71-fe30-41d3-8680-5d08d0b7dd15,qwen3-8b,3,3,True,0.16669044399168342,2,D
medmcqa,2115,c6f01b71-fe30-41d3-8680-5d08d0b7dd15,qwen3-8b,1,1,True,0.18730909100850113,2,B
medmcqa,2116,c6f01b71-fe30-41d3-8680-5d08d0b7dd15,qwen3-8b,0,0,True,0.17198966001160443,2,A
medmcqa,2117,c6f01b71-fe30-41d3-8680-5d08d0b7dd15,qwen3-8b,3,2,False,0.1599947969953064,2,D
medmcqa,2118,c6f01b71-fe30-41d3-8680-5d08d0b7dd15,qwen3-8b,0,1,False,0.1550400929991156,2,A
medmcqa,2119,c6f01b71-fe30-41d3-8680-5d08d0b7dd15,qwen3-8b,2,2,True,0.18097454201779328,2,C
medmcqa,2120,c6f01b71-fe30-41d3-8680-5d08d0b7dd15,qwen3-8b,3,3,True,0.1943834680132568,2,D
medmcqa,2121,c6f01b71-fe30-41d3-8680-5d08d0b7dd15,qwen3-8b,3,3,True,0.16144250400247984,2,D
medmcqa,2122,c6f01b71-fe30-41d3-8680-5d08d0b7dd15,qwen3-8b,0,3,False,0.16135856197797693,2,A
medmcqa,2123,c6f01b71-fe30-41d3-8680-5d08d0b7dd15,qwen3-8b,3,1,False,0.1523739339900203,2,D
medmcqa,2124,c6f01b71-fe30-41d3-8680-5d08d0b7dd15,qwen3-8b,1,1,True,0.18186125901411287,2,B
medmcqa,2125,c6f01b71-fe30-41d3-8680-5d08d0b7dd15,qwen3-8b,1,0,False,0.1899762719986029,2,B
medmcqa,2126,c6f01b71-fe30-41d3-8680-5d08d0b7dd15,qwen3-8b,0,1,False,0.17852761800168082,2,A
medmcqa,2127,c6f01b71-fe30-41d3-8680-5d08d0b7dd15,qwen3-8b,0,3,False,0.1543754459999036,2,A
medmcqa,2128,c6f01b71-fe30-41d3-8680-5d08d0b7dd15,qwen3-8b,0,2,False,0.1528595999989193,2,A
medmcqa,2129,c6f01b71-fe30-41d3-8680-5d08d0b7dd15,qwen3-8b,0,0,True,0.2000062509905547,2,A
medmcqa,2130,c6f01b71-fe30-41d3-8680-5d08d0b7dd15,qwen3-8b,0,3,False,0.19432881000102498,2,A
medmcqa,2131,c6f01b71-fe30-41d3-8680-5d08d0b7dd15,qwen3-8b,2,0,False,0.17085301197948866,2,C
medmcqa,2132,c6f01b71-fe30-41d3-8680-5d08d0b7dd15,qwen3-8b,2,0,False,0.16606074399896897,2,C
medmcqa,2133,c6f01b71-fe30-41d3-8680-5d08d0b7dd15,qwen3-8b,1,2,False,0.18673226900864393,2,B
medmcqa,2134,c6f01b71-fe30-41d3-8680-5d08d0b7dd15,qwen3-8b,1,1,True,0.15265362098580226,2,B
medmcqa,2135,c6f01b71-fe30-41d3-8680-5d08d0b7dd15,qwen3-8b,0,3,False,0.18021174700697884,2,A
medmcqa,2136,c6f01b71-fe30-41d3-8680-5d08d0b7dd15,qwen3-8b,1,1,True,0.182945409003878,2,B
medmcqa,2137,c6f01b71-fe30-41d3-8680-5d08d0b7dd15,qwen3-8b,2,2,True,0.1664336769899819,2,C
medmcqa,2138,c6f01b71-fe30-41d3-8680-5d08d0b7dd15,qwen3-8b,2,2,True,0.16888882100465707,2,C
medmcqa,2139,c6f01b71-fe30-41d3-8680-5d08d0b7dd15,qwen3-8b,0,0,True,0.15226063400041312,2,A
medmcqa,2140,c6f01b71-fe30-41d3-8680-5d08d0b7dd15,qwen3-8b,2,2,True,0.15382056098314933,2,C
medmcqa,2141,c6f01b71-fe30-41d3-8680-5d08d0b7dd15,qwen3-8b,0,1,False,0.16028702500625513,2,A
medmcqa,2142,c6f01b71-fe30-41d3-8680-5d08d0b7dd15,qwen3-8b,1,1,True,0.1557640839891974,2,B
medmcqa,2143,c6f01b71-fe30-41d3-8680-5d08d0b7dd15,qwen3-8b,3,0,False,0.19006594398524612,2,D
medmcqa,2144,c6f01b71-fe30-41d3-8680-5d08d0b7dd15,qwen3-8b,2,2,True,0.1752557779836934,2,C
medmcqa,2145,c6f01b71-fe30-41d3-8680-5d08d0b7dd15,qwen3-8b,1,2,False,0.18429255901719444,2,B
medmcqa,2146,c6f01b71-fe30-41d3-8680-5d08d0b7dd15,qwen3-8b,2,2,True,0.1541144739894662,2,C
medmcqa,2147,c6f01b71-fe30-41d3-8680-5d08d0b7dd15,qwen3-8b,1,0,False,0.18966073499177583,2,B
medmcqa,2148,c6f01b71-fe30-41d3-8680-5d08d0b7dd15,qwen3-8b,1,0,False,0.2087266230082605,2,B
medmcqa,2149,c6f01b71-fe30-41d3-8680-5d08d0b7dd15,qwen3-8b,2,0,False,0.18681359401671216,2,C
medmcqa,2150,c6f01b71-fe30-41d3-8680-5d08d0b7dd15,qwen3-8b,3,3,True,0.17983120199642144,2,D
medmcqa,2151,c6f01b71-fe30-41d3-8680-5d08d0b7dd15,qwen3-8b,1,0,False,0.1549892600160092,2,B
medmcqa,2152,c6f01b71-fe30-41d3-8680-5d08d0b7dd15,qwen3-8b,0,2,False,0.18066405798890628,2,A
medmcqa,2153,c6f01b71-fe30-41d3-8680-5d08d0b7dd15,qwen3-8b,1,1,True,0.17009466100716963,2,B
medmcqa,2154,c6f01b71-fe30-41d3-8680-5d08d0b7dd15,qwen3-8b,2,1,False,0.1542809600068722,2,C
medmcqa,2155,c6f01b71-fe30-41d3-8680-5d08d0b7dd15,qwen3-8b,0,1,False,0.1572084230137989,2,A
medmcqa,2156,c6f01b71-fe30-41d3-8680-5d08d0b7dd15,qwen3-8b,2,2,True,0.1784531380108092,2,C
medmcqa,2157,c6f01b71-fe30-41d3-8680-5d08d0b7dd15,qwen3-8b,1,3,False,0.15353726700413972,2,B
medmcqa,2158,c6f01b71-fe30-41d3-8680-5d08d0b7dd15,qwen3-8b,1,3,False,0.1595602589950431,2,B
medmcqa,2159,c6f01b71-fe30-41d3-8680-5d08d0b7dd15,qwen3-8b,0,0,True,0.19099306999123655,2,A
medmcqa,2160,c6f01b71-fe30-41d3-8680-5d08d0b7dd15,qwen3-8b,3,1,False,0.1677662389993202,2,D
medmcqa,2161,c6f01b71-fe30-41d3-8680-5d08d0b7dd15,qwen3-8b,0,0,True,0.15718232400831766,2,A
medmcqa,2162,c6f01b71-fe30-41d3-8680-5d08d0b7dd15,qwen3-8b,3,2,False,0.16873867600224912,2,D
medmcqa,2163,c6f01b71-fe30-41d3-8680-5d08d0b7dd15,qwen3-8b,3,0,False,0.16911568600335158,2,D
medmcqa,2164,c6f01b71-fe30-41d3-8680-5d08d0b7dd15,qwen3-8b,0,0,True,0.15589122101664543,2,A
medmcqa,2165,c6f01b71-fe30-41d3-8680-5d08d0b7dd15,qwen3-8b,3,0,False,0.155152093997458,2,D
medmcqa,2166,c6f01b71-fe30-41d3-8680-5d08d0b7dd15,qwen3-8b,0,1,False,0.15297420701244846,2,A
medmcqa,2167,c6f01b71-fe30-41d3-8680-5d08d0b7dd15,qwen3-8b,2,1,False,0.15556682599708438,2,C
medmcqa,2168,c6f01b71-fe30-41d3-8680-5d08d0b7dd15,qwen3-8b,0,3,False,0.15553076801006682,2,A
medmcqa,2169,c6f01b71-fe30-41d3-8680-5d08d0b7dd15,qwen3-8b,0,1,False,0.15462408799794503,2,A
medmcqa,2170,c6f01b71-fe30-41d3-8680-5d08d0b7dd15,qwen3-8b,2,2,True,0.15184478697483428,2,C
medmcqa,2171,c6f01b71-fe30-41d3-8680-5d08d0b7dd15,qwen3-8b,2,2,True,0.15260086199850775,2,C
medmcqa,2172,c6f01b71-fe30-41d3-8680-5d08d0b7dd15,qwen3-8b,0,2,False,0.16733410701272078,2,A
medmcqa,2173,c6f01b71-fe30-41d3-8680-5d08d0b7dd15,qwen3-8b,1,1,True,0.1536785819916986,2,B
medmcqa,2174,c6f01b71-fe30-41d3-8680-5d08d0b7dd15,qwen3-8b,2,2,True,0.16140628402354196,2,C
medmcqa,2175,c6f01b71-fe30-41d3-8680-5d08d0b7dd15,qwen3-8b,0,0,True,0.16936502998578362,2,A
medmcqa,2176,c6f01b71-fe30-41d3-8680-5d08d0b7dd15,qwen3-8b,2,2,True,0.15636136900866404,2,C
medmcqa,2177,c6f01b71-fe30-41d3-8680-5d08d0b7dd15,qwen3-8b,2,0,False,0.15476694199605845,2,C
medmcqa,2178,c6f01b71-fe30-41d3-8680-5d08d0b7dd15,qwen3-8b,2,3,False,0.15797325599123724,2,C
medmcqa,2179,c6f01b71-fe30-41d3-8680-5d08d0b7dd15,qwen3-8b,0,2,False,0.1706549889931921,2,A
medmcqa,2180,c6f01b71-fe30-41d3-8680-5d08d0b7dd15,qwen3-8b,2,1,False,0.16842715902021155,2,C
medmcqa,2181,c6f01b71-fe30-41d3-8680-5d08d0b7dd15,qwen3-8b,1,1,True,0.18984902801457793,2,B
medmcqa,2182,c6f01b71-fe30-41d3-8680-5d08d0b7dd15,qwen3-8b,1,1,True,0.1531013109779451,2,B
medmcqa,2183,c6f01b71-fe30-41d3-8680-5d08d0b7dd15,qwen3-8b,1,1,True,0.15313626898569055,2,B
medmcqa,2184,c6f01b71-fe30-41d3-8680-5d08d0b7dd15,qwen3-8b,0,0,True,0.16924821297288872,2,A
medmcqa,2185,c6f01b71-fe30-41d3-8680-5d08d0b7dd15,qwen3-8b,0,0,True,0.1675095730170142,2,A
medmcqa,2186,c6f01b71-fe30-41d3-8680-5d08d0b7dd15,qwen3-8b,1,3,False,0.16922219502157532,2,B
medmcqa,2187,c6f01b71-fe30-41d3-8680-5d08d0b7dd15,qwen3-8b,0,0,True,0.15485155399073847,2,A
medmcqa,2188,c6f01b71-fe30-41d3-8680-5d08d0b7dd15,qwen3-8b,3,1,False,0.17273063099128194,2,D
medmcqa,2189,c6f01b71-fe30-41d3-8680-5d08d0b7dd15,qwen3-8b,1,3,False,0.15541896599461325,2,B
medmcqa,2190,c6f01b71-fe30-41d3-8680-5d08d0b7dd15,qwen3-8b,3,1,False,0.17347643998800777,2,D
medmcqa,2191,c6f01b71-fe30-41d3-8680-5d08d0b7dd15,qwen3-8b,3,3,True,0.15427997600636445,2,D
medmcqa,2192,c6f01b71-fe30-41d3-8680-5d08d0b7dd15,qwen3-8b,1,1,True,0.15560649198596366,2,B
medmcqa,2193,c6f01b71-fe30-41d3-8680-5d08d0b7dd15,qwen3-8b,1,1,True,0.17089372299960814,2,B
medmcqa,2194,c6f01b71-fe30-41d3-8680-5d08d0b7dd15,qwen3-8b,2,2,True,0.15336147602647543,2,C
medmcqa,2195,c6f01b71-fe30-41d3-8680-5d08d0b7dd15,qwen3-8b,1,3,False,0.1540099999983795,2,B
medmcqa,2196,c6f01b71-fe30-41d3-8680-5d08d0b7dd15,qwen3-8b,1,1,True,0.16742724398500286,2,B
medmcqa,2197,c6f01b71-fe30-41d3-8680-5d08d0b7dd15,qwen3-8b,3,3,True,0.1557907780224923,2,D
medmcqa,2198,c6f01b71-fe30-41d3-8680-5d08d0b7dd15,qwen3-8b,3,3,True,0.15278924501035362,2,D
medmcqa,2199,c6f01b71-fe30-41d3-8680-5d08d0b7dd15,qwen3-8b,1,1,True,0.15344757301500067,2,B
medmcqa,2200,c6f01b71-fe30-41d3-8680-5d08d0b7dd15,qwen3-8b,1,1,True,0.15517283699591644,2,B
medmcqa,2201,c6f01b71-fe30-41d3-8680-5d08d0b7dd15,qwen3-8b,0,1,False,0.16975423198891804,2,A
medmcqa,2202,c6f01b71-fe30-41d3-8680-5d08d0b7dd15,qwen3-8b,2,0,False,0.17205617498257197,2,C
medmcqa,2203,c6f01b71-fe30-41d3-8680-5d08d0b7dd15,qwen3-8b,0,0,True,0.15704143399489112,2,A
medmcqa,2204,c6f01b71-fe30-41d3-8680-5d08d0b7dd15,qwen3-8b,2,2,True,0.15774286800296977,2,C
medmcqa,2205,c6f01b71-fe30-41d3-8680-5d08d0b7dd15,qwen3-8b,2,2,True,0.16873871299321763,2,C
medmcqa,2206,c6f01b71-fe30-41d3-8680-5d08d0b7dd15,qwen3-8b,3,3,True,0.1727200350142084,2,D
medmcqa,2207,c6f01b71-fe30-41d3-8680-5d08d0b7dd15,qwen3-8b,0,1,False,0.17087455801083706,2,A
medmcqa,2208,c6f01b71-fe30-41d3-8680-5d08d0b7dd15,qwen3-8b,0,0,True,0.15398679798818193,2,A
medmcqa,2209,c6f01b71-fe30-41d3-8680-5d08d0b7dd15,qwen3-8b,3,3,True,0.1539647899917327,2,D
medmcqa,2210,c6f01b71-fe30-41d3-8680-5d08d0b7dd15,qwen3-8b,0,1,False,0.1590796020173002,2,A
medmcqa,2211,c6f01b71-fe30-41d3-8680-5d08d0b7dd15,qwen3-8b,0,0,True,0.16898117199889384,2,A
medmcqa,2212,c6f01b71-fe30-41d3-8680-5d08d0b7dd15,qwen3-8b,0,2,False,0.15614137600641698,2,A
medmcqa,2213,c6f01b71-fe30-41d3-8680-5d08d0b7dd15,qwen3-8b,1,1,True,0.16806377700413577,2,B
medmcqa,2214,c6f01b71-fe30-41d3-8680-5d08d0b7dd15,qwen3-8b,2,1,False,0.1537479439866729,2,C
medmcqa,2215,c6f01b71-fe30-41d3-8680-5d08d0b7dd15,qwen3-8b,1,1,True,0.16081069500069134,2,B
medmcqa,2216,c6f01b71-fe30-41d3-8680-5d08d0b7dd15,qwen3-8b,0,0,True,0.15520402599941008,2,A
medmcqa,2217,c6f01b71-fe30-41d3-8680-5d08d0b7dd15,qwen3-8b,0,3,False,0.1560310710046906,2,A
medmcqa,2218,c6f01b71-fe30-41d3-8680-5d08d0b7dd15,qwen3-8b,3,3,True,0.1556249889836181,2,D
medmcqa,2219,c6f01b71-fe30-41d3-8680-5d08d0b7dd15,qwen3-8b,1,1,True,0.16747328802011907,2,B
medmcqa,2220,c6f01b71-fe30-41d3-8680-5d08d0b7dd15,qwen3-8b,3,3,True,0.15344542698585428,2,D
medmcqa,2221,c6f01b71-fe30-41d3-8680-5d08d0b7dd15,qwen3-8b,1,1,True,0.17042665599728934,2,B
medmcqa,2222,c6f01b71-fe30-41d3-8680-5d08d0b7dd15,qwen3-8b,1,1,True,0.15235803299583495,2,B
medmcqa,2223,c6f01b71-fe30-41d3-8680-5d08d0b7dd15,qwen3-8b,0,0,True,0.1541227319976315,2,A
medmcqa,2224,c6f01b71-fe30-41d3-8680-5d08d0b7dd15,qwen3-8b,1,1,True,0.15644010397954844,2,B
medmcqa,2225,c6f01b71-fe30-41d3-8680-5d08d0b7dd15,qwen3-8b,1,2,False,0.15303532101097517,2,B
medmcqa,2226,c6f01b71-fe30-41d3-8680-5d08d0b7dd15,qwen3-8b,2,3,False,0.15585518500301987,2,C
medmcqa,2227,c6f01b71-fe30-41d3-8680-5d08d0b7dd15,qwen3-8b,3,0,False,0.15484301699325442,2,D
medmcqa,2228,c6f01b71-fe30-41d3-8680-5d08d0b7dd15,qwen3-8b,1,1,True,0.15487578697502613,2,B
medmcqa,2229,c6f01b71-fe30-41d3-8680-5d08d0b7dd15,qwen3-8b,0,0,True,0.15265943299164064,2,A
medmcqa,2230,c6f01b71-fe30-41d3-8680-5d08d0b7dd15,qwen3-8b,1,3,False,0.16715866600861773,2,B
medmcqa,2231,c6f01b71-fe30-41d3-8680-5d08d0b7dd15,qwen3-8b,0,0,True,0.1527212169894483,2,A
medmcqa,2232,c6f01b71-fe30-41d3-8680-5d08d0b7dd15,qwen3-8b,0,0,True,0.15379885499714874,2,A
medmcqa,2233,c6f01b71-fe30-41d3-8680-5d08d0b7dd15,qwen3-8b,0,0,True,0.1560193859913852,2,A
medmcqa,2234,c6f01b71-fe30-41d3-8680-5d08d0b7dd15,qwen3-8b,3,1,False,0.16890296200290322,2,D
medmcqa,2235,c6f01b71-fe30-41d3-8680-5d08d0b7dd15,qwen3-8b,0,0,True,0.15556054201442748,2,A
medmcqa,2236,c6f01b71-fe30-41d3-8680-5d08d0b7dd15,qwen3-8b,0,0,True,0.15610320400446653,2,A
medmcqa,2237,c6f01b71-fe30-41d3-8680-5d08d0b7dd15,qwen3-8b,3,0,False,0.15580896101891994,2,D
medmcqa,2238,c6f01b71-fe30-41d3-8680-5d08d0b7dd15,qwen3-8b,1,1,True,0.1686029470001813,2,B
medmcqa,2239,c6f01b71-fe30-41d3-8680-5d08d0b7dd15,qwen3-8b,3,1,False,0.1543827409914229,2,D
medmcqa,2240,c6f01b71-fe30-41d3-8680-5d08d0b7dd15,qwen3-8b,3,3,True,0.1600388950027991,2,D
medmcqa,2241,c6f01b71-fe30-41d3-8680-5d08d0b7dd15,qwen3-8b,0,2,False,0.15436652698554099,2,A
medmcqa,2242,c6f01b71-fe30-41d3-8680-5d08d0b7dd15,qwen3-8b,0,0,True,0.15336236299481243,2,A
medmcqa,2243,c6f01b71-fe30-41d3-8680-5d08d0b7dd15,qwen3-8b,2,0,False,0.1572200809896458,2,C
medmcqa,2244,c6f01b71-fe30-41d3-8680-5d08d0b7dd15,qwen3-8b,0,0,True,0.1575349990162067,2,A
medmcqa,2245,c6f01b71-fe30-41d3-8680-5d08d0b7dd15,qwen3-8b,3,0,False,0.1542346700152848,2,D
medmcqa,2246,c6f01b71-fe30-41d3-8680-5d08d0b7dd15,qwen3-8b,0,3,False,0.15159001800930128,2,A
medmcqa,2247,c6f01b71-fe30-41d3-8680-5d08d0b7dd15,qwen3-8b,0,0,True,0.15642287797527388,2,A
medmcqa,2248,c6f01b71-fe30-41d3-8680-5d08d0b7dd15,qwen3-8b,0,0,True,0.15533458199934103,2,A
medmcqa,2249,c6f01b71-fe30-41d3-8680-5d08d0b7dd15,qwen3-8b,1,0,False,0.17029969501891173,2,B
medmcqa,2250,c6f01b71-fe30-41d3-8680-5d08d0b7dd15,qwen3-8b,2,2,True,0.15848198902676813,2,C
medmcqa,2251,c6f01b71-fe30-41d3-8680-5d08d0b7dd15,qwen3-8b,1,0,False,0.15627849698648788,2,B
medmcqa,2252,c6f01b71-fe30-41d3-8680-5d08d0b7dd15,qwen3-8b,1,1,True,0.1540719910117332,2,B
medmcqa,2253,c6f01b71-fe30-41d3-8680-5d08d0b7dd15,qwen3-8b,3,3,True,0.15643393399659544,2,D
medmcqa,2254,c6f01b71-fe30-41d3-8680-5d08d0b7dd15,qwen3-8b,2,2,True,0.158420263993321,2,C
medmcqa,2255,c6f01b71-fe30-41d3-8680-5d08d0b7dd15,qwen3-8b,1,1,True,0.17080105101922527,2,B
medmcqa,2256,c6f01b71-fe30-41d3-8680-5d08d0b7dd15,qwen3-8b,1,0,False,0.15463487702072598,2,B
medmcqa,2257,c6f01b71-fe30-41d3-8680-5d08d0b7dd15,qwen3-8b,0,1,False,0.15377021802123636,2,A
medmcqa,2258,c6f01b71-fe30-41d3-8680-5d08d0b7dd15,qwen3-8b,0,0,True,0.16882379600428976,2,A
medmcqa,2259,c6f01b71-fe30-41d3-8680-5d08d0b7dd15,qwen3-8b,0,1,False,0.17023698799312115,2,A
medmcqa,2260,c6f01b71-fe30-41d3-8680-5d08d0b7dd15,qwen3-8b,1,1,True,0.15532024600543082,2,B
medmcqa,2261,c6f01b71-fe30-41d3-8680-5d08d0b7dd15,qwen3-8b,1,1,True,0.15586444598739035,2,B
medmcqa,2262,c6f01b71-fe30-41d3-8680-5d08d0b7dd15,qwen3-8b,1,0,False,0.17104312000446953,2,B
medmcqa,2263,c6f01b71-fe30-41d3-8680-5d08d0b7dd15,qwen3-8b,1,1,True,0.17291924799792469,2,B
medmcqa,2264,c6f01b71-fe30-41d3-8680-5d08d0b7dd15,qwen3-8b,0,3,False,0.15416760699008591,2,A
medmcqa,2265,c6f01b71-fe30-41d3-8680-5d08d0b7dd15,qwen3-8b,0,0,True,0.15387585200369358,2,A
medmcqa,2266,c6f01b71-fe30-41d3-8680-5d08d0b7dd15,qwen3-8b,3,3,True,0.15462765499250963,2,D
medmcqa,2267,c6f01b71-fe30-41d3-8680-5d08d0b7dd15,qwen3-8b,2,3,False,0.16980130999581888,2,C
medmcqa,2268,c6f01b71-fe30-41d3-8680-5d08d0b7dd15,qwen3-8b,0,0,True,0.1554206000000704,2,A
medmcqa,2269,c6f01b71-fe30-41d3-8680-5d08d0b7dd15,qwen3-8b,1,0,False,0.15402914097649045,2,B
medmcqa,2270,c6f01b71-fe30-41d3-8680-5d08d0b7dd15,qwen3-8b,1,1,True,0.15363637899281457,2,B
medmcqa,2271,c6f01b71-fe30-41d3-8680-5d08d0b7dd15,qwen3-8b,2,1,False,0.15259978201356716,2,C
medmcqa,2272,c6f01b71-fe30-41d3-8680-5d08d0b7dd15,qwen3-8b,1,0,False,0.15388937399256974,2,B
medmcqa,2273,c6f01b71-fe30-41d3-8680-5d08d0b7dd15,qwen3-8b,1,1,True,0.15424337299191393,2,B
medmcqa,2274,c6f01b71-fe30-41d3-8680-5d08d0b7dd15,qwen3-8b,1,2,False,0.15349450000212528,2,B
medmcqa,2275,c6f01b71-fe30-41d3-8680-5d08d0b7dd15,qwen3-8b,3,3,True,0.15375798399327323,2,D
medmcqa,2276,c6f01b71-fe30-41d3-8680-5d08d0b7dd15,qwen3-8b,3,3,True,0.15413169699604623,2,D
medmcqa,2277,c6f01b71-fe30-41d3-8680-5d08d0b7dd15,qwen3-8b,0,3,False,0.17048098999657668,2,A
medmcqa,2278,c6f01b71-fe30-41d3-8680-5d08d0b7dd15,qwen3-8b,0,1,False,0.15516545000718907,2,A
medmcqa,2279,c6f01b71-fe30-41d3-8680-5d08d0b7dd15,qwen3-8b,0,0,True,0.15541040201787837,2,A
medmcqa,2280,c6f01b71-fe30-41d3-8680-5d08d0b7dd15,qwen3-8b,0,0,True,0.17231782799353823,2,A
medmcqa,2281,c6f01b71-fe30-41d3-8680-5d08d0b7dd15,qwen3-8b,1,1,True,0.1585486549884081,2,B
medmcqa,2282,c6f01b71-fe30-41d3-8680-5d08d0b7dd15,qwen3-8b,0,0,True,0.16959802998462692,2,A
medmcqa,2283,c6f01b71-fe30-41d3-8680-5d08d0b7dd15,qwen3-8b,2,2,True,0.1527281049930025,2,C
medmcqa,2284,c6f01b71-fe30-41d3-8680-5d08d0b7dd15,qwen3-8b,0,0,True,0.15526224198401906,2,A
medmcqa,2285,c6f01b71-fe30-41d3-8680-5d08d0b7dd15,qwen3-8b,1,0,False,0.15239432101952843,2,B
medmcqa,2286,c6f01b71-fe30-41d3-8680-5d08d0b7dd15,qwen3-8b,2,1,False,0.154535504989326,2,C
medmcqa,2287,c6f01b71-fe30-41d3-8680-5d08d0b7dd15,qwen3-8b,0,0,True,0.15679892600746825,2,A
medmcqa,2288,c6f01b71-fe30-41d3-8680-5d08d0b7dd15,qwen3-8b,0,1,False,0.16950741902110167,2,A
medmcqa,2289,c6f01b71-fe30-41d3-8680-5d08d0b7dd15,qwen3-8b,1,1,True,0.15446669401717372,2,B
medmcqa,2290,c6f01b71-fe30-41d3-8680-5d08d0b7dd15,qwen3-8b,1,3,False,0.1572944160143379,2,B
medmcqa,2291,c6f01b71-fe30-41d3-8680-5d08d0b7dd15,qwen3-8b,2,0,False,0.15749345000949688,2,C
medmcqa,2292,c6f01b71-fe30-41d3-8680-5d08d0b7dd15,qwen3-8b,0,0,True,0.16997984098270535,2,A
medmcqa,2293,c6f01b71-fe30-41d3-8680-5d08d0b7dd15,qwen3-8b,0,0,True,0.15975844601052813,2,A
medmcqa,2294,c6f01b71-fe30-41d3-8680-5d08d0b7dd15,qwen3-8b,2,0,False,0.15306405801675282,2,C
medmcqa,2295,c6f01b71-fe30-41d3-8680-5d08d0b7dd15,qwen3-8b,1,0,False,0.1760203140147496,2,B
medmcqa,2296,c6f01b71-fe30-41d3-8680-5d08d0b7dd15,qwen3-8b,0,0,True,0.1540527270117309,2,A
medmcqa,2297,c6f01b71-fe30-41d3-8680-5d08d0b7dd15,qwen3-8b,1,1,True,0.16769456799374893,2,B
medmcqa,2298,c6f01b71-fe30-41d3-8680-5d08d0b7dd15,qwen3-8b,1,1,True,0.1541494760022033,2,B
medmcqa,2299,c6f01b71-fe30-41d3-8680-5d08d0b7dd15,qwen3-8b,0,2,False,0.15189379901858047,2,A
medmcqa,2300,c6f01b71-fe30-41d3-8680-5d08d0b7dd15,qwen3-8b,0,2,False,0.1563944389927201,2,A
medmcqa,2301,c6f01b71-fe30-41d3-8680-5d08d0b7dd15,qwen3-8b,1,0,False,0.15427652999642305,2,B
medmcqa,2302,c6f01b71-fe30-41d3-8680-5d08d0b7dd15,qwen3-8b,1,1,True,0.1538577369938139,2,B
medmcqa,2303,c6f01b71-fe30-41d3-8680-5d08d0b7dd15,qwen3-8b,1,1,True,0.15181813400704414,2,B
medmcqa,2304,c6f01b71-fe30-41d3-8680-5d08d0b7dd15,qwen3-8b,0,0,True,0.16226216798531823,2,A
medmcqa,2305,c6f01b71-fe30-41d3-8680-5d08d0b7dd15,qwen3-8b,3,0,False,0.16816709001432173,2,D
medmcqa,2306,c6f01b71-fe30-41d3-8680-5d08d0b7dd15,qwen3-8b,3,1,False,0.15407695699832402,2,D
medmcqa,2307,c6f01b71-fe30-41d3-8680-5d08d0b7dd15,qwen3-8b,3,3,True,0.17172914801631123,2,D
medmcqa,2308,c6f01b71-fe30-41d3-8680-5d08d0b7dd15,qwen3-8b,2,2,True,0.1526965920056682,2,C
medmcqa,2309,c6f01b71-fe30-41d3-8680-5d08d0b7dd15,qwen3-8b,0,3,False,0.15441146100056358,2,A
medmcqa,2310,c6f01b71-fe30-41d3-8680-5d08d0b7dd15,qwen3-8b,2,0,False,0.1510667319817003,2,C
medmcqa,2311,c6f01b71-fe30-41d3-8680-5d08d0b7dd15,qwen3-8b,2,2,True,0.16903653301415034,2,C
medmcqa,2312,c6f01b71-fe30-41d3-8680-5d08d0b7dd15,qwen3-8b,3,0,False,0.15375806600786746,2,D
medmcqa,2313,c6f01b71-fe30-41d3-8680-5d08d0b7dd15,qwen3-8b,2,2,True,0.15431167700444348,2,C
medmcqa,2314,c6f01b71-fe30-41d3-8680-5d08d0b7dd15,qwen3-8b,0,1,False,0.17072360799647868,2,A
medmcqa,2315,c6f01b71-fe30-41d3-8680-5d08d0b7dd15,qwen3-8b,2,2,True,0.15196464999462478,2,C
medmcqa,2316,c6f01b71-fe30-41d3-8680-5d08d0b7dd15,qwen3-8b,0,0,True,0.15323861801880412,2,A
medmcqa,2317,c6f01b71-fe30-41d3-8680-5d08d0b7dd15,qwen3-8b,1,0,False,0.17245768799330108,2,B
medmcqa,2318,c6f01b71-fe30-41d3-8680-5d08d0b7dd15,qwen3-8b,2,3,False,0.15346114899148233,2,C
medmcqa,2319,c6f01b71-fe30-41d3-8680-5d08d0b7dd15,qwen3-8b,0,1,False,0.16918671899475157,2,A
medmcqa,2320,c6f01b71-fe30-41d3-8680-5d08d0b7dd15,qwen3-8b,0,0,True,0.15807320599560626,2,A
medmcqa,2321,c6f01b71-fe30-41d3-8680-5d08d0b7dd15,qwen3-8b,1,1,True,0.1544810509949457,2,B
medmcqa,2322,c6f01b71-fe30-41d3-8680-5d08d0b7dd15,qwen3-8b,0,0,True,0.18929280299926177,2,A
medmcqa,2323,c6f01b71-fe30-41d3-8680-5d08d0b7dd15,qwen3-8b,3,3,True,0.16950786102097481,2,D
medmcqa,2324,c6f01b71-fe30-41d3-8680-5d08d0b7dd15,qwen3-8b,3,1,False,0.16817673400510103,2,D
medmcqa,2325,c6f01b71-fe30-41d3-8680-5d08d0b7dd15,qwen3-8b,0,2,False,0.1619926800194662,2,A
medmcqa,2326,c6f01b71-fe30-41d3-8680-5d08d0b7dd15,qwen3-8b,0,0,True,0.15747553302207962,2,A
medmcqa,2327,c6f01b71-fe30-41d3-8680-5d08d0b7dd15,qwen3-8b,0,3,False,0.15241311601130292,2,A
medmcqa,2328,c6f01b71-fe30-41d3-8680-5d08d0b7dd15,qwen3-8b,3,3,True,0.1535073539998848,2,D
medmcqa,2329,c6f01b71-fe30-41d3-8680-5d08d0b7dd15,qwen3-8b,1,0,False,0.15333800698863342,2,B
medmcqa,2330,c6f01b71-fe30-41d3-8680-5d08d0b7dd15,qwen3-8b,0,0,True,0.15508458300610073,2,A
medmcqa,2331,c6f01b71-fe30-41d3-8680-5d08d0b7dd15,qwen3-8b,0,3,False,0.15450562298065051,2,A
medmcqa,2332,c6f01b71-fe30-41d3-8680-5d08d0b7dd15,qwen3-8b,0,1,False,0.1521062880055979,2,A
medmcqa,2333,c6f01b71-fe30-41d3-8680-5d08d0b7dd15,qwen3-8b,0,1,False,0.16251318398281,2,A
medmcqa,2334,c6f01b71-fe30-41d3-8680-5d08d0b7dd15,qwen3-8b,3,2,False,0.15271230399957858,2,D
medmcqa,2335,c6f01b71-fe30-41d3-8680-5d08d0b7dd15,qwen3-8b,2,2,True,0.1546735049923882,2,C
medmcqa,2336,c6f01b71-fe30-41d3-8680-5d08d0b7dd15,qwen3-8b,0,0,True,0.1703415960073471,2,A
medmcqa,2337,c6f01b71-fe30-41d3-8680-5d08d0b7dd15,qwen3-8b,3,3,True,0.16896566201467067,2,D
medmcqa,2338,c6f01b71-fe30-41d3-8680-5d08d0b7dd15,qwen3-8b,0,0,True,0.15429719802341424,2,A
medmcqa,2339,c6f01b71-fe30-41d3-8680-5d08d0b7dd15,qwen3-8b,0,0,True,0.1540685470099561,2,A
medmcqa,2340,c6f01b71-fe30-41d3-8680-5d08d0b7dd15,qwen3-8b,2,2,True,0.15374420801526867,2,C
medmcqa,2341,c6f01b71-fe30-41d3-8680-5d08d0b7dd15,qwen3-8b,1,2,False,0.15260478598065674,2,B
medmcqa,2342,c6f01b71-fe30-41d3-8680-5d08d0b7dd15,qwen3-8b,0,0,True,0.15738480602158234,2,A
medmcqa,2343,c6f01b71-fe30-41d3-8680-5d08d0b7dd15,qwen3-8b,2,2,True,0.15592874999856576,2,C
medmcqa,2344,c6f01b71-fe30-41d3-8680-5d08d0b7dd15,qwen3-8b,2,2,True,0.15359961398644373,2,C
medmcqa,2345,c6f01b71-fe30-41d3-8680-5d08d0b7dd15,qwen3-8b,1,3,False,0.1688032269885298,2,B
medmcqa,2346,c6f01b71-fe30-41d3-8680-5d08d0b7dd15,qwen3-8b,1,2,False,0.15330270401318558,2,B
medmcqa,2347,c6f01b71-fe30-41d3-8680-5d08d0b7dd15,qwen3-8b,2,0,False,0.15660135701182298,2,C
medmcqa,2348,c6f01b71-fe30-41d3-8680-5d08d0b7dd15,qwen3-8b,0,0,True,0.16850748599972576,2,A
medmcqa,2349,c6f01b71-fe30-41d3-8680-5d08d0b7dd15,qwen3-8b,0,0,True,0.1561175699753221,2,A
medmcqa,2350,c6f01b71-fe30-41d3-8680-5d08d0b7dd15,qwen3-8b,1,0,False,0.1573264909966383,2,B
medmcqa,2351,c6f01b71-fe30-41d3-8680-5d08d0b7dd15,qwen3-8b,3,3,True,0.15281458900426514,2,D
medmcqa,2352,c6f01b71-fe30-41d3-8680-5d08d0b7dd15,qwen3-8b,1,1,True,0.1548054410086479,2,B
medmcqa,2353,c6f01b71-fe30-41d3-8680-5d08d0b7dd15,qwen3-8b,2,3,False,0.1676581770007033,2,C
medmcqa,2354,c6f01b71-fe30-41d3-8680-5d08d0b7dd15,qwen3-8b,0,0,True,0.17459617799613625,2,A
medmcqa,2355,c6f01b71-fe30-41d3-8680-5d08d0b7dd15,qwen3-8b,1,1,True,0.15756312099983916,2,B
medmcqa,2356,c6f01b71-fe30-41d3-8680-5d08d0b7dd15,qwen3-8b,1,0,False,0.16912492900155485,2,B
medmcqa,2357,c6f01b71-fe30-41d3-8680-5d08d0b7dd15,qwen3-8b,1,1,True,0.15502398001262918,2,B
medmcqa,2358,c6f01b71-fe30-41d3-8680-5d08d0b7dd15,qwen3-8b,0,0,True,0.15278279699850827,2,A
medmcqa,2359,c6f01b71-fe30-41d3-8680-5d08d0b7dd15,qwen3-8b,2,0,False,0.15593491200706922,2,C
medmcqa,2360,c6f01b71-fe30-41d3-8680-5d08d0b7dd15,qwen3-8b,1,0,False,0.15429672398022376,2,B
medmcqa,2361,c6f01b71-fe30-41d3-8680-5d08d0b7dd15,qwen3-8b,1,2,False,0.1716526789823547,2,B
medmcqa,2362,c6f01b71-fe30-41d3-8680-5d08d0b7dd15,qwen3-8b,2,2,True,0.15878719498869032,2,C
medmcqa,2363,c6f01b71-fe30-41d3-8680-5d08d0b7dd15,qwen3-8b,1,1,True,0.15435949998209253,2,B
medmcqa,2364,c6f01b71-fe30-41d3-8680-5d08d0b7dd15,qwen3-8b,1,0,False,0.15532642300240695,2,B
medmcqa,2365,c6f01b71-fe30-41d3-8680-5d08d0b7dd15,qwen3-8b,2,2,True,0.15469388000201434,2,C
medmcqa,2366,c6f01b71-fe30-41d3-8680-5d08d0b7dd15,qwen3-8b,2,1,False,0.16110804400523193,2,C
medmcqa,2367,c6f01b71-fe30-41d3-8680-5d08d0b7dd15,qwen3-8b,2,2,True,0.1562627870007418,2,C
medmcqa,2368,c6f01b71-fe30-41d3-8680-5d08d0b7dd15,qwen3-8b,0,3,False,0.15505858301185071,2,A
medmcqa,2369,c6f01b71-fe30-41d3-8680-5d08d0b7dd15,qwen3-8b,3,3,True,0.1559971229871735,2,D
medmcqa,2370,c6f01b71-fe30-41d3-8680-5d08d0b7dd15,qwen3-8b,0,2,False,0.17122505299630575,2,A
medmcqa,2371,c6f01b71-fe30-41d3-8680-5d08d0b7dd15,qwen3-8b,1,1,True,0.15987044098437764,2,B
medmcqa,2372,c6f01b71-fe30-41d3-8680-5d08d0b7dd15,qwen3-8b,3,0,False,0.16879408599925227,2,D
medmcqa,2373,c6f01b71-fe30-41d3-8680-5d08d0b7dd15,qwen3-8b,1,1,True,0.15312448699842207,2,B
medmcqa,2374,c6f01b71-fe30-41d3-8680-5d08d0b7dd15,qwen3-8b,0,0,True,0.17312817097990774,2,A
medmcqa,2375,c6f01b71-fe30-41d3-8680-5d08d0b7dd15,qwen3-8b,0,0,True,0.1539684580056928,2,A
medmcqa,2376,c6f01b71-fe30-41d3-8680-5d08d0b7dd15,qwen3-8b,3,2,False,0.1555491629987955,2,D
medmcqa,2377,c6f01b71-fe30-41d3-8680-5d08d0b7dd15,qwen3-8b,0,3,False,0.16799111498403363,2,A
medmcqa,2378,c6f01b71-fe30-41d3-8680-5d08d0b7dd15,qwen3-8b,1,2,False,0.15492842099047266,2,B
medmcqa,2379,c6f01b71-fe30-41d3-8680-5d08d0b7dd15,qwen3-8b,1,0,False,0.16958321700803936,2,B
medmcqa,2380,c6f01b71-fe30-41d3-8680-5d08d0b7dd15,qwen3-8b,2,3,False,0.1692802929901518,2,C
medmcqa,2381,c6f01b71-fe30-41d3-8680-5d08d0b7dd15,qwen3-8b,0,0,True,0.15371399899595417,2,A
medmcqa,2382,c6f01b71-fe30-41d3-8680-5d08d0b7dd15,qwen3-8b,2,2,True,0.15440198799478821,2,C
medmcqa,2383,c6f01b71-fe30-41d3-8680-5d08d0b7dd15,qwen3-8b,2,2,True,0.15331274599884637,2,C
medmcqa,2384,c6f01b71-fe30-41d3-8680-5d08d0b7dd15,qwen3-8b,3,2,False,0.15528259801794775,2,D
medmcqa,2385,c6f01b71-fe30-41d3-8680-5d08d0b7dd15,qwen3-8b,0,0,True,0.154661759006558,2,A
medmcqa,2386,c6f01b71-fe30-41d3-8680-5d08d0b7dd15,qwen3-8b,2,2,True,0.15966387200751342,2,C
medmcqa,2387,c6f01b71-fe30-41d3-8680-5d08d0b7dd15,qwen3-8b,1,3,False,0.1523796920082532,2,B
medmcqa,2388,c6f01b71-fe30-41d3-8680-5d08d0b7dd15,qwen3-8b,3,3,True,0.15609439800027758,2,D
medmcqa,2389,c6f01b71-fe30-41d3-8680-5d08d0b7dd15,qwen3-8b,0,0,True,0.15922522800974548,2,A
medmcqa,2390,c6f01b71-fe30-41d3-8680-5d08d0b7dd15,qwen3-8b,2,1,False,0.1539736769918818,2,C
medmcqa,2391,c6f01b71-fe30-41d3-8680-5d08d0b7dd15,qwen3-8b,0,0,True,0.15893158299149945,2,A
medmcqa,2392,c6f01b71-fe30-41d3-8680-5d08d0b7dd15,qwen3-8b,0,1,False,0.1679178999911528,2,A
medmcqa,2393,c6f01b71-fe30-41d3-8680-5d08d0b7dd15,qwen3-8b,1,1,True,0.15541509000468068,2,B
medmcqa,2394,c6f01b71-fe30-41d3-8680-5d08d0b7dd15,qwen3-8b,1,1,True,0.15411393798422068,2,B
medmcqa,2395,c6f01b71-fe30-41d3-8680-5d08d0b7dd15,qwen3-8b,3,3,True,0.17096514199511148,2,D
medmcqa,2396,c6f01b71-fe30-41d3-8680-5d08d0b7dd15,qwen3-8b,3,3,True,0.17071871599182487,2,D
medmcqa,2397,c6f01b71-fe30-41d3-8680-5d08d0b7dd15,qwen3-8b,1,1,True,0.15343642502557486,2,B
medmcqa,2398,c6f01b71-fe30-41d3-8680-5d08d0b7dd15,qwen3-8b,1,3,False,0.1596817630052101,2,B
medmcqa,2399,c6f01b71-fe30-41d3-8680-5d08d0b7dd15,qwen3-8b,2,2,True,0.19177949099685065,2,C
medmcqa,2400,c6f01b71-fe30-41d3-8680-5d08d0b7dd15,qwen3-8b,0,1,False,0.15752505100681446,2,A
medmcqa,2401,c6f01b71-fe30-41d3-8680-5d08d0b7dd15,qwen3-8b,1,1,True,0.1591890690033324,2,B
medmcqa,2402,c6f01b71-fe30-41d3-8680-5d08d0b7dd15,qwen3-8b,0,0,True,0.1543711539998185,2,A
medmcqa,2403,c6f01b71-fe30-41d3-8680-5d08d0b7dd15,qwen3-8b,1,2,False,0.17259848400135525,2,B
medmcqa,2404,c6f01b71-fe30-41d3-8680-5d08d0b7dd15,qwen3-8b,0,0,True,0.1690472520131152,2,A
medmcqa,2405,c6f01b71-fe30-41d3-8680-5d08d0b7dd15,qwen3-8b,3,0,False,0.15351874701445922,2,D
medmcqa,2406,c6f01b71-fe30-41d3-8680-5d08d0b7dd15,qwen3-8b,1,3,False,0.15479393300483935,2,B
medmcqa,2407,c6f01b71-fe30-41d3-8680-5d08d0b7dd15,qwen3-8b,1,1,True,0.15391982000437565,2,B
medmcqa,2408,c6f01b71-fe30-41d3-8680-5d08d0b7dd15,qwen3-8b,0,2,False,0.15372573901549913,2,A
medmcqa,2409,c6f01b71-fe30-41d3-8680-5d08d0b7dd15,qwen3-8b,0,0,True,0.17024652200052515,2,A
medmcqa,2410,c6f01b71-fe30-41d3-8680-5d08d0b7dd15,qwen3-8b,0,1,False,0.15515005399356596,2,A
medmcqa,2411,c6f01b71-fe30-41d3-8680-5d08d0b7dd15,qwen3-8b,0,3,False,0.15189311999711208,2,A
medmcqa,2412,c6f01b71-fe30-41d3-8680-5d08d0b7dd15,qwen3-8b,2,0,False,0.1716286179726012,2,C
medmcqa,2413,c6f01b71-fe30-41d3-8680-5d08d0b7dd15,qwen3-8b,0,2,False,0.17371426901081577,2,A
medmcqa,2414,c6f01b71-fe30-41d3-8680-5d08d0b7dd15,qwen3-8b,3,0,False,0.15296779500204138,2,D
medmcqa,2415,c6f01b71-fe30-41d3-8680-5d08d0b7dd15,qwen3-8b,0,2,False,0.1539924870012328,2,A
medmcqa,2416,c6f01b71-fe30-41d3-8680-5d08d0b7dd15,qwen3-8b,0,2,False,0.17017927000415511,2,A
medmcqa,2417,c6f01b71-fe30-41d3-8680-5d08d0b7dd15,qwen3-8b,0,2,False,0.152033657010179,2,A
medmcqa,2418,c6f01b71-fe30-41d3-8680-5d08d0b7dd15,qwen3-8b,0,0,True,0.15422673500142992,2,A
medmcqa,2419,c6f01b71-fe30-41d3-8680-5d08d0b7dd15,qwen3-8b,0,2,False,0.1729426450037863,2,A
medmcqa,2420,c6f01b71-fe30-41d3-8680-5d08d0b7dd15,qwen3-8b,2,3,False,0.15340225800173357,2,C
medmcqa,2421,c6f01b71-fe30-41d3-8680-5d08d0b7dd15,qwen3-8b,0,3,False,0.15457560701179318,2,A
medmcqa,2422,c6f01b71-fe30-41d3-8680-5d08d0b7dd15,qwen3-8b,3,3,True,0.15345202697790228,2,D
medmcqa,2423,c6f01b71-fe30-41d3-8680-5d08d0b7dd15,qwen3-8b,0,3,False,0.16608408198226243,2,A
medmcqa,2424,c6f01b71-fe30-41d3-8680-5d08d0b7dd15,qwen3-8b,0,0,True,0.15783601498696953,2,A
medmcqa,2425,c6f01b71-fe30-41d3-8680-5d08d0b7dd15,qwen3-8b,3,3,True,0.1563026619842276,2,D
medmcqa,2426,c6f01b71-fe30-41d3-8680-5d08d0b7dd15,qwen3-8b,2,2,True,0.15660494897747412,2,C
medmcqa,2427,c6f01b71-fe30-41d3-8680-5d08d0b7dd15,qwen3-8b,0,3,False,0.15389182601938955,2,A
medmcqa,2428,c6f01b71-fe30-41d3-8680-5d08d0b7dd15,qwen3-8b,3,1,False,0.15546679199906066,2,D
medmcqa,2429,c6f01b71-fe30-41d3-8680-5d08d0b7dd15,qwen3-8b,0,2,False,0.16872872901149094,2,A
medmcqa,2430,c6f01b71-fe30-41d3-8680-5d08d0b7dd15,qwen3-8b,2,1,False,0.15279553801519796,2,C
medmcqa,2431,c6f01b71-fe30-41d3-8680-5d08d0b7dd15,qwen3-8b,0,0,True,0.15687698501278646,2,A
medmcqa,2432,c6f01b71-fe30-41d3-8680-5d08d0b7dd15,qwen3-8b,0,2,False,0.15467913501197472,2,A
medmcqa,2433,c6f01b71-fe30-41d3-8680-5d08d0b7dd15,qwen3-8b,2,2,True,0.1538622959924396,2,C
medmcqa,2434,c6f01b71-fe30-41d3-8680-5d08d0b7dd15,qwen3-8b,0,1,False,0.17180874501354992,2,A
medmcqa,2435,c6f01b71-fe30-41d3-8680-5d08d0b7dd15,qwen3-8b,1,3,False,0.1556654919986613,2,B
medmcqa,2436,c6f01b71-fe30-41d3-8680-5d08d0b7dd15,qwen3-8b,0,0,True,0.1688683569955174,2,A
medmcqa,2437,c6f01b71-fe30-41d3-8680-5d08d0b7dd15,qwen3-8b,0,0,True,0.1615193400066346,2,A
medmcqa,2438,c6f01b71-fe30-41d3-8680-5d08d0b7dd15,qwen3-8b,2,2,True,0.15446057400549762,2,C
medmcqa,2439,c6f01b71-fe30-41d3-8680-5d08d0b7dd15,qwen3-8b,0,0,True,0.17172407498583198,2,A
medmcqa,2440,c6f01b71-fe30-41d3-8680-5d08d0b7dd15,qwen3-8b,0,0,True,0.1564130040060263,2,A
medmcqa,2441,c6f01b71-fe30-41d3-8680-5d08d0b7dd15,qwen3-8b,2,0,False,0.15343163700890727,2,C
medmcqa,2442,c6f01b71-fe30-41d3-8680-5d08d0b7dd15,qwen3-8b,0,0,True,0.1539877849863842,2,A
medmcqa,2443,c6f01b71-fe30-41d3-8680-5d08d0b7dd15,qwen3-8b,3,0,False,0.17358523400616832,2,D
medmcqa,2444,c6f01b71-fe30-41d3-8680-5d08d0b7dd15,qwen3-8b,1,1,True,0.1537725120142568,2,B
medmcqa,2445,c6f01b71-fe30-41d3-8680-5d08d0b7dd15,qwen3-8b,3,0,False,0.16737790699698962,2,D
medmcqa,2446,c6f01b71-fe30-41d3-8680-5d08d0b7dd15,qwen3-8b,3,1,False,0.15345443799742498,2,D
medmcqa,2447,c6f01b71-fe30-41d3-8680-5d08d0b7dd15,qwen3-8b,1,0,False,0.1530783030029852,2,B
medmcqa,2448,c6f01b71-fe30-41d3-8680-5d08d0b7dd15,qwen3-8b,1,1,True,0.15589329801150598,2,B
medmcqa,2449,c6f01b71-fe30-41d3-8680-5d08d0b7dd15,qwen3-8b,1,1,True,0.1543034770002123,2,B
medmcqa,2450,c6f01b71-fe30-41d3-8680-5d08d0b7dd15,qwen3-8b,0,1,False,0.17041601100936532,2,A
medmcqa,2451,c6f01b71-fe30-41d3-8680-5d08d0b7dd15,qwen3-8b,1,1,True,0.15435726099531166,2,B
medmcqa,2452,c6f01b71-fe30-41d3-8680-5d08d0b7dd15,qwen3-8b,0,3,False,0.15316829099901952,2,A
medmcqa,2453,c6f01b71-fe30-41d3-8680-5d08d0b7dd15,qwen3-8b,3,3,True,0.1553185549855698,2,D
medmcqa,2454,c6f01b71-fe30-41d3-8680-5d08d0b7dd15,qwen3-8b,3,3,True,0.16766309301601723,2,D
medmcqa,2455,c6f01b71-fe30-41d3-8680-5d08d0b7dd15,qwen3-8b,0,0,True,0.15293773298617452,2,A
medmcqa,2456,c6f01b71-fe30-41d3-8680-5d08d0b7dd15,qwen3-8b,0,0,True,0.15777527500176802,2,A
medmcqa,2457,c6f01b71-fe30-41d3-8680-5d08d0b7dd15,qwen3-8b,1,2,False,0.15954487002454698,2,B
medmcqa,2458,c6f01b71-fe30-41d3-8680-5d08d0b7dd15,qwen3-8b,0,0,True,0.16940792399691418,2,A
medmcqa,2459,c6f01b71-fe30-41d3-8680-5d08d0b7dd15,qwen3-8b,3,3,True,0.1562625549850054,2,D
medmcqa,2460,c6f01b71-fe30-41d3-8680-5d08d0b7dd15,qwen3-8b,2,1,False,0.15449040499515831,2,C
medmcqa,2461,c6f01b71-fe30-41d3-8680-5d08d0b7dd15,qwen3-8b,0,0,True,0.17290474701439962,2,A
medmcqa,2462,c6f01b71-fe30-41d3-8680-5d08d0b7dd15,qwen3-8b,1,1,True,0.15484696798375808,2,B
medmcqa,2463,c6f01b71-fe30-41d3-8680-5d08d0b7dd15,qwen3-8b,1,2,False,0.15473981498507783,2,B
medmcqa,2464,c6f01b71-fe30-41d3-8680-5d08d0b7dd15,qwen3-8b,0,0,True,0.15510837201145478,2,A
medmcqa,2465,c6f01b71-fe30-41d3-8680-5d08d0b7dd15,qwen3-8b,2,2,True,0.1542753179965075,2,C
medmcqa,2466,c6f01b71-fe30-41d3-8680-5d08d0b7dd15,qwen3-8b,1,1,True,0.16837969698826782,2,B
medmcqa,2467,c6f01b71-fe30-41d3-8680-5d08d0b7dd15,qwen3-8b,1,1,True,0.16700474501703866,2,B
medmcqa,2468,c6f01b71-fe30-41d3-8680-5d08d0b7dd15,qwen3-8b,0,1,False,0.17469039800926112,2,A
medmcqa,2469,c6f01b71-fe30-41d3-8680-5d08d0b7dd15,qwen3-8b,2,3,False,0.1725452810060233,2,C
medmcqa,2470,c6f01b71-fe30-41d3-8680-5d08d0b7dd15,qwen3-8b,3,0,False,0.19128365901997313,2,D
medmcqa,2471,c6f01b71-fe30-41d3-8680-5d08d0b7dd15,qwen3-8b,1,1,True,0.15927413999452256,2,B
medmcqa,2472,c6f01b71-fe30-41d3-8680-5d08d0b7dd15,qwen3-8b,0,2,False,0.1546604510222096,2,A
medmcqa,2473,c6f01b71-fe30-41d3-8680-5d08d0b7dd15,qwen3-8b,0,1,False,0.17088565000449307,2,A
medmcqa,2474,c6f01b71-fe30-41d3-8680-5d08d0b7dd15,qwen3-8b,2,1,False,0.1525995979900472,2,C
medmcqa,2475,c6f01b71-fe30-41d3-8680-5d08d0b7dd15,qwen3-8b,0,0,True,0.17410612301318906,2,A
medmcqa,2476,c6f01b71-fe30-41d3-8680-5d08d0b7dd15,qwen3-8b,0,2,False,0.172487235016888,2,A
medmcqa,2477,c6f01b71-fe30-41d3-8680-5d08d0b7dd15,qwen3-8b,1,1,True,0.15374892301042564,2,B
medmcqa,2478,c6f01b71-fe30-41d3-8680-5d08d0b7dd15,qwen3-8b,0,0,True,0.17036796201136895,2,A
medmcqa,2479,c6f01b71-fe30-41d3-8680-5d08d0b7dd15,qwen3-8b,2,1,False,0.15415892499731854,2,C
medmcqa,2480,c6f01b71-fe30-41d3-8680-5d08d0b7dd15,qwen3-8b,0,3,False,0.15450188098475337,2,A
medmcqa,2481,c6f01b71-fe30-41d3-8680-5d08d0b7dd15,qwen3-8b,3,2,False,0.1693757209868636,2,D
medmcqa,2482,c6f01b71-fe30-41d3-8680-5d08d0b7dd15,qwen3-8b,2,3,False,0.1954199769825209,2,C
medmcqa,2483,c6f01b71-fe30-41d3-8680-5d08d0b7dd15,qwen3-8b,0,0,True,0.15964218700537458,2,A
medmcqa,2484,c6f01b71-fe30-41d3-8680-5d08d0b7dd15,qwen3-8b,0,2,False,0.15356278998660855,2,A
medmcqa,2485,c6f01b71-fe30-41d3-8680-5d08d0b7dd15,qwen3-8b,1,1,True,0.15408274199580774,2,B
medmcqa,2486,c6f01b71-fe30-41d3-8680-5d08d0b7dd15,qwen3-8b,2,2,True,0.15416376499342732,2,C
medmcqa,2487,c6f01b71-fe30-41d3-8680-5d08d0b7dd15,qwen3-8b,1,2,False,0.15364561299793422,2,B
medmcqa,2488,c6f01b71-fe30-41d3-8680-5d08d0b7dd15,qwen3-8b,3,1,False,0.17054746599751525,2,D
medmcqa,2489,c6f01b71-fe30-41d3-8680-5d08d0b7dd15,qwen3-8b,3,0,False,0.16044870199402794,2,D
medmcqa,2490,c6f01b71-fe30-41d3-8680-5d08d0b7dd15,qwen3-8b,1,0,False,0.17146164400037378,2,B
medmcqa,2491,c6f01b71-fe30-41d3-8680-5d08d0b7dd15,qwen3-8b,0,0,True,0.16987883098772727,2,A
medmcqa,2492,c6f01b71-fe30-41d3-8680-5d08d0b7dd15,qwen3-8b,2,2,True,0.153776986990124,2,C
medmcqa,2493,c6f01b71-fe30-41d3-8680-5d08d0b7dd15,qwen3-8b,0,2,False,0.15398927201749757,2,A
medmcqa,2494,c6f01b71-fe30-41d3-8680-5d08d0b7dd15,qwen3-8b,1,1,True,0.16946987400297076,2,B
medmcqa,2495,c6f01b71-fe30-41d3-8680-5d08d0b7dd15,qwen3-8b,0,0,True,0.15392317998339422,2,A
medmcqa,2496,c6f01b71-fe30-41d3-8680-5d08d0b7dd15,qwen3-8b,3,2,False,0.185864501981996,2,D
medmcqa,2497,c6f01b71-fe30-41d3-8680-5d08d0b7dd15,qwen3-8b,0,2,False,0.17810904499492608,2,A
medmcqa,2498,c6f01b71-fe30-41d3-8680-5d08d0b7dd15,qwen3-8b,1,1,True,0.18745460800710134,2,B
medmcqa,2499,c6f01b71-fe30-41d3-8680-5d08d0b7dd15,qwen3-8b,2,2,True,0.15733138599898666,2,C
medmcqa,2500,c6f01b71-fe30-41d3-8680-5d08d0b7dd15,qwen3-8b,1,1,True,0.16977057000622153,2,B
medmcqa,2501,c6f01b71-fe30-41d3-8680-5d08d0b7dd15,qwen3-8b,1,1,True,0.1549170379876159,2,B
medmcqa,2502,c6f01b71-fe30-41d3-8680-5d08d0b7dd15,qwen3-8b,2,3,False,0.16741460000048392,2,C
medmcqa,2503,c6f01b71-fe30-41d3-8680-5d08d0b7dd15,qwen3-8b,0,0,True,0.15526603200123645,2,A
medmcqa,2504,c6f01b71-fe30-41d3-8680-5d08d0b7dd15,qwen3-8b,1,2,False,0.16704117599874735,2,B
medmcqa,2505,c6f01b71-fe30-41d3-8680-5d08d0b7dd15,qwen3-8b,0,0,True,0.15878440899541602,2,A
medmcqa,2506,c6f01b71-fe30-41d3-8680-5d08d0b7dd15,qwen3-8b,0,0,True,0.15729083900805563,2,A
medmcqa,2507,c6f01b71-fe30-41d3-8680-5d08d0b7dd15,qwen3-8b,0,2,False,0.16890025898464955,2,A
medmcqa,2508,c6f01b71-fe30-41d3-8680-5d08d0b7dd15,qwen3-8b,1,2,False,0.1548013860010542,2,B
medmcqa,2509,c6f01b71-fe30-41d3-8680-5d08d0b7dd15,qwen3-8b,2,1,False,0.15327205500216223,2,C
medmcqa,2510,c6f01b71-fe30-41d3-8680-5d08d0b7dd15,qwen3-8b,3,3,True,0.15534015200682916,2,D
medmcqa,2511,c6f01b71-fe30-41d3-8680-5d08d0b7dd15,qwen3-8b,1,1,True,0.190312074002577,2,B
medmcqa,2512,c6f01b71-fe30-41d3-8680-5d08d0b7dd15,qwen3-8b,2,2,True,0.15567105999798514,2,C
medmcqa,2513,c6f01b71-fe30-41d3-8680-5d08d0b7dd15,qwen3-8b,1,2,False,0.1688599540211726,2,B
medmcqa,2514,c6f01b71-fe30-41d3-8680-5d08d0b7dd15,qwen3-8b,3,3,True,0.18533786397892982,2,D
medmcqa,2515,c6f01b71-fe30-41d3-8680-5d08d0b7dd15,qwen3-8b,0,3,False,0.15747999801533297,2,A
medmcqa,2516,c6f01b71-fe30-41d3-8680-5d08d0b7dd15,qwen3-8b,3,2,False,0.1539394700084813,2,D
medmcqa,2517,c6f01b71-fe30-41d3-8680-5d08d0b7dd15,qwen3-8b,2,3,False,0.1585188090102747,2,C
medmcqa,2518,c6f01b71-fe30-41d3-8680-5d08d0b7dd15,qwen3-8b,2,3,False,0.16811136700562201,2,C
medmcqa,2519,c6f01b71-fe30-41d3-8680-5d08d0b7dd15,qwen3-8b,0,0,True,0.17476716701639816,2,A
medmcqa,2520,c6f01b71-fe30-41d3-8680-5d08d0b7dd15,qwen3-8b,2,1,False,0.15275555400876328,2,C
medmcqa,2521,c6f01b71-fe30-41d3-8680-5d08d0b7dd15,qwen3-8b,0,2,False,0.15436321499873884,2,A
medmcqa,2522,c6f01b71-fe30-41d3-8680-5d08d0b7dd15,qwen3-8b,1,1,True,0.15151799999875948,2,B
medmcqa,2523,c6f01b71-fe30-41d3-8680-5d08d0b7dd15,qwen3-8b,1,2,False,0.17274748501949944,2,B
medmcqa,2524,c6f01b71-fe30-41d3-8680-5d08d0b7dd15,qwen3-8b,0,3,False,0.15435999698820524,2,A
medmcqa,2525,c6f01b71-fe30-41d3-8680-5d08d0b7dd15,qwen3-8b,0,2,False,0.15917449700646102,2,A
medmcqa,2526,c6f01b71-fe30-41d3-8680-5d08d0b7dd15,qwen3-8b,0,0,True,0.15497856197180226,2,A
medmcqa,2527,c6f01b71-fe30-41d3-8680-5d08d0b7dd15,qwen3-8b,3,0,False,0.16864520098897628,2,D
medmcqa,2528,c6f01b71-fe30-41d3-8680-5d08d0b7dd15,qwen3-8b,0,0,True,0.1531957249972038,2,A
medmcqa,2529,c6f01b71-fe30-41d3-8680-5d08d0b7dd15,qwen3-8b,1,2,False,0.1524943840049673,2,B
medmcqa,2530,c6f01b71-fe30-41d3-8680-5d08d0b7dd15,qwen3-8b,0,1,False,0.17001163700479083,2,A
medmcqa,2531,c6f01b71-fe30-41d3-8680-5d08d0b7dd15,qwen3-8b,0,0,True,0.16801701701479033,2,A
medmcqa,2532,c6f01b71-fe30-41d3-8680-5d08d0b7dd15,qwen3-8b,0,0,True,0.16750764698372222,2,A
medmcqa,2533,c6f01b71-fe30-41d3-8680-5d08d0b7dd15,qwen3-8b,3,2,False,0.15736145302071236,2,D
medmcqa,2534,c6f01b71-fe30-41d3-8680-5d08d0b7dd15,qwen3-8b,1,0,False,0.16999202797887847,2,B
medmcqa,2535,c6f01b71-fe30-41d3-8680-5d08d0b7dd15,qwen3-8b,1,3,False,0.1540203019976616,2,B
medmcqa,2536,c6f01b71-fe30-41d3-8680-5d08d0b7dd15,qwen3-8b,2,3,False,0.15438870299840346,2,C
medmcqa,2537,c6f01b71-fe30-41d3-8680-5d08d0b7dd15,qwen3-8b,3,3,True,0.16926587800844572,2,D
medmcqa,2538,c6f01b71-fe30-41d3-8680-5d08d0b7dd15,qwen3-8b,2,2,True,0.15481350501067936,2,C
medmcqa,2539,c6f01b71-fe30-41d3-8680-5d08d0b7dd15,qwen3-8b,0,1,False,0.17555787801393308,2,A
medmcqa,2540,c6f01b71-fe30-41d3-8680-5d08d0b7dd15,qwen3-8b,2,2,True,0.1713220909878146,2,C
medmcqa,2541,c6f01b71-fe30-41d3-8680-5d08d0b7dd15,qwen3-8b,0,0,True,0.1536285449983552,2,A
medmcqa,2542,c6f01b71-fe30-41d3-8680-5d08d0b7dd15,qwen3-8b,3,1,False,0.15793519499129616,2,D
medmcqa,2543,c6f01b71-fe30-41d3-8680-5d08d0b7dd15,qwen3-8b,1,1,True,0.16879124101251364,2,B
medmcqa,2544,c6f01b71-fe30-41d3-8680-5d08d0b7dd15,qwen3-8b,0,1,False,0.15354998302063905,2,A
medmcqa,2545,c6f01b71-fe30-41d3-8680-5d08d0b7dd15,qwen3-8b,2,2,True,0.153808253002353,2,C
medmcqa,2546,c6f01b71-fe30-41d3-8680-5d08d0b7dd15,qwen3-8b,0,1,False,0.15659311600029469,2,A
medmcqa,2547,c6f01b71-fe30-41d3-8680-5d08d0b7dd15,qwen3-8b,0,0,True,0.19181800898513757,2,A
medmcqa,2548,c6f01b71-fe30-41d3-8680-5d08d0b7dd15,qwen3-8b,1,2,False,0.15505764799308963,2,B
medmcqa,2549,c6f01b71-fe30-41d3-8680-5d08d0b7dd15,qwen3-8b,1,3,False,0.17379876397899352,2,B
medmcqa,2550,c6f01b71-fe30-41d3-8680-5d08d0b7dd15,qwen3-8b,2,2,True,0.15536384299048223,2,C
medmcqa,2551,c6f01b71-fe30-41d3-8680-5d08d0b7dd15,qwen3-8b,3,3,True,0.1549083200225141,2,D
medmcqa,2552,c6f01b71-fe30-41d3-8680-5d08d0b7dd15,qwen3-8b,0,2,False,0.15373236700543202,2,A
medmcqa,2553,c6f01b71-fe30-41d3-8680-5d08d0b7dd15,qwen3-8b,0,2,False,0.17124680100823753,2,A
medmcqa,2554,c6f01b71-fe30-41d3-8680-5d08d0b7dd15,qwen3-8b,1,1,True,0.1526845600164961,2,B
medmcqa,2555,c6f01b71-fe30-41d3-8680-5d08d0b7dd15,qwen3-8b,1,1,True,0.1548097329796292,2,B
medmcqa,2556,c6f01b71-fe30-41d3-8680-5d08d0b7dd15,qwen3-8b,3,3,True,0.15283042899682187,2,D
medmcqa,2557,c6f01b71-fe30-41d3-8680-5d08d0b7dd15,qwen3-8b,1,2,False,0.1551363559847232,2,B
medmcqa,2558,c6f01b71-fe30-41d3-8680-5d08d0b7dd15,qwen3-8b,0,0,True,0.16994296599295922,2,A
medmcqa,2559,c6f01b71-fe30-41d3-8680-5d08d0b7dd15,qwen3-8b,1,1,True,0.1670941209886223,2,B
medmcqa,2560,c6f01b71-fe30-41d3-8680-5d08d0b7dd15,qwen3-8b,1,0,False,0.15399994200561196,2,B
medmcqa,2561,c6f01b71-fe30-41d3-8680-5d08d0b7dd15,qwen3-8b,2,2,True,0.15438578999601305,2,C
medmcqa,2562,c6f01b71-fe30-41d3-8680-5d08d0b7dd15,qwen3-8b,0,0,True,0.1567458139907103,2,A
medmcqa,2563,c6f01b71-fe30-41d3-8680-5d08d0b7dd15,qwen3-8b,1,1,True,0.15578449398162775,2,B
medmcqa,2564,c6f01b71-fe30-41d3-8680-5d08d0b7dd15,qwen3-8b,1,1,True,0.15541115700034425,2,B
medmcqa,2565,c6f01b71-fe30-41d3-8680-5d08d0b7dd15,qwen3-8b,2,2,True,0.154103334993124,2,C
medmcqa,2566,c6f01b71-fe30-41d3-8680-5d08d0b7dd15,qwen3-8b,0,0,True,0.15412611397914588,2,A
medmcqa,2567,c6f01b71-fe30-41d3-8680-5d08d0b7dd15,qwen3-8b,2,2,True,0.1544164780061692,2,C
medmcqa,2568,c6f01b71-fe30-41d3-8680-5d08d0b7dd15,qwen3-8b,3,3,True,0.15529580297879875,2,D
medmcqa,2569,c6f01b71-fe30-41d3-8680-5d08d0b7dd15,qwen3-8b,1,2,False,0.16908132800017484,2,B
medmcqa,2570,c6f01b71-fe30-41d3-8680-5d08d0b7dd15,qwen3-8b,2,3,False,0.1543234339915216,2,C
medmcqa,2571,c6f01b71-fe30-41d3-8680-5d08d0b7dd15,qwen3-8b,2,0,False,0.15245289300219156,2,C
medmcqa,2572,c6f01b71-fe30-41d3-8680-5d08d0b7dd15,qwen3-8b,0,0,True,0.1534373689792119,2,A
medmcqa,2573,c6f01b71-fe30-41d3-8680-5d08d0b7dd15,qwen3-8b,2,2,True,0.1516482779989019,2,C
medmcqa,2574,c6f01b71-fe30-41d3-8680-5d08d0b7dd15,qwen3-8b,1,1,True,0.1671410649723839,2,B
medmcqa,2575,c6f01b71-fe30-41d3-8680-5d08d0b7dd15,qwen3-8b,0,3,False,0.17368880700087175,2,A
medmcqa,2576,c6f01b71-fe30-41d3-8680-5d08d0b7dd15,qwen3-8b,2,2,True,0.15536474899272434,2,C
medmcqa,2577,c6f01b71-fe30-41d3-8680-5d08d0b7dd15,qwen3-8b,0,0,True,0.15793321901583113,2,A
medmcqa,2578,c6f01b71-fe30-41d3-8680-5d08d0b7dd15,qwen3-8b,0,1,False,0.16692131001036614,2,A
medmcqa,2579,c6f01b71-fe30-41d3-8680-5d08d0b7dd15,qwen3-8b,3,3,True,0.15627283402136527,2,D
medmcqa,2580,c6f01b71-fe30-41d3-8680-5d08d0b7dd15,qwen3-8b,3,3,True,0.15901868301443756,2,D
medmcqa,2581,c6f01b71-fe30-41d3-8680-5d08d0b7dd15,qwen3-8b,1,1,True,0.1545744970208034,2,B
medmcqa,2582,c6f01b71-fe30-41d3-8680-5d08d0b7dd15,qwen3-8b,0,2,False,0.16891301097348332,2,A
medmcqa,2583,c6f01b71-fe30-41d3-8680-5d08d0b7dd15,qwen3-8b,2,3,False,0.1533403659996111,2,C
medmcqa,2584,c6f01b71-fe30-41d3-8680-5d08d0b7dd15,qwen3-8b,1,0,False,0.16872052001417615,2,B
medmcqa,2585,c6f01b71-fe30-41d3-8680-5d08d0b7dd15,qwen3-8b,1,3,False,0.16846974001964554,2,B
medmcqa,2586,c6f01b71-fe30-41d3-8680-5d08d0b7dd15,qwen3-8b,0,0,True,0.15677761498955078,2,A
medmcqa,2587,c6f01b71-fe30-41d3-8680-5d08d0b7dd15,qwen3-8b,0,0,True,0.15329237197875045,2,A
medmcqa,2588,c6f01b71-fe30-41d3-8680-5d08d0b7dd15,qwen3-8b,1,0,False,0.17002472199965268,2,B
medmcqa,2589,c6f01b71-fe30-41d3-8680-5d08d0b7dd15,qwen3-8b,3,3,True,0.15446631400845945,2,D
medmcqa,2590,c6f01b71-fe30-41d3-8680-5d08d0b7dd15,qwen3-8b,0,0,True,0.17158672501682304,2,A
medmcqa,2591,c6f01b71-fe30-41d3-8680-5d08d0b7dd15,qwen3-8b,0,0,True,0.1726406530069653,2,A
medmcqa,2592,c6f01b71-fe30-41d3-8680-5d08d0b7dd15,qwen3-8b,1,1,True,0.15678742100135423,2,B
medmcqa,2593,c6f01b71-fe30-41d3-8680-5d08d0b7dd15,qwen3-8b,0,0,True,0.1547186849929858,2,A
medmcqa,2594,c6f01b71-fe30-41d3-8680-5d08d0b7dd15,qwen3-8b,3,2,False,0.15563871202175505,2,D
medmcqa,2595,c6f01b71-fe30-41d3-8680-5d08d0b7dd15,qwen3-8b,0,3,False,0.15257376999943517,2,A
medmcqa,2596,c6f01b71-fe30-41d3-8680-5d08d0b7dd15,qwen3-8b,0,0,True,0.15571089898003265,2,A
medmcqa,2597,c6f01b71-fe30-41d3-8680-5d08d0b7dd15,qwen3-8b,0,2,False,0.1763209810014814,2,A
medmcqa,2598,c6f01b71-fe30-41d3-8680-5d08d0b7dd15,qwen3-8b,2,1,False,0.15489667499787174,2,C
medmcqa,2599,c6f01b71-fe30-41d3-8680-5d08d0b7dd15,qwen3-8b,1,3,False,0.15706031199079007,2,B
medmcqa,2600,c6f01b71-fe30-41d3-8680-5d08d0b7dd15,qwen3-8b,3,0,False,0.1574625330104027,2,D
medmcqa,2601,c6f01b71-fe30-41d3-8680-5d08d0b7dd15,qwen3-8b,3,3,True,0.15594954599509947,2,D
medmcqa,2602,c6f01b71-fe30-41d3-8680-5d08d0b7dd15,qwen3-8b,0,0,True,0.1681157420098316,2,A
medmcqa,2603,c6f01b71-fe30-41d3-8680-5d08d0b7dd15,qwen3-8b,0,0,True,0.17286983801750466,2,A
medmcqa,2604,c6f01b71-fe30-41d3-8680-5d08d0b7dd15,qwen3-8b,2,1,False,0.17044188297586516,2,C
medmcqa,2605,c6f01b71-fe30-41d3-8680-5d08d0b7dd15,qwen3-8b,3,0,False,0.15562256399425678,2,D
medmcqa,2606,c6f01b71-fe30-41d3-8680-5d08d0b7dd15,qwen3-8b,1,0,False,0.15401945100165904,2,B
medmcqa,2607,c6f01b71-fe30-41d3-8680-5d08d0b7dd15,qwen3-8b,1,2,False,0.16762598199420609,2,B
medmcqa,2608,c6f01b71-fe30-41d3-8680-5d08d0b7dd15,qwen3-8b,2,3,False,0.16997343601542525,2,C
medmcqa,2609,c6f01b71-fe30-41d3-8680-5d08d0b7dd15,qwen3-8b,1,0,False,0.17056336501264013,2,B
medmcqa,2610,c6f01b71-fe30-41d3-8680-5d08d0b7dd15,qwen3-8b,0,0,True,0.19185862501035444,2,A
medmcqa,2611,c6f01b71-fe30-41d3-8680-5d08d0b7dd15,qwen3-8b,1,3,False,0.15820407200953923,2,B
medmcqa,2612,c6f01b71-fe30-41d3-8680-5d08d0b7dd15,qwen3-8b,3,3,True,0.16801577401929535,2,D
medmcqa,2613,c6f01b71-fe30-41d3-8680-5d08d0b7dd15,qwen3-8b,0,2,False,0.16956160799600184,2,A
medmcqa,2614,c6f01b71-fe30-41d3-8680-5d08d0b7dd15,qwen3-8b,0,3,False,0.15562330800457858,2,A
medmcqa,2615,c6f01b71-fe30-41d3-8680-5d08d0b7dd15,qwen3-8b,1,1,True,0.16929126498871483,2,B
medmcqa,2616,c6f01b71-fe30-41d3-8680-5d08d0b7dd15,qwen3-8b,2,0,False,0.15320402701036073,2,C
medmcqa,2617,c6f01b71-fe30-41d3-8680-5d08d0b7dd15,qwen3-8b,3,3,True,0.15479699400020763,2,D
medmcqa,2618,c6f01b71-fe30-41d3-8680-5d08d0b7dd15,qwen3-8b,1,1,True,0.1552683020127006,2,B
medmcqa,2619,c6f01b71-fe30-41d3-8680-5d08d0b7dd15,qwen3-8b,0,1,False,0.15533684298861772,2,A
medmcqa,2620,c6f01b71-fe30-41d3-8680-5d08d0b7dd15,qwen3-8b,0,0,True,0.15505784799461253,2,A
medmcqa,2621,c6f01b71-fe30-41d3-8680-5d08d0b7dd15,qwen3-8b,2,2,True,0.15619947999948636,2,C
medmcqa,2622,c6f01b71-fe30-41d3-8680-5d08d0b7dd15,qwen3-8b,1,1,True,0.1711940660024993,2,B
medmcqa,2623,c6f01b71-fe30-41d3-8680-5d08d0b7dd15,qwen3-8b,3,3,True,0.15503951700520702,2,D
medmcqa,2624,c6f01b71-fe30-41d3-8680-5d08d0b7dd15,qwen3-8b,1,2,False,0.15938954797456972,2,B
medmcqa,2625,c6f01b71-fe30-41d3-8680-5d08d0b7dd15,qwen3-8b,2,2,True,0.1695131640008185,2,C
medmcqa,2626,c6f01b71-fe30-41d3-8680-5d08d0b7dd15,qwen3-8b,1,2,False,0.17039266001665965,2,B
medmcqa,2627,c6f01b71-fe30-41d3-8680-5d08d0b7dd15,qwen3-8b,1,1,True,0.17257140201400034,2,B
medmcqa,2628,c6f01b71-fe30-41d3-8680-5d08d0b7dd15,qwen3-8b,0,3,False,0.17489687202032655,2,A
medmcqa,2629,c6f01b71-fe30-41d3-8680-5d08d0b7dd15,qwen3-8b,1,0,False,0.1574220239999704,2,B
medmcqa,2630,c6f01b71-fe30-41d3-8680-5d08d0b7dd15,qwen3-8b,1,1,True,0.15925027799676172,2,B
medmcqa,2631,c6f01b71-fe30-41d3-8680-5d08d0b7dd15,qwen3-8b,0,0,True,0.16493743800674565,2,A
medmcqa,2632,c6f01b71-fe30-41d3-8680-5d08d0b7dd15,qwen3-8b,0,0,True,0.16235337799298577,2,A
medmcqa,2633,c6f01b71-fe30-41d3-8680-5d08d0b7dd15,qwen3-8b,0,1,False,0.15985218199784867,2,A
medmcqa,2634,c6f01b71-fe30-41d3-8680-5d08d0b7dd15,qwen3-8b,0,0,True,0.16669635998550802,2,A
medmcqa,2635,c6f01b71-fe30-41d3-8680-5d08d0b7dd15,qwen3-8b,2,2,True,0.1638075680239126,2,C
medmcqa,2636,c6f01b71-fe30-41d3-8680-5d08d0b7dd15,qwen3-8b,2,2,True,0.17647194198798388,2,C
medmcqa,2637,c6f01b71-fe30-41d3-8680-5d08d0b7dd15,qwen3-8b,2,2,True,0.1721064859884791,2,C
medmcqa,2638,c6f01b71-fe30-41d3-8680-5d08d0b7dd15,qwen3-8b,2,2,True,0.16847685902030207,2,C
medmcqa,2639,c6f01b71-fe30-41d3-8680-5d08d0b7dd15,qwen3-8b,0,1,False,0.17008422000799328,2,A
medmcqa,2640,c6f01b71-fe30-41d3-8680-5d08d0b7dd15,qwen3-8b,0,1,False,0.1541468600044027,2,A
medmcqa,2641,c6f01b71-fe30-41d3-8680-5d08d0b7dd15,qwen3-8b,2,0,False,0.1679810919740703,2,C
medmcqa,2642,c6f01b71-fe30-41d3-8680-5d08d0b7dd15,qwen3-8b,2,2,True,0.16923017799854279,2,C
medmcqa,2643,c6f01b71-fe30-41d3-8680-5d08d0b7dd15,qwen3-8b,1,3,False,0.1704671129991766,2,B
medmcqa,2644,c6f01b71-fe30-41d3-8680-5d08d0b7dd15,qwen3-8b,2,2,True,0.15351512999041006,2,C
medmcqa,2645,c6f01b71-fe30-41d3-8680-5d08d0b7dd15,qwen3-8b,0,0,True,0.15325908400700428,2,A
medmcqa,2646,c6f01b71-fe30-41d3-8680-5d08d0b7dd15,qwen3-8b,2,2,True,0.15534127000137232,2,C
medmcqa,2647,c6f01b71-fe30-41d3-8680-5d08d0b7dd15,qwen3-8b,0,1,False,0.15590077999513596,2,A
medmcqa,2648,c6f01b71-fe30-41d3-8680-5d08d0b7dd15,qwen3-8b,0,0,True,0.15588882699375972,2,A
medmcqa,2649,c6f01b71-fe30-41d3-8680-5d08d0b7dd15,qwen3-8b,0,0,True,0.16875165302189998,2,A
medmcqa,2650,c6f01b71-fe30-41d3-8680-5d08d0b7dd15,qwen3-8b,2,2,True,0.15682573500089347,2,C
medmcqa,2651,c6f01b71-fe30-41d3-8680-5d08d0b7dd15,qwen3-8b,0,1,False,0.1591681179997977,2,A
medmcqa,2652,c6f01b71-fe30-41d3-8680-5d08d0b7dd15,qwen3-8b,0,2,False,0.15383075998397544,2,A
medmcqa,2653,c6f01b71-fe30-41d3-8680-5d08d0b7dd15,qwen3-8b,2,2,True,0.1548898540204391,2,C
medmcqa,2654,c6f01b71-fe30-41d3-8680-5d08d0b7dd15,qwen3-8b,3,1,False,0.1549271569820121,2,D
medmcqa,2655,c6f01b71-fe30-41d3-8680-5d08d0b7dd15,qwen3-8b,1,1,True,0.17033025497221388,2,B
medmcqa,2656,c6f01b71-fe30-41d3-8680-5d08d0b7dd15,qwen3-8b,3,2,False,0.15652785199927166,2,D
medmcqa,2657,c6f01b71-fe30-41d3-8680-5d08d0b7dd15,qwen3-8b,3,3,True,0.15759375001653098,2,D
medmcqa,2658,c6f01b71-fe30-41d3-8680-5d08d0b7dd15,qwen3-8b,2,2,True,0.15274922701064497,2,C
medmcqa,2659,c6f01b71-fe30-41d3-8680-5d08d0b7dd15,qwen3-8b,1,1,True,0.17065725100110285,2,B
medmcqa,2660,c6f01b71-fe30-41d3-8680-5d08d0b7dd15,qwen3-8b,0,2,False,0.16900556097971275,2,A
medmcqa,2661,c6f01b71-fe30-41d3-8680-5d08d0b7dd15,qwen3-8b,0,0,True,0.1519078109995462,2,A
medmcqa,2662,c6f01b71-fe30-41d3-8680-5d08d0b7dd15,qwen3-8b,3,0,False,0.1692540759977419,2,D
medmcqa,2663,c6f01b71-fe30-41d3-8680-5d08d0b7dd15,qwen3-8b,3,3,True,0.15603151600225829,2,D
medmcqa,2664,c6f01b71-fe30-41d3-8680-5d08d0b7dd15,qwen3-8b,2,2,True,0.15306499699363485,2,C
medmcqa,2665,c6f01b71-fe30-41d3-8680-5d08d0b7dd15,qwen3-8b,0,3,False,0.1572055369906593,2,A
medmcqa,2666,c6f01b71-fe30-41d3-8680-5d08d0b7dd15,qwen3-8b,0,1,False,0.16785064799478278,2,A
medmcqa,2667,c6f01b71-fe30-41d3-8680-5d08d0b7dd15,qwen3-8b,2,2,True,0.15517837199149653,2,C
medmcqa,2668,c6f01b71-fe30-41d3-8680-5d08d0b7dd15,qwen3-8b,1,2,False,0.15548825298901647,2,B
medmcqa,2669,c6f01b71-fe30-41d3-8680-5d08d0b7dd15,qwen3-8b,2,2,True,0.15437935100635514,2,C
medmcqa,2670,c6f01b71-fe30-41d3-8680-5d08d0b7dd15,qwen3-8b,0,0,True,0.15519003101508133,2,A
medmcqa,2671,c6f01b71-fe30-41d3-8680-5d08d0b7dd15,qwen3-8b,1,0,False,0.15323991799959913,2,B
medmcqa,2672,c6f01b71-fe30-41d3-8680-5d08d0b7dd15,qwen3-8b,1,1,True,0.15411977900657803,2,B
medmcqa,2673,c6f01b71-fe30-41d3-8680-5d08d0b7dd15,qwen3-8b,0,0,True,0.16941524797584862,2,A
medmcqa,2674,c6f01b71-fe30-41d3-8680-5d08d0b7dd15,qwen3-8b,3,3,True,0.16880655399290845,2,D
medmcqa,2675,c6f01b71-fe30-41d3-8680-5d08d0b7dd15,qwen3-8b,1,1,True,0.15304566599661484,2,B
medmcqa,2676,c6f01b71-fe30-41d3-8680-5d08d0b7dd15,qwen3-8b,0,2,False,0.15343640497303568,2,A
medmcqa,2677,c6f01b71-fe30-41d3-8680-5d08d0b7dd15,qwen3-8b,3,3,True,0.1524331439868547,2,D
medmcqa,2678,c6f01b71-fe30-41d3-8680-5d08d0b7dd15,qwen3-8b,0,1,False,0.17001306099700741,2,A
medmcqa,2679,c6f01b71-fe30-41d3-8680-5d08d0b7dd15,qwen3-8b,1,0,False,0.16879854700528085,2,B
medmcqa,2680,c6f01b71-fe30-41d3-8680-5d08d0b7dd15,qwen3-8b,2,0,False,0.156162333994871,2,C
medmcqa,2681,c6f01b71-fe30-41d3-8680-5d08d0b7dd15,qwen3-8b,3,3,True,0.15660580902476795,2,D
medmcqa,2682,c6f01b71-fe30-41d3-8680-5d08d0b7dd15,qwen3-8b,0,1,False,0.15575857998919673,2,A
medmcqa,2683,c6f01b71-fe30-41d3-8680-5d08d0b7dd15,qwen3-8b,2,1,False,0.16796671401243657,2,C
medmcqa,2684,c6f01b71-fe30-41d3-8680-5d08d0b7dd15,qwen3-8b,0,3,False,0.15561366200563498,2,A
medmcqa,2685,c6f01b71-fe30-41d3-8680-5d08d0b7dd15,qwen3-8b,0,1,False,0.15415784801007248,2,A
medmcqa,2686,c6f01b71-fe30-41d3-8680-5d08d0b7dd15,qwen3-8b,0,0,True,0.16879011900164187,2,A
medmcqa,2687,c6f01b71-fe30-41d3-8680-5d08d0b7dd15,qwen3-8b,3,3,True,0.159248416981427,2,D
medmcqa,2688,c6f01b71-fe30-41d3-8680-5d08d0b7dd15,qwen3-8b,2,2,True,0.15526227501686662,2,C
medmcqa,2689,c6f01b71-fe30-41d3-8680-5d08d0b7dd15,qwen3-8b,0,0,True,0.15259209802024998,2,A
medmcqa,2690,c6f01b71-fe30-41d3-8680-5d08d0b7dd15,qwen3-8b,2,2,True,0.15450408699689433,2,C
medmcqa,2691,c6f01b71-fe30-41d3-8680-5d08d0b7dd15,qwen3-8b,1,1,True,0.1554092890000902,2,B
medmcqa,2692,c6f01b71-fe30-41d3-8680-5d08d0b7dd15,qwen3-8b,0,0,True,0.16843555102241226,2,A
medmcqa,2693,c6f01b71-fe30-41d3-8680-5d08d0b7dd15,qwen3-8b,0,3,False,0.15445960900979117,2,A
medmcqa,2694,c6f01b71-fe30-41d3-8680-5d08d0b7dd15,qwen3-8b,3,3,True,0.15419724202365614,2,D
medmcqa,2695,c6f01b71-fe30-41d3-8680-5d08d0b7dd15,qwen3-8b,1,1,True,0.1544186380051542,2,B
medmcqa,2696,c6f01b71-fe30-41d3-8680-5d08d0b7dd15,qwen3-8b,0,0,True,0.1525764030229766,2,A
medmcqa,2697,c6f01b71-fe30-41d3-8680-5d08d0b7dd15,qwen3-8b,3,3,True,0.1537011260224972,2,D
medmcqa,2698,c6f01b71-fe30-41d3-8680-5d08d0b7dd15,qwen3-8b,3,2,False,0.15454472301644273,2,D
medmcqa,2699,c6f01b71-fe30-41d3-8680-5d08d0b7dd15,qwen3-8b,2,2,True,0.15360770199913532,2,C
medmcqa,2700,c6f01b71-fe30-41d3-8680-5d08d0b7dd15,qwen3-8b,0,0,True,0.17133749002823606,2,A
medmcqa,2701,c6f01b71-fe30-41d3-8680-5d08d0b7dd15,qwen3-8b,1,1,True,0.15430971499881707,2,B
medmcqa,2702,c6f01b71-fe30-41d3-8680-5d08d0b7dd15,qwen3-8b,0,0,True,0.15269023602013476,2,A
medmcqa,2703,c6f01b71-fe30-41d3-8680-5d08d0b7dd15,qwen3-8b,0,0,True,0.15398918400751427,2,A
medmcqa,2704,c6f01b71-fe30-41d3-8680-5d08d0b7dd15,qwen3-8b,1,1,True,0.15262586899916641,2,B
medmcqa,2705,c6f01b71-fe30-41d3-8680-5d08d0b7dd15,qwen3-8b,1,3,False,0.17290255401167087,2,B
medmcqa,2706,c6f01b71-fe30-41d3-8680-5d08d0b7dd15,qwen3-8b,2,2,True,0.1542706799809821,2,C
medmcqa,2707,c6f01b71-fe30-41d3-8680-5d08d0b7dd15,qwen3-8b,0,1,False,0.15367778201471083,2,A
medmcqa,2708,c6f01b71-fe30-41d3-8680-5d08d0b7dd15,qwen3-8b,0,0,True,0.15212239298853092,2,A
medmcqa,2709,c6f01b71-fe30-41d3-8680-5d08d0b7dd15,qwen3-8b,3,1,False,0.1526672600011807,2,D
medmcqa,2710,c6f01b71-fe30-41d3-8680-5d08d0b7dd15,qwen3-8b,0,0,True,0.15544025800772943,2,A
medmcqa,2711,c6f01b71-fe30-41d3-8680-5d08d0b7dd15,qwen3-8b,0,2,False,0.15353697899263352,2,A
medmcqa,2712,c6f01b71-fe30-41d3-8680-5d08d0b7dd15,qwen3-8b,1,1,True,0.1530284339969512,2,B
medmcqa,2713,c6f01b71-fe30-41d3-8680-5d08d0b7dd15,qwen3-8b,0,0,True,0.17010578099871054,2,A
medmcqa,2714,c6f01b71-fe30-41d3-8680-5d08d0b7dd15,qwen3-8b,0,0,True,0.15336579299764708,2,A
medmcqa,2715,c6f01b71-fe30-41d3-8680-5d08d0b7dd15,qwen3-8b,1,1,True,0.15381579397944734,2,B
medmcqa,2716,c6f01b71-fe30-41d3-8680-5d08d0b7dd15,qwen3-8b,1,2,False,0.17139529198175296,2,B
medmcqa,2717,c6f01b71-fe30-41d3-8680-5d08d0b7dd15,qwen3-8b,0,1,False,0.15275363001273945,2,A
medmcqa,2718,c6f01b71-fe30-41d3-8680-5d08d0b7dd15,qwen3-8b,0,0,True,0.16044779799995013,2,A
medmcqa,2719,c6f01b71-fe30-41d3-8680-5d08d0b7dd15,qwen3-8b,2,2,True,0.1683011660061311,2,C
medmcqa,2720,c6f01b71-fe30-41d3-8680-5d08d0b7dd15,qwen3-8b,0,2,False,0.18975145599688403,2,A
medmcqa,2721,c6f01b71-fe30-41d3-8680-5d08d0b7dd15,qwen3-8b,3,3,True,0.18843364200438373,2,D
medmcqa,2722,c6f01b71-fe30-41d3-8680-5d08d0b7dd15,qwen3-8b,0,3,False,0.18731867999304086,2,A
medmcqa,2723,c6f01b71-fe30-41d3-8680-5d08d0b7dd15,qwen3-8b,0,0,True,0.18664164500660263,2,A
medmcqa,2724,c6f01b71-fe30-41d3-8680-5d08d0b7dd15,qwen3-8b,0,0,True,0.16705440197256394,2,A
medmcqa,2725,c6f01b71-fe30-41d3-8680-5d08d0b7dd15,qwen3-8b,0,0,True,0.188779821008211,2,A
medmcqa,2726,c6f01b71-fe30-41d3-8680-5d08d0b7dd15,qwen3-8b,0,0,True,0.17971912599750794,2,A
medmcqa,2727,c6f01b71-fe30-41d3-8680-5d08d0b7dd15,qwen3-8b,3,1,False,0.17168317100731656,2,D
medmcqa,2728,c6f01b71-fe30-41d3-8680-5d08d0b7dd15,qwen3-8b,2,0,False,0.2035209560126532,2,C
medmcqa,2729,c6f01b71-fe30-41d3-8680-5d08d0b7dd15,qwen3-8b,0,1,False,0.18012105699745007,2,A
medmcqa,2730,c6f01b71-fe30-41d3-8680-5d08d0b7dd15,qwen3-8b,0,1,False,0.20746449497528374,2,A
medmcqa,2731,c6f01b71-fe30-41d3-8680-5d08d0b7dd15,qwen3-8b,2,2,True,0.18082931800745428,2,C
medmcqa,2732,c6f01b71-fe30-41d3-8680-5d08d0b7dd15,qwen3-8b,2,2,True,0.18600119001348503,2,C
medmcqa,2733,c6f01b71-fe30-41d3-8680-5d08d0b7dd15,qwen3-8b,3,3,True,0.18238672500592656,2,D
medmcqa,2734,c6f01b71-fe30-41d3-8680-5d08d0b7dd15,qwen3-8b,0,2,False,0.17745533998822793,2,A
medmcqa,2735,c6f01b71-fe30-41d3-8680-5d08d0b7dd15,qwen3-8b,2,3,False,0.1815795389993582,2,C
medmcqa,2736,c6f01b71-fe30-41d3-8680-5d08d0b7dd15,qwen3-8b,0,0,True,0.18355166300898418,2,A
medmcqa,2737,c6f01b71-fe30-41d3-8680-5d08d0b7dd15,qwen3-8b,0,3,False,0.1712417219823692,2,A
medmcqa,2738,c6f01b71-fe30-41d3-8680-5d08d0b7dd15,qwen3-8b,0,3,False,0.16840246398351155,2,A
medmcqa,2739,c6f01b71-fe30-41d3-8680-5d08d0b7dd15,qwen3-8b,3,0,False,0.1732801529869903,2,D
medmcqa,2740,c6f01b71-fe30-41d3-8680-5d08d0b7dd15,qwen3-8b,0,1,False,0.1660610430117231,2,A
medmcqa,2741,c6f01b71-fe30-41d3-8680-5d08d0b7dd15,qwen3-8b,2,2,True,0.19397038198076189,2,C
medmcqa,2742,c6f01b71-fe30-41d3-8680-5d08d0b7dd15,qwen3-8b,0,1,False,0.17217842600075528,2,A
medmcqa,2743,c6f01b71-fe30-41d3-8680-5d08d0b7dd15,qwen3-8b,3,3,True,0.1779916149971541,2,D
medmcqa,2744,c6f01b71-fe30-41d3-8680-5d08d0b7dd15,qwen3-8b,0,0,True,0.1861162749992218,2,A
medmcqa,2745,c6f01b71-fe30-41d3-8680-5d08d0b7dd15,qwen3-8b,0,0,True,0.154088577022776,2,A
medmcqa,2746,c6f01b71-fe30-41d3-8680-5d08d0b7dd15,qwen3-8b,2,2,True,0.16767423201235943,2,C
medmcqa,2747,c6f01b71-fe30-41d3-8680-5d08d0b7dd15,qwen3-8b,1,1,True,0.17745033098617569,2,B
medmcqa,2748,c6f01b71-fe30-41d3-8680-5d08d0b7dd15,qwen3-8b,0,3,False,0.15418766799848527,2,A
medmcqa,2749,c6f01b71-fe30-41d3-8680-5d08d0b7dd15,qwen3-8b,0,0,True,0.1858123190177139,2,A
medmcqa,2750,c6f01b71-fe30-41d3-8680-5d08d0b7dd15,qwen3-8b,3,3,True,0.18695326399756595,2,D
medmcqa,2751,c6f01b71-fe30-41d3-8680-5d08d0b7dd15,qwen3-8b,0,0,True,0.19205407999106683,2,A
medmcqa,2752,c6f01b71-fe30-41d3-8680-5d08d0b7dd15,qwen3-8b,3,1,False,0.1870777769945562,2,D
medmcqa,2753,c6f01b71-fe30-41d3-8680-5d08d0b7dd15,qwen3-8b,0,0,True,0.203406813001493,2,A
medmcqa,2754,c6f01b71-fe30-41d3-8680-5d08d0b7dd15,qwen3-8b,0,0,True,0.18936069999472238,2,A
medmcqa,2755,c6f01b71-fe30-41d3-8680-5d08d0b7dd15,qwen3-8b,3,3,True,0.19053991499822587,2,D
medmcqa,2756,c6f01b71-fe30-41d3-8680-5d08d0b7dd15,qwen3-8b,0,1,False,0.19132626199279912,2,A
medmcqa,2757,c6f01b71-fe30-41d3-8680-5d08d0b7dd15,qwen3-8b,2,0,False,0.20472104899818078,2,C
medmcqa,2758,c6f01b71-fe30-41d3-8680-5d08d0b7dd15,qwen3-8b,0,1,False,0.20258063200162724,2,A
medmcqa,2759,c6f01b71-fe30-41d3-8680-5d08d0b7dd15,qwen3-8b,2,0,False,0.19236943501164205,2,C
medmcqa,2760,c6f01b71-fe30-41d3-8680-5d08d0b7dd15,qwen3-8b,1,1,True,0.1781573910266161,2,B
medmcqa,2761,c6f01b71-fe30-41d3-8680-5d08d0b7dd15,qwen3-8b,0,0,True,0.18680955198942684,2,A
medmcqa,2762,c6f01b71-fe30-41d3-8680-5d08d0b7dd15,qwen3-8b,0,1,False,0.17646946999593638,2,A
medmcqa,2763,c6f01b71-fe30-41d3-8680-5d08d0b7dd15,qwen3-8b,0,3,False,0.20587466398137622,2,A
medmcqa,2764,c6f01b71-fe30-41d3-8680-5d08d0b7dd15,qwen3-8b,0,1,False,0.19744839100167155,2,A
medmcqa,2765,c6f01b71-fe30-41d3-8680-5d08d0b7dd15,qwen3-8b,3,3,True,0.17025991599075496,2,D
medmcqa,2766,c6f01b71-fe30-41d3-8680-5d08d0b7dd15,qwen3-8b,2,2,True,0.1748990760243032,2,C
medmcqa,2767,c6f01b71-fe30-41d3-8680-5d08d0b7dd15,qwen3-8b,0,0,True,0.18082558299647644,2,A
medmcqa,2768,c6f01b71-fe30-41d3-8680-5d08d0b7dd15,qwen3-8b,1,1,True,0.18616646601003595,2,B
medmcqa,2769,c6f01b71-fe30-41d3-8680-5d08d0b7dd15,qwen3-8b,0,0,True,0.15377987799001858,2,A
medmcqa,2770,c6f01b71-fe30-41d3-8680-5d08d0b7dd15,qwen3-8b,0,0,True,0.18085496799903922,2,A
medmcqa,2771,c6f01b71-fe30-41d3-8680-5d08d0b7dd15,qwen3-8b,2,2,True,0.20542333999765106,2,C
medmcqa,2772,c6f01b71-fe30-41d3-8680-5d08d0b7dd15,qwen3-8b,0,1,False,0.19197975101997145,2,A
medmcqa,2773,c6f01b71-fe30-41d3-8680-5d08d0b7dd15,qwen3-8b,0,0,True,0.18442508100997657,2,A
medmcqa,2774,c6f01b71-fe30-41d3-8680-5d08d0b7dd15,qwen3-8b,2,2,True,0.1565002240240574,2,C
medmcqa,2775,c6f01b71-fe30-41d3-8680-5d08d0b7dd15,qwen3-8b,1,1,True,0.1530216980027035,2,B
medmcqa,2776,c6f01b71-fe30-41d3-8680-5d08d0b7dd15,qwen3-8b,1,1,True,0.18302767601562664,2,B
medmcqa,2777,c6f01b71-fe30-41d3-8680-5d08d0b7dd15,qwen3-8b,1,1,True,0.1745044749986846,2,B
medmcqa,2778,c6f01b71-fe30-41d3-8680-5d08d0b7dd15,qwen3-8b,1,3,False,0.19112660401151516,2,B
medmcqa,2779,c6f01b71-fe30-41d3-8680-5d08d0b7dd15,qwen3-8b,0,1,False,0.18624453200027347,2,A
medmcqa,2780,c6f01b71-fe30-41d3-8680-5d08d0b7dd15,qwen3-8b,2,1,False,0.1866591919970233,2,C
medmcqa,2781,c6f01b71-fe30-41d3-8680-5d08d0b7dd15,qwen3-8b,1,0,False,0.1876804520143196,2,B
medmcqa,2782,c6f01b71-fe30-41d3-8680-5d08d0b7dd15,qwen3-8b,1,0,False,0.17690776998642832,2,B
medmcqa,2783,c6f01b71-fe30-41d3-8680-5d08d0b7dd15,qwen3-8b,1,1,True,0.1841969479864929,2,B
medmcqa,2784,c6f01b71-fe30-41d3-8680-5d08d0b7dd15,qwen3-8b,0,1,False,0.18721185100730509,2,A
medmcqa,2785,c6f01b71-fe30-41d3-8680-5d08d0b7dd15,qwen3-8b,2,0,False,0.17900833100429736,2,C
medmcqa,2786,c6f01b71-fe30-41d3-8680-5d08d0b7dd15,qwen3-8b,3,0,False,0.18133784999372438,2,D
medmcqa,2787,c6f01b71-fe30-41d3-8680-5d08d0b7dd15,qwen3-8b,2,2,True,0.17919207498198375,2,C
medmcqa,2788,c6f01b71-fe30-41d3-8680-5d08d0b7dd15,qwen3-8b,1,0,False,0.19208941201213747,2,B
medmcqa,2789,c6f01b71-fe30-41d3-8680-5d08d0b7dd15,qwen3-8b,0,0,True,0.173314454004867,2,A
medmcqa,2790,c6f01b71-fe30-41d3-8680-5d08d0b7dd15,qwen3-8b,2,1,False,0.1624377080006525,2,C
medmcqa,2791,c6f01b71-fe30-41d3-8680-5d08d0b7dd15,qwen3-8b,1,0,False,0.1557110630092211,2,B
medmcqa,2792,c6f01b71-fe30-41d3-8680-5d08d0b7dd15,qwen3-8b,0,0,True,0.1746283739921637,2,A
medmcqa,2793,c6f01b71-fe30-41d3-8680-5d08d0b7dd15,qwen3-8b,0,0,True,0.16201399199781008,2,A
medmcqa,2794,c6f01b71-fe30-41d3-8680-5d08d0b7dd15,qwen3-8b,0,3,False,0.20643010002095252,2,A
medmcqa,2795,c6f01b71-fe30-41d3-8680-5d08d0b7dd15,qwen3-8b,1,1,True,0.18112905000452884,2,B
medmcqa,2796,c6f01b71-fe30-41d3-8680-5d08d0b7dd15,qwen3-8b,1,1,True,0.17110845298157074,2,B
medmcqa,2797,c6f01b71-fe30-41d3-8680-5d08d0b7dd15,qwen3-8b,2,2,True,0.1673691019823309,2,C
medmcqa,2798,c6f01b71-fe30-41d3-8680-5d08d0b7dd15,qwen3-8b,0,0,True,0.18340751598589122,2,A
medmcqa,2799,c6f01b71-fe30-41d3-8680-5d08d0b7dd15,qwen3-8b,1,1,True,0.16851140800281428,2,B
medmcqa,2800,c6f01b71-fe30-41d3-8680-5d08d0b7dd15,qwen3-8b,1,2,False,0.18774039600975811,2,B
medmcqa,2801,c6f01b71-fe30-41d3-8680-5d08d0b7dd15,qwen3-8b,3,3,True,0.16996671701781452,2,D
medmcqa,2802,c6f01b71-fe30-41d3-8680-5d08d0b7dd15,qwen3-8b,0,0,True,0.15503035800065845,2,A
medmcqa,2803,c6f01b71-fe30-41d3-8680-5d08d0b7dd15,qwen3-8b,3,3,True,0.18228797300253063,2,D
medmcqa,2804,c6f01b71-fe30-41d3-8680-5d08d0b7dd15,qwen3-8b,0,1,False,0.18049614600022323,2,A
medmcqa,2805,c6f01b71-fe30-41d3-8680-5d08d0b7dd15,qwen3-8b,1,3,False,0.15528848898247816,2,B
medmcqa,2806,c6f01b71-fe30-41d3-8680-5d08d0b7dd15,qwen3-8b,0,0,True,0.1900053260033019,2,A
medmcqa,2807,c6f01b71-fe30-41d3-8680-5d08d0b7dd15,qwen3-8b,1,1,True,0.1903094759909436,2,B
medmcqa,2808,c6f01b71-fe30-41d3-8680-5d08d0b7dd15,qwen3-8b,1,1,True,0.17082008701981977,2,B
medmcqa,2809,c6f01b71-fe30-41d3-8680-5d08d0b7dd15,qwen3-8b,2,2,True,0.19213982098153792,2,C
medmcqa,2810,c6f01b71-fe30-41d3-8680-5d08d0b7dd15,qwen3-8b,1,3,False,0.18521853600395843,2,B
medmcqa,2811,c6f01b71-fe30-41d3-8680-5d08d0b7dd15,qwen3-8b,0,2,False,0.19724345800932497,2,A
medmcqa,2812,c6f01b71-fe30-41d3-8680-5d08d0b7dd15,qwen3-8b,1,2,False,0.18838890400365926,2,B
medmcqa,2813,c6f01b71-fe30-41d3-8680-5d08d0b7dd15,qwen3-8b,0,0,True,0.1908955589751713,2,A
medmcqa,2814,c6f01b71-fe30-41d3-8680-5d08d0b7dd15,qwen3-8b,1,0,False,0.18266077199950814,2,B
medmcqa,2815,c6f01b71-fe30-41d3-8680-5d08d0b7dd15,qwen3-8b,2,2,True,0.17041873699054122,2,C
medmcqa,2816,c6f01b71-fe30-41d3-8680-5d08d0b7dd15,qwen3-8b,1,1,True,0.15593222199822776,2,B
medmcqa,2817,c6f01b71-fe30-41d3-8680-5d08d0b7dd15,qwen3-8b,0,1,False,0.20477826497517526,2,A
medmcqa,2818,c6f01b71-fe30-41d3-8680-5d08d0b7dd15,qwen3-8b,1,1,True,0.18219006599974819,2,B
medmcqa,2819,c6f01b71-fe30-41d3-8680-5d08d0b7dd15,qwen3-8b,1,1,True,0.17876038199756294,2,B
medmcqa,2820,c6f01b71-fe30-41d3-8680-5d08d0b7dd15,qwen3-8b,3,2,False,0.18963703999179415,2,D
medmcqa,2821,c6f01b71-fe30-41d3-8680-5d08d0b7dd15,qwen3-8b,1,1,True,0.18852397799491882,2,B
medmcqa,2822,c6f01b71-fe30-41d3-8680-5d08d0b7dd15,qwen3-8b,2,2,True,0.1756641250103712,2,C
medmcqa,2823,c6f01b71-fe30-41d3-8680-5d08d0b7dd15,qwen3-8b,3,0,False,0.1848704150179401,2,D
medmcqa,2824,c6f01b71-fe30-41d3-8680-5d08d0b7dd15,qwen3-8b,0,0,True,0.18016725199413486,2,A
medmcqa,2825,c6f01b71-fe30-41d3-8680-5d08d0b7dd15,qwen3-8b,0,0,True,0.18367976098670624,2,A
medmcqa,2826,c6f01b71-fe30-41d3-8680-5d08d0b7dd15,qwen3-8b,0,0,True,0.17664621700532734,2,A
medmcqa,2827,c6f01b71-fe30-41d3-8680-5d08d0b7dd15,qwen3-8b,1,3,False,0.1876095760089811,2,B
medmcqa,2828,c6f01b71-fe30-41d3-8680-5d08d0b7dd15,qwen3-8b,3,1,False,0.20271543200942688,2,D
medmcqa,2829,c6f01b71-fe30-41d3-8680-5d08d0b7dd15,qwen3-8b,0,1,False,0.189367463986855,2,A
medmcqa,2830,c6f01b71-fe30-41d3-8680-5d08d0b7dd15,qwen3-8b,0,0,True,0.19142942101461813,2,A
medmcqa,2831,c6f01b71-fe30-41d3-8680-5d08d0b7dd15,qwen3-8b,3,1,False,0.20788927498506382,2,D
medmcqa,2832,c6f01b71-fe30-41d3-8680-5d08d0b7dd15,qwen3-8b,1,1,True,0.1857578140043188,2,B
medmcqa,2833,c6f01b71-fe30-41d3-8680-5d08d0b7dd15,qwen3-8b,0,1,False,0.18081991700455546,2,A
medmcqa,2834,c6f01b71-fe30-41d3-8680-5d08d0b7dd15,qwen3-8b,1,2,False,0.16140671199536882,2,B
medmcqa,2835,c6f01b71-fe30-41d3-8680-5d08d0b7dd15,qwen3-8b,2,3,False,0.19126325901015662,2,C
medmcqa,2836,c6f01b71-fe30-41d3-8680-5d08d0b7dd15,qwen3-8b,2,2,True,0.16721180200693198,2,C
medmcqa,2837,c6f01b71-fe30-41d3-8680-5d08d0b7dd15,qwen3-8b,3,0,False,0.1763949650048744,2,D
medmcqa,2838,c6f01b71-fe30-41d3-8680-5d08d0b7dd15,qwen3-8b,3,3,True,0.17427282998687588,2,D
medmcqa,2839,c6f01b71-fe30-41d3-8680-5d08d0b7dd15,qwen3-8b,3,0,False,0.16804027900798246,2,D
medmcqa,2840,c6f01b71-fe30-41d3-8680-5d08d0b7dd15,qwen3-8b,3,3,True,0.16988642700016499,2,D
medmcqa,2841,c6f01b71-fe30-41d3-8680-5d08d0b7dd15,qwen3-8b,1,1,True,0.1742757709871512,2,B
medmcqa,2842,c6f01b71-fe30-41d3-8680-5d08d0b7dd15,qwen3-8b,3,0,False,0.16945881300489418,2,D
medmcqa,2843,c6f01b71-fe30-41d3-8680-5d08d0b7dd15,qwen3-8b,1,1,True,0.18819143198197708,2,B
medmcqa,2844,c6f01b71-fe30-41d3-8680-5d08d0b7dd15,qwen3-8b,1,1,True,0.2213298139977269,2,B
medmcqa,2845,c6f01b71-fe30-41d3-8680-5d08d0b7dd15,qwen3-8b,1,3,False,0.1827482499938924,2,B
medmcqa,2846,c6f01b71-fe30-41d3-8680-5d08d0b7dd15,qwen3-8b,1,2,False,0.18426456602173857,2,B
medmcqa,2847,c6f01b71-fe30-41d3-8680-5d08d0b7dd15,qwen3-8b,3,3,True,0.17031327899894677,2,D
medmcqa,2848,c6f01b71-fe30-41d3-8680-5d08d0b7dd15,qwen3-8b,1,2,False,0.1893533069815021,2,B
medmcqa,2849,c6f01b71-fe30-41d3-8680-5d08d0b7dd15,qwen3-8b,2,3,False,0.18811496600392275,2,C
medmcqa,2850,c6f01b71-fe30-41d3-8680-5d08d0b7dd15,qwen3-8b,2,1,False,0.18297028800589032,2,C
medmcqa,2851,c6f01b71-fe30-41d3-8680-5d08d0b7dd15,qwen3-8b,1,1,True,0.20228825099184178,2,B
medmcqa,2852,c6f01b71-fe30-41d3-8680-5d08d0b7dd15,qwen3-8b,3,3,True,0.16573355699074455,2,D
medmcqa,2853,c6f01b71-fe30-41d3-8680-5d08d0b7dd15,qwen3-8b,0,0,True,0.1898051259922795,2,A
medmcqa,2854,c6f01b71-fe30-41d3-8680-5d08d0b7dd15,qwen3-8b,0,0,True,0.17738061500131153,2,A
medmcqa,2855,c6f01b71-fe30-41d3-8680-5d08d0b7dd15,qwen3-8b,1,1,True,0.18847783000092022,2,B
medmcqa,2856,c6f01b71-fe30-41d3-8680-5d08d0b7dd15,qwen3-8b,1,3,False,0.19065897999098524,2,B
medmcqa,2857,c6f01b71-fe30-41d3-8680-5d08d0b7dd15,qwen3-8b,0,3,False,0.15851855199434794,2,A
medmcqa,2858,c6f01b71-fe30-41d3-8680-5d08d0b7dd15,qwen3-8b,0,0,True,0.1544268059951719,2,A
medmcqa,2859,c6f01b71-fe30-41d3-8680-5d08d0b7dd15,qwen3-8b,1,0,False,0.1800250749802217,2,B
medmcqa,2860,c6f01b71-fe30-41d3-8680-5d08d0b7dd15,qwen3-8b,0,0,True,0.15321023698197678,2,A
medmcqa,2861,c6f01b71-fe30-41d3-8680-5d08d0b7dd15,qwen3-8b,0,1,False,0.19527271401602775,2,A
medmcqa,2862,c6f01b71-fe30-41d3-8680-5d08d0b7dd15,qwen3-8b,1,1,True,0.1866270440223161,2,B
medmcqa,2863,c6f01b71-fe30-41d3-8680-5d08d0b7dd15,qwen3-8b,0,0,True,0.15666936201159842,2,A
medmcqa,2864,c6f01b71-fe30-41d3-8680-5d08d0b7dd15,qwen3-8b,1,0,False,0.19946738798171282,2,B
medmcqa,2865,c6f01b71-fe30-41d3-8680-5d08d0b7dd15,qwen3-8b,1,0,False,0.18477387199527584,2,B
medmcqa,2866,c6f01b71-fe30-41d3-8680-5d08d0b7dd15,qwen3-8b,0,1,False,0.19059027297771536,2,A
medmcqa,2867,c6f01b71-fe30-41d3-8680-5d08d0b7dd15,qwen3-8b,0,2,False,0.16993974000797607,2,A
medmcqa,2868,c6f01b71-fe30-41d3-8680-5d08d0b7dd15,qwen3-8b,3,2,False,0.17773264599964023,2,D
medmcqa,2869,c6f01b71-fe30-41d3-8680-5d08d0b7dd15,qwen3-8b,0,0,True,0.18103027399047278,2,A
medmcqa,2870,c6f01b71-fe30-41d3-8680-5d08d0b7dd15,qwen3-8b,3,3,True,0.15447986300569028,2,D
medmcqa,2871,c6f01b71-fe30-41d3-8680-5d08d0b7dd15,qwen3-8b,0,0,True,0.15679772300063632,2,A
medmcqa,2872,c6f01b71-fe30-41d3-8680-5d08d0b7dd15,qwen3-8b,2,2,True,0.16955285900621675,2,C
medmcqa,2873,c6f01b71-fe30-41d3-8680-5d08d0b7dd15,qwen3-8b,1,3,False,0.2071696849889122,2,B
medmcqa,2874,c6f01b71-fe30-41d3-8680-5d08d0b7dd15,qwen3-8b,2,0,False,0.19037801600643434,2,C
medmcqa,2875,c6f01b71-fe30-41d3-8680-5d08d0b7dd15,qwen3-8b,1,0,False,0.22869670600630343,2,B
medmcqa,2876,c6f01b71-fe30-41d3-8680-5d08d0b7dd15,qwen3-8b,2,3,False,0.17608641099650413,2,C
medmcqa,2877,c6f01b71-fe30-41d3-8680-5d08d0b7dd15,qwen3-8b,0,3,False,0.19052948299213313,2,A
medmcqa,2878,c6f01b71-fe30-41d3-8680-5d08d0b7dd15,qwen3-8b,0,0,True,0.20318046101601794,2,A
medmcqa,2879,c6f01b71-fe30-41d3-8680-5d08d0b7dd15,qwen3-8b,0,0,True,0.20793695098836906,2,A
medmcqa,2880,c6f01b71-fe30-41d3-8680-5d08d0b7dd15,qwen3-8b,0,2,False,0.1952632410102524,2,A
medmcqa,2881,c6f01b71-fe30-41d3-8680-5d08d0b7dd15,qwen3-8b,1,1,True,0.18599908199394122,2,B
medmcqa,2882,c6f01b71-fe30-41d3-8680-5d08d0b7dd15,qwen3-8b,2,2,True,0.18831859799684025,2,C
medmcqa,2883,c6f01b71-fe30-41d3-8680-5d08d0b7dd15,qwen3-8b,1,1,True,0.16123861298547126,2,B
medmcqa,2884,c6f01b71-fe30-41d3-8680-5d08d0b7dd15,qwen3-8b,0,0,True,0.15560943199670874,2,A
medmcqa,2885,c6f01b71-fe30-41d3-8680-5d08d0b7dd15,qwen3-8b,2,2,True,0.1583726920071058,2,C
medmcqa,2886,c6f01b71-fe30-41d3-8680-5d08d0b7dd15,qwen3-8b,1,1,True,0.16463585398741998,2,B
medmcqa,2887,c6f01b71-fe30-41d3-8680-5d08d0b7dd15,qwen3-8b,1,0,False,0.17189202501322143,2,B
medmcqa,2888,c6f01b71-fe30-41d3-8680-5d08d0b7dd15,qwen3-8b,2,1,False,0.17232818598859012,2,C
medmcqa,2889,c6f01b71-fe30-41d3-8680-5d08d0b7dd15,qwen3-8b,3,1,False,0.1572828619973734,2,D
medmcqa,2890,c6f01b71-fe30-41d3-8680-5d08d0b7dd15,qwen3-8b,0,0,True,0.1660605960059911,2,A
medmcqa,2891,c6f01b71-fe30-41d3-8680-5d08d0b7dd15,qwen3-8b,3,3,True,0.16746860498096794,2,D
medmcqa,2892,c6f01b71-fe30-41d3-8680-5d08d0b7dd15,qwen3-8b,1,2,False,0.17381076599122025,2,B
medmcqa,2893,c6f01b71-fe30-41d3-8680-5d08d0b7dd15,qwen3-8b,0,2,False,0.18868604899034835,2,A
medmcqa,2894,c6f01b71-fe30-41d3-8680-5d08d0b7dd15,qwen3-8b,1,1,True,0.16892614599782974,2,B
medmcqa,2895,c6f01b71-fe30-41d3-8680-5d08d0b7dd15,qwen3-8b,0,0,True,0.1722757109964732,2,A
medmcqa,2896,c6f01b71-fe30-41d3-8680-5d08d0b7dd15,qwen3-8b,0,3,False,0.15772790199844167,2,A
medmcqa,2897,c6f01b71-fe30-41d3-8680-5d08d0b7dd15,qwen3-8b,1,0,False,0.18382251699222252,2,B
medmcqa,2898,c6f01b71-fe30-41d3-8680-5d08d0b7dd15,qwen3-8b,3,0,False,0.2118111269955989,2,D
medmcqa,2899,c6f01b71-fe30-41d3-8680-5d08d0b7dd15,qwen3-8b,1,3,False,0.1793352279928513,2,B
medmcqa,2900,c6f01b71-fe30-41d3-8680-5d08d0b7dd15,qwen3-8b,2,1,False,0.1611273050075397,2,C
medmcqa,2901,c6f01b71-fe30-41d3-8680-5d08d0b7dd15,qwen3-8b,1,1,True,0.17045966602745466,2,B
medmcqa,2902,c6f01b71-fe30-41d3-8680-5d08d0b7dd15,qwen3-8b,0,0,True,0.17063939501531422,2,A
medmcqa,2903,c6f01b71-fe30-41d3-8680-5d08d0b7dd15,qwen3-8b,0,2,False,0.1670318020042032,2,A
medmcqa,2904,c6f01b71-fe30-41d3-8680-5d08d0b7dd15,qwen3-8b,0,2,False,0.15467926097335294,2,A
medmcqa,2905,c6f01b71-fe30-41d3-8680-5d08d0b7dd15,qwen3-8b,2,3,False,0.18800177000230178,2,C
medmcqa,2906,c6f01b71-fe30-41d3-8680-5d08d0b7dd15,qwen3-8b,1,0,False,0.16452648199629039,2,B
medmcqa,2907,c6f01b71-fe30-41d3-8680-5d08d0b7dd15,qwen3-8b,0,0,True,0.1654832969943527,2,A
medmcqa,2908,c6f01b71-fe30-41d3-8680-5d08d0b7dd15,qwen3-8b,2,1,False,0.17837065100320615,2,C
medmcqa,2909,c6f01b71-fe30-41d3-8680-5d08d0b7dd15,qwen3-8b,1,3,False,0.1582069800060708,2,B
medmcqa,2910,c6f01b71-fe30-41d3-8680-5d08d0b7dd15,qwen3-8b,1,0,False,0.19504880299791694,2,B
medmcqa,2911,c6f01b71-fe30-41d3-8680-5d08d0b7dd15,qwen3-8b,0,0,True,0.15308824201929383,2,A
medmcqa,2912,c6f01b71-fe30-41d3-8680-5d08d0b7dd15,qwen3-8b,1,1,True,0.16895756998565048,2,B
medmcqa,2913,c6f01b71-fe30-41d3-8680-5d08d0b7dd15,qwen3-8b,0,0,True,0.15307028402457945,2,A
medmcqa,2914,c6f01b71-fe30-41d3-8680-5d08d0b7dd15,qwen3-8b,2,1,False,0.15190981997875497,2,C
medmcqa,2915,c6f01b71-fe30-41d3-8680-5d08d0b7dd15,qwen3-8b,0,0,True,0.15787520102458075,2,A
medmcqa,2916,c6f01b71-fe30-41d3-8680-5d08d0b7dd15,qwen3-8b,0,0,True,0.16891446101362817,2,A
medmcqa,2917,c6f01b71-fe30-41d3-8680-5d08d0b7dd15,qwen3-8b,1,1,True,0.15417854601400904,2,B
medmcqa,2918,c6f01b71-fe30-41d3-8680-5d08d0b7dd15,qwen3-8b,1,3,False,0.15241318399785087,2,B
medmcqa,2919,c6f01b71-fe30-41d3-8680-5d08d0b7dd15,qwen3-8b,3,3,True,0.15531843499047682,2,D
medmcqa,2920,c6f01b71-fe30-41d3-8680-5d08d0b7dd15,qwen3-8b,1,1,True,0.15273767098551616,2,B
medmcqa,2921,c6f01b71-fe30-41d3-8680-5d08d0b7dd15,qwen3-8b,0,0,True,0.1648008110059891,2,A
medmcqa,2922,c6f01b71-fe30-41d3-8680-5d08d0b7dd15,qwen3-8b,0,1,False,0.15705064698704518,2,A
medmcqa,2923,c6f01b71-fe30-41d3-8680-5d08d0b7dd15,qwen3-8b,2,1,False,0.16155011000228114,2,C
medmcqa,2924,c6f01b71-fe30-41d3-8680-5d08d0b7dd15,qwen3-8b,0,0,True,0.15424229099880904,2,A
medmcqa,2925,c6f01b71-fe30-41d3-8680-5d08d0b7dd15,qwen3-8b,0,0,True,0.1569836089911405,2,A
medmcqa,2926,c6f01b71-fe30-41d3-8680-5d08d0b7dd15,qwen3-8b,3,1,False,0.15190407901536673,2,D
medmcqa,2927,c6f01b71-fe30-41d3-8680-5d08d0b7dd15,qwen3-8b,3,3,True,0.15468403598060831,2,D
medmcqa,2928,c6f01b71-fe30-41d3-8680-5d08d0b7dd15,qwen3-8b,0,3,False,0.1682790519844275,2,A
medmcqa,2929,c6f01b71-fe30-41d3-8680-5d08d0b7dd15,qwen3-8b,0,1,False,0.15283603200805373,2,A
medmcqa,2930,c6f01b71-fe30-41d3-8680-5d08d0b7dd15,qwen3-8b,0,0,True,0.16969596900162287,2,A
medmcqa,2931,c6f01b71-fe30-41d3-8680-5d08d0b7dd15,qwen3-8b,0,1,False,0.1697627600224223,2,A
medmcqa,2932,c6f01b71-fe30-41d3-8680-5d08d0b7dd15,qwen3-8b,3,3,True,0.1704823179752566,2,D
medmcqa,2933,c6f01b71-fe30-41d3-8680-5d08d0b7dd15,qwen3-8b,0,3,False,0.15900857700034976,2,A
medmcqa,2934,c6f01b71-fe30-41d3-8680-5d08d0b7dd15,qwen3-8b,0,0,True,0.1537798740027938,2,A
medmcqa,2935,c6f01b71-fe30-41d3-8680-5d08d0b7dd15,qwen3-8b,2,2,True,0.1554939799825661,2,C
medmcqa,2936,c6f01b71-fe30-41d3-8680-5d08d0b7dd15,qwen3-8b,3,3,True,0.1605213949806057,2,D
medmcqa,2937,c6f01b71-fe30-41d3-8680-5d08d0b7dd15,qwen3-8b,1,1,True,0.17133328001364134,2,B
medmcqa,2938,c6f01b71-fe30-41d3-8680-5d08d0b7dd15,qwen3-8b,2,0,False,0.16372028898331337,2,C
medmcqa,2939,c6f01b71-fe30-41d3-8680-5d08d0b7dd15,qwen3-8b,1,1,True,0.17118164102430455,2,B
medmcqa,2940,c6f01b71-fe30-41d3-8680-5d08d0b7dd15,qwen3-8b,0,0,True,0.16352323899627663,2,A
medmcqa,2941,c6f01b71-fe30-41d3-8680-5d08d0b7dd15,qwen3-8b,0,0,True,0.16587723200791515,2,A
medmcqa,2942,c6f01b71-fe30-41d3-8680-5d08d0b7dd15,qwen3-8b,0,2,False,0.17021226900396869,2,A
medmcqa,2943,c6f01b71-fe30-41d3-8680-5d08d0b7dd15,qwen3-8b,2,1,False,0.15515658698859625,2,C
medmcqa,2944,c6f01b71-fe30-41d3-8680-5d08d0b7dd15,qwen3-8b,1,0,False,0.18534049301524647,2,B
medmcqa,2945,c6f01b71-fe30-41d3-8680-5d08d0b7dd15,qwen3-8b,1,2,False,0.17459876299835742,2,B
medmcqa,2946,c6f01b71-fe30-41d3-8680-5d08d0b7dd15,qwen3-8b,0,0,True,0.1846333620196674,2,A
medmcqa,2947,c6f01b71-fe30-41d3-8680-5d08d0b7dd15,qwen3-8b,0,0,True,0.17499639699235559,2,A
medmcqa,2948,c6f01b71-fe30-41d3-8680-5d08d0b7dd15,qwen3-8b,1,1,True,0.16204636701149866,2,B
medmcqa,2949,c6f01b71-fe30-41d3-8680-5d08d0b7dd15,qwen3-8b,0,2,False,0.19341473100939766,2,A
medmcqa,2950,c6f01b71-fe30-41d3-8680-5d08d0b7dd15,qwen3-8b,2,2,True,0.1686204839788843,2,C
medmcqa,2951,c6f01b71-fe30-41d3-8680-5d08d0b7dd15,qwen3-8b,3,0,False,0.16613385497475974,2,D
medmcqa,2952,c6f01b71-fe30-41d3-8680-5d08d0b7dd15,qwen3-8b,1,1,True,0.15889610000886023,2,B
medmcqa,2953,c6f01b71-fe30-41d3-8680-5d08d0b7dd15,qwen3-8b,0,0,True,0.15991144700092264,2,A
medmcqa,2954,c6f01b71-fe30-41d3-8680-5d08d0b7dd15,qwen3-8b,0,2,False,0.19095846300479025,2,A
medmcqa,2955,c6f01b71-fe30-41d3-8680-5d08d0b7dd15,qwen3-8b,0,0,True,0.16212554898811504,2,A
medmcqa,2956,c6f01b71-fe30-41d3-8680-5d08d0b7dd15,qwen3-8b,1,1,True,0.16206019799574278,2,B
medmcqa,2957,c6f01b71-fe30-41d3-8680-5d08d0b7dd15,qwen3-8b,3,3,True,0.15292575399507768,2,D
medmcqa,2958,c6f01b71-fe30-41d3-8680-5d08d0b7dd15,qwen3-8b,0,1,False,0.17358874599449337,2,A
medmcqa,2959,c6f01b71-fe30-41d3-8680-5d08d0b7dd15,qwen3-8b,1,1,True,0.17188504498335533,2,B
medmcqa,2960,c6f01b71-fe30-41d3-8680-5d08d0b7dd15,qwen3-8b,1,1,True,0.15517597302095965,2,B
medmcqa,2961,c6f01b71-fe30-41d3-8680-5d08d0b7dd15,qwen3-8b,3,3,True,0.15350820601452142,2,D
medmcqa,2962,c6f01b71-fe30-41d3-8680-5d08d0b7dd15,qwen3-8b,0,2,False,0.17894979199627414,2,A
medmcqa,2963,c6f01b71-fe30-41d3-8680-5d08d0b7dd15,qwen3-8b,0,2,False,0.17774856102187186,2,A
medmcqa,2964,c6f01b71-fe30-41d3-8680-5d08d0b7dd15,qwen3-8b,2,0,False,0.1692245720187202,2,C
medmcqa,2965,c6f01b71-fe30-41d3-8680-5d08d0b7dd15,qwen3-8b,0,2,False,0.1586599909933284,2,A
medmcqa,2966,c6f01b71-fe30-41d3-8680-5d08d0b7dd15,qwen3-8b,0,1,False,0.17470928997499868,2,A
medmcqa,2967,c6f01b71-fe30-41d3-8680-5d08d0b7dd15,qwen3-8b,0,3,False,0.16511594198527746,2,A
medmcqa,2968,c6f01b71-fe30-41d3-8680-5d08d0b7dd15,qwen3-8b,3,0,False,0.1524632900254801,2,D
medmcqa,2969,c6f01b71-fe30-41d3-8680-5d08d0b7dd15,qwen3-8b,3,0,False,0.17048598401015624,2,D
medmcqa,2970,c6f01b71-fe30-41d3-8680-5d08d0b7dd15,qwen3-8b,1,3,False,0.17543684600968845,2,B
medmcqa,2971,c6f01b71-fe30-41d3-8680-5d08d0b7dd15,qwen3-8b,2,2,True,0.1544717579963617,2,C
medmcqa,2972,c6f01b71-fe30-41d3-8680-5d08d0b7dd15,qwen3-8b,0,0,True,0.15403195199905895,2,A
medmcqa,2973,c6f01b71-fe30-41d3-8680-5d08d0b7dd15,qwen3-8b,1,2,False,0.15271351099363528,2,B
medmcqa,2974,c6f01b71-fe30-41d3-8680-5d08d0b7dd15,qwen3-8b,2,2,True,0.17775634600548074,2,C
medmcqa,2975,c6f01b71-fe30-41d3-8680-5d08d0b7dd15,qwen3-8b,0,0,True,0.1541753550118301,2,A
medmcqa,2976,c6f01b71-fe30-41d3-8680-5d08d0b7dd15,qwen3-8b,3,3,True,0.15772148201358505,2,D
medmcqa,2977,c6f01b71-fe30-41d3-8680-5d08d0b7dd15,qwen3-8b,0,0,True,0.16966211001272313,2,A
medmcqa,2978,c6f01b71-fe30-41d3-8680-5d08d0b7dd15,qwen3-8b,2,2,True,0.16979935899144039,2,C
medmcqa,2979,c6f01b71-fe30-41d3-8680-5d08d0b7dd15,qwen3-8b,3,2,False,0.17160625901306048,2,D
medmcqa,2980,c6f01b71-fe30-41d3-8680-5d08d0b7dd15,qwen3-8b,0,3,False,0.15407607902307063,2,A
medmcqa,2981,c6f01b71-fe30-41d3-8680-5d08d0b7dd15,qwen3-8b,0,0,True,0.16866921799373813,2,A
medmcqa,2982,c6f01b71-fe30-41d3-8680-5d08d0b7dd15,qwen3-8b,0,3,False,0.15655830298783258,2,A
medmcqa,2983,c6f01b71-fe30-41d3-8680-5d08d0b7dd15,qwen3-8b,0,0,True,0.19393364200368524,2,A
medmcqa,2984,c6f01b71-fe30-41d3-8680-5d08d0b7dd15,qwen3-8b,0,0,True,0.1683766999922227,2,A
medmcqa,2985,c6f01b71-fe30-41d3-8680-5d08d0b7dd15,qwen3-8b,1,1,True,0.17001490300754085,2,B
medmcqa,2986,c6f01b71-fe30-41d3-8680-5d08d0b7dd15,qwen3-8b,1,1,True,0.1590877039998304,2,B
medmcqa,2987,c6f01b71-fe30-41d3-8680-5d08d0b7dd15,qwen3-8b,1,1,True,0.16784024401567876,2,B
medmcqa,2988,c6f01b71-fe30-41d3-8680-5d08d0b7dd15,qwen3-8b,2,0,False,0.152289367018966,2,C
medmcqa,2989,c6f01b71-fe30-41d3-8680-5d08d0b7dd15,qwen3-8b,0,3,False,0.17051444700337015,2,A
medmcqa,2990,c6f01b71-fe30-41d3-8680-5d08d0b7dd15,qwen3-8b,1,1,True,0.15351704999920912,2,B
medmcqa,2991,c6f01b71-fe30-41d3-8680-5d08d0b7dd15,qwen3-8b,3,3,True,0.15352343299309723,2,D
medmcqa,2992,c6f01b71-fe30-41d3-8680-5d08d0b7dd15,qwen3-8b,0,1,False,0.1618208329891786,2,A
medmcqa,2993,c6f01b71-fe30-41d3-8680-5d08d0b7dd15,qwen3-8b,2,0,False,0.15789088400197215,2,C
medmcqa,2994,c6f01b71-fe30-41d3-8680-5d08d0b7dd15,qwen3-8b,2,2,True,0.17071650599245913,2,C
medmcqa,2995,c6f01b71-fe30-41d3-8680-5d08d0b7dd15,qwen3-8b,1,0,False,0.1777638570056297,2,B
medmcqa,2996,c6f01b71-fe30-41d3-8680-5d08d0b7dd15,qwen3-8b,0,0,True,0.17175419500563294,2,A
medmcqa,2997,c6f01b71-fe30-41d3-8680-5d08d0b7dd15,qwen3-8b,1,3,False,0.1704612720059231,2,B
medmcqa,2998,c6f01b71-fe30-41d3-8680-5d08d0b7dd15,qwen3-8b,0,1,False,0.1957941840228159,2,A
medmcqa,2999,c6f01b71-fe30-41d3-8680-5d08d0b7dd15,qwen3-8b,0,0,True,0.16236742702312768,2,A
medmcqa,3000,c6f01b71-fe30-41d3-8680-5d08d0b7dd15,qwen3-8b,0,0,True,0.15882851200876758,2,A
medmcqa,3001,c6f01b71-fe30-41d3-8680-5d08d0b7dd15,qwen3-8b,1,2,False,0.17375433800043538,2,B
medmcqa,3002,c6f01b71-fe30-41d3-8680-5d08d0b7dd15,qwen3-8b,3,2,False,0.17745683598332107,2,D
medmcqa,3003,c6f01b71-fe30-41d3-8680-5d08d0b7dd15,qwen3-8b,2,2,True,0.17284872202435508,2,C
medmcqa,3004,c6f01b71-fe30-41d3-8680-5d08d0b7dd15,qwen3-8b,3,0,False,0.17779318898101337,2,D
medmcqa,3005,c6f01b71-fe30-41d3-8680-5d08d0b7dd15,qwen3-8b,1,1,True,0.1601164249877911,2,B
medmcqa,3006,c6f01b71-fe30-41d3-8680-5d08d0b7dd15,qwen3-8b,3,1,False,0.1855629810015671,2,D
medmcqa,3007,c6f01b71-fe30-41d3-8680-5d08d0b7dd15,qwen3-8b,0,1,False,0.15478687299764715,2,A
medmcqa,3008,c6f01b71-fe30-41d3-8680-5d08d0b7dd15,qwen3-8b,0,0,True,0.16996296899742447,2,A
medmcqa,3009,c6f01b71-fe30-41d3-8680-5d08d0b7dd15,qwen3-8b,1,3,False,0.16306727298069745,2,B
medmcqa,3010,c6f01b71-fe30-41d3-8680-5d08d0b7dd15,qwen3-8b,0,0,True,0.17489542401744984,2,A
medmcqa,3011,c6f01b71-fe30-41d3-8680-5d08d0b7dd15,qwen3-8b,1,1,True,0.15966699999989942,2,B
medmcqa,3012,c6f01b71-fe30-41d3-8680-5d08d0b7dd15,qwen3-8b,2,2,True,0.1758966880152002,2,C
medmcqa,3013,c6f01b71-fe30-41d3-8680-5d08d0b7dd15,qwen3-8b,3,2,False,0.17665693201706745,2,D
medmcqa,3014,c6f01b71-fe30-41d3-8680-5d08d0b7dd15,qwen3-8b,1,1,True,0.1624537280004006,2,B
medmcqa,3015,c6f01b71-fe30-41d3-8680-5d08d0b7dd15,qwen3-8b,0,1,False,0.1750316039833706,2,A
medmcqa,3016,c6f01b71-fe30-41d3-8680-5d08d0b7dd15,qwen3-8b,2,2,True,0.19035492499824613,2,C
medmcqa,3017,c6f01b71-fe30-41d3-8680-5d08d0b7dd15,qwen3-8b,0,2,False,0.16541095299180597,2,A
medmcqa,3018,c6f01b71-fe30-41d3-8680-5d08d0b7dd15,qwen3-8b,1,1,True,0.169911024015164,2,B
medmcqa,3019,c6f01b71-fe30-41d3-8680-5d08d0b7dd15,qwen3-8b,2,2,True,0.1525088619964663,2,C
medmcqa,3020,c6f01b71-fe30-41d3-8680-5d08d0b7dd15,qwen3-8b,0,2,False,0.15527029399527237,2,A
medmcqa,3021,c6f01b71-fe30-41d3-8680-5d08d0b7dd15,qwen3-8b,2,2,True,0.15864575101295486,2,C
medmcqa,3022,c6f01b71-fe30-41d3-8680-5d08d0b7dd15,qwen3-8b,0,1,False,0.15347646598820575,2,A
medmcqa,3023,c6f01b71-fe30-41d3-8680-5d08d0b7dd15,qwen3-8b,3,1,False,0.1790579090011306,2,D
medmcqa,3024,c6f01b71-fe30-41d3-8680-5d08d0b7dd15,qwen3-8b,3,3,True,0.1540753559966106,2,D
medmcqa,3025,c6f01b71-fe30-41d3-8680-5d08d0b7dd15,qwen3-8b,0,0,True,0.1676396400143858,2,A
medmcqa,3026,c6f01b71-fe30-41d3-8680-5d08d0b7dd15,qwen3-8b,1,1,True,0.15267509000841528,2,B
medmcqa,3027,c6f01b71-fe30-41d3-8680-5d08d0b7dd15,qwen3-8b,0,0,True,0.16232189699076116,2,A
medmcqa,3028,c6f01b71-fe30-41d3-8680-5d08d0b7dd15,qwen3-8b,0,0,True,0.1568414699868299,2,A
medmcqa,3029,c6f01b71-fe30-41d3-8680-5d08d0b7dd15,qwen3-8b,0,1,False,0.17370095101068728,2,A
medmcqa,3030,c6f01b71-fe30-41d3-8680-5d08d0b7dd15,qwen3-8b,1,1,True,0.1538720279932022,2,B
medmcqa,3031,c6f01b71-fe30-41d3-8680-5d08d0b7dd15,qwen3-8b,3,3,True,0.18631178900250234,2,D
medmcqa,3032,c6f01b71-fe30-41d3-8680-5d08d0b7dd15,qwen3-8b,1,1,True,0.15464886600966565,2,B
medmcqa,3033,c6f01b71-fe30-41d3-8680-5d08d0b7dd15,qwen3-8b,1,0,False,0.15581797002232634,2,B
medmcqa,3034,c6f01b71-fe30-41d3-8680-5d08d0b7dd15,qwen3-8b,1,1,True,0.17223497800296172,2,B
medmcqa,3035,c6f01b71-fe30-41d3-8680-5d08d0b7dd15,qwen3-8b,1,1,True,0.1565761090023443,2,B
medmcqa,3036,c6f01b71-fe30-41d3-8680-5d08d0b7dd15,qwen3-8b,3,2,False,0.15385329199489206,2,D
medmcqa,3037,c6f01b71-fe30-41d3-8680-5d08d0b7dd15,qwen3-8b,2,2,True,0.15335802899789996,2,C
medmcqa,3038,c6f01b71-fe30-41d3-8680-5d08d0b7dd15,qwen3-8b,3,3,True,0.15252030701958574,2,D
medmcqa,3039,c6f01b71-fe30-41d3-8680-5d08d0b7dd15,qwen3-8b,1,2,False,0.1716117239848245,2,B
medmcqa,3040,c6f01b71-fe30-41d3-8680-5d08d0b7dd15,qwen3-8b,0,0,True,0.16492269802256487,2,A
medmcqa,3041,c6f01b71-fe30-41d3-8680-5d08d0b7dd15,qwen3-8b,1,0,False,0.15544064599089324,2,B
medmcqa,3042,c6f01b71-fe30-41d3-8680-5d08d0b7dd15,qwen3-8b,2,0,False,0.1836841890180949,2,C
medmcqa,3043,c6f01b71-fe30-41d3-8680-5d08d0b7dd15,qwen3-8b,3,3,True,0.1675354999897536,2,D
medmcqa,3044,c6f01b71-fe30-41d3-8680-5d08d0b7dd15,qwen3-8b,0,0,True,0.15287449600873515,2,A
medmcqa,3045,c6f01b71-fe30-41d3-8680-5d08d0b7dd15,qwen3-8b,0,0,True,0.15376724599627778,2,A
medmcqa,3046,c6f01b71-fe30-41d3-8680-5d08d0b7dd15,qwen3-8b,0,0,True,0.16897039298783056,2,A
medmcqa,3047,c6f01b71-fe30-41d3-8680-5d08d0b7dd15,qwen3-8b,3,3,True,0.17669329198542982,2,D
medmcqa,3048,c6f01b71-fe30-41d3-8680-5d08d0b7dd15,qwen3-8b,1,0,False,0.16171107901027426,2,B
medmcqa,3049,c6f01b71-fe30-41d3-8680-5d08d0b7dd15,qwen3-8b,0,0,True,0.15747604198986664,2,A
medmcqa,3050,c6f01b71-fe30-41d3-8680-5d08d0b7dd15,qwen3-8b,0,0,True,0.1857318409893196,2,A
medmcqa,3051,c6f01b71-fe30-41d3-8680-5d08d0b7dd15,qwen3-8b,1,0,False,0.16156842702184804,2,B
medmcqa,3052,c6f01b71-fe30-41d3-8680-5d08d0b7dd15,qwen3-8b,1,0,False,0.15478840802097693,2,B
medmcqa,3053,c6f01b71-fe30-41d3-8680-5d08d0b7dd15,qwen3-8b,1,0,False,0.16634560099919327,2,B
medmcqa,3054,c6f01b71-fe30-41d3-8680-5d08d0b7dd15,qwen3-8b,0,0,True,0.17668442300055176,2,A
medmcqa,3055,c6f01b71-fe30-41d3-8680-5d08d0b7dd15,qwen3-8b,3,1,False,0.16886485999566503,2,D
medmcqa,3056,c6f01b71-fe30-41d3-8680-5d08d0b7dd15,qwen3-8b,3,1,False,0.17212807000032626,2,D
medmcqa,3057,c6f01b71-fe30-41d3-8680-5d08d0b7dd15,qwen3-8b,0,0,True,0.15610054100397974,2,A
medmcqa,3058,c6f01b71-fe30-41d3-8680-5d08d0b7dd15,qwen3-8b,3,1,False,0.16083126899320632,2,D
medmcqa,3059,c6f01b71-fe30-41d3-8680-5d08d0b7dd15,qwen3-8b,2,3,False,0.1822328739799559,2,C
medmcqa,3060,c6f01b71-fe30-41d3-8680-5d08d0b7dd15,qwen3-8b,2,0,False,0.15321367300930433,2,C
medmcqa,3061,c6f01b71-fe30-41d3-8680-5d08d0b7dd15,qwen3-8b,3,0,False,0.17185501800850034,2,D
medmcqa,3062,c6f01b71-fe30-41d3-8680-5d08d0b7dd15,qwen3-8b,1,2,False,0.15333373201428913,2,B
medmcqa,3063,c6f01b71-fe30-41d3-8680-5d08d0b7dd15,qwen3-8b,1,1,True,0.17516366599011235,2,B
medmcqa,3064,c6f01b71-fe30-41d3-8680-5d08d0b7dd15,qwen3-8b,3,2,False,0.15381933900061995,2,D
medmcqa,3065,c6f01b71-fe30-41d3-8680-5d08d0b7dd15,qwen3-8b,0,2,False,0.15329571202164516,2,A
medmcqa,3066,c6f01b71-fe30-41d3-8680-5d08d0b7dd15,qwen3-8b,1,1,True,0.18848425298347138,2,B
medmcqa,3067,c6f01b71-fe30-41d3-8680-5d08d0b7dd15,qwen3-8b,1,0,False,0.18533009200473316,2,B
medmcqa,3068,c6f01b71-fe30-41d3-8680-5d08d0b7dd15,qwen3-8b,2,2,True,0.17932867401395924,2,C
medmcqa,3069,c6f01b71-fe30-41d3-8680-5d08d0b7dd15,qwen3-8b,0,0,True,0.179729478986701,2,A
medmcqa,3070,c6f01b71-fe30-41d3-8680-5d08d0b7dd15,qwen3-8b,2,1,False,0.17191871799877845,2,C
medmcqa,3071,c6f01b71-fe30-41d3-8680-5d08d0b7dd15,qwen3-8b,0,3,False,0.1519153310218826,2,A
medmcqa,3072,c6f01b71-fe30-41d3-8680-5d08d0b7dd15,qwen3-8b,3,0,False,0.2046225860249251,2,D
medmcqa,3073,c6f01b71-fe30-41d3-8680-5d08d0b7dd15,qwen3-8b,3,1,False,0.18977077497402206,2,D
medmcqa,3074,c6f01b71-fe30-41d3-8680-5d08d0b7dd15,qwen3-8b,1,1,True,0.18486845601000823,2,B
medmcqa,3075,c6f01b71-fe30-41d3-8680-5d08d0b7dd15,qwen3-8b,1,0,False,0.18982754100579768,2,B
medmcqa,3076,c6f01b71-fe30-41d3-8680-5d08d0b7dd15,qwen3-8b,1,2,False,0.2012875090003945,2,B
medmcqa,3077,c6f01b71-fe30-41d3-8680-5d08d0b7dd15,qwen3-8b,1,1,True,0.19146312298835255,2,B
medmcqa,3078,c6f01b71-fe30-41d3-8680-5d08d0b7dd15,qwen3-8b,1,3,False,0.21062836298369803,2,B
medmcqa,3079,c6f01b71-fe30-41d3-8680-5d08d0b7dd15,qwen3-8b,3,1,False,0.18295411200961098,2,D
medmcqa,3080,c6f01b71-fe30-41d3-8680-5d08d0b7dd15,qwen3-8b,0,0,True,0.19288164397585206,2,A
medmcqa,3081,c6f01b71-fe30-41d3-8680-5d08d0b7dd15,qwen3-8b,2,2,True,0.19109318099799566,2,C
medmcqa,3082,c6f01b71-fe30-41d3-8680-5d08d0b7dd15,qwen3-8b,3,1,False,0.20063366601243615,2,D
medmcqa,3083,c6f01b71-fe30-41d3-8680-5d08d0b7dd15,qwen3-8b,2,3,False,0.19031988800270483,2,C
medmcqa,3084,c6f01b71-fe30-41d3-8680-5d08d0b7dd15,qwen3-8b,1,1,True,0.19581629999447614,2,B
medmcqa,3085,c6f01b71-fe30-41d3-8680-5d08d0b7dd15,qwen3-8b,1,3,False,0.18855930599966086,2,B
medmcqa,3086,c6f01b71-fe30-41d3-8680-5d08d0b7dd15,qwen3-8b,1,3,False,0.19106509402627125,2,B
medmcqa,3087,c6f01b71-fe30-41d3-8680-5d08d0b7dd15,qwen3-8b,2,2,True,0.18252143799327314,2,C
medmcqa,3088,c6f01b71-fe30-41d3-8680-5d08d0b7dd15,qwen3-8b,2,0,False,0.18047170399222523,2,C
medmcqa,3089,c6f01b71-fe30-41d3-8680-5d08d0b7dd15,qwen3-8b,0,0,True,0.1766633419902064,2,A
medmcqa,3090,c6f01b71-fe30-41d3-8680-5d08d0b7dd15,qwen3-8b,2,2,True,0.16785185402841307,2,C
medmcqa,3091,c6f01b71-fe30-41d3-8680-5d08d0b7dd15,qwen3-8b,1,1,True,0.17715127501287498,2,B
medmcqa,3092,c6f01b71-fe30-41d3-8680-5d08d0b7dd15,qwen3-8b,2,2,True,0.18364415699033998,2,C
medmcqa,3093,c6f01b71-fe30-41d3-8680-5d08d0b7dd15,qwen3-8b,0,0,True,0.17408218700438738,2,A
medmcqa,3094,c6f01b71-fe30-41d3-8680-5d08d0b7dd15,qwen3-8b,0,3,False,0.20032259298022836,2,A
medmcqa,3095,c6f01b71-fe30-41d3-8680-5d08d0b7dd15,qwen3-8b,2,2,True,0.15437358600320294,2,C
medmcqa,3096,c6f01b71-fe30-41d3-8680-5d08d0b7dd15,qwen3-8b,3,1,False,0.17921884200768545,2,D
medmcqa,3097,c6f01b71-fe30-41d3-8680-5d08d0b7dd15,qwen3-8b,0,2,False,0.20206263900035992,2,A
medmcqa,3098,c6f01b71-fe30-41d3-8680-5d08d0b7dd15,qwen3-8b,0,0,True,0.18894958100281656,2,A
medmcqa,3099,c6f01b71-fe30-41d3-8680-5d08d0b7dd15,qwen3-8b,0,1,False,0.16893563198391348,2,A
medmcqa,3100,c6f01b71-fe30-41d3-8680-5d08d0b7dd15,qwen3-8b,0,0,True,0.15803565399255604,2,A
medmcqa,3101,c6f01b71-fe30-41d3-8680-5d08d0b7dd15,qwen3-8b,1,1,True,0.18730256898561493,2,B
medmcqa,3102,c6f01b71-fe30-41d3-8680-5d08d0b7dd15,qwen3-8b,0,0,True,0.18133095200755633,2,A
medmcqa,3103,c6f01b71-fe30-41d3-8680-5d08d0b7dd15,qwen3-8b,2,2,True,0.168240491009783,2,C
medmcqa,3104,c6f01b71-fe30-41d3-8680-5d08d0b7dd15,qwen3-8b,0,0,True,0.1783787640160881,2,A
medmcqa,3105,c6f01b71-fe30-41d3-8680-5d08d0b7dd15,qwen3-8b,2,2,True,0.20529862499097362,2,C
medmcqa,3106,c6f01b71-fe30-41d3-8680-5d08d0b7dd15,qwen3-8b,0,2,False,0.15320773699204437,2,A
medmcqa,3107,c6f01b71-fe30-41d3-8680-5d08d0b7dd15,qwen3-8b,3,3,True,0.16863667100551538,2,D
medmcqa,3108,c6f01b71-fe30-41d3-8680-5d08d0b7dd15,qwen3-8b,0,0,True,0.18704126798547804,2,A
medmcqa,3109,c6f01b71-fe30-41d3-8680-5d08d0b7dd15,qwen3-8b,2,2,True,0.15146470299805515,2,C
medmcqa,3110,c6f01b71-fe30-41d3-8680-5d08d0b7dd15,qwen3-8b,1,1,True,0.18296108898357488,2,B
medmcqa,3111,c6f01b71-fe30-41d3-8680-5d08d0b7dd15,qwen3-8b,1,3,False,0.17202168400399387,2,B
medmcqa,3112,c6f01b71-fe30-41d3-8680-5d08d0b7dd15,qwen3-8b,1,1,True,0.18101637001382187,2,B
medmcqa,3113,c6f01b71-fe30-41d3-8680-5d08d0b7dd15,qwen3-8b,0,0,True,0.20399891800479963,2,A
medmcqa,3114,c6f01b71-fe30-41d3-8680-5d08d0b7dd15,qwen3-8b,0,0,True,0.18032977698021568,2,A
medmcqa,3115,c6f01b71-fe30-41d3-8680-5d08d0b7dd15,qwen3-8b,3,3,True,0.20262908400036395,2,D
medmcqa,3116,c6f01b71-fe30-41d3-8680-5d08d0b7dd15,qwen3-8b,0,0,True,0.157042081002146,2,A
medmcqa,3117,c6f01b71-fe30-41d3-8680-5d08d0b7dd15,qwen3-8b,0,0,True,0.1537831629975699,2,A
medmcqa,3118,c6f01b71-fe30-41d3-8680-5d08d0b7dd15,qwen3-8b,0,0,True,0.1688907360075973,2,A
medmcqa,3119,c6f01b71-fe30-41d3-8680-5d08d0b7dd15,qwen3-8b,0,1,False,0.1636510610114783,2,A
medmcqa,3120,c6f01b71-fe30-41d3-8680-5d08d0b7dd15,qwen3-8b,3,0,False,0.17388489400036633,2,D
medmcqa,3121,c6f01b71-fe30-41d3-8680-5d08d0b7dd15,qwen3-8b,2,2,True,0.19007405202137306,2,C
medmcqa,3122,c6f01b71-fe30-41d3-8680-5d08d0b7dd15,qwen3-8b,1,1,True,0.19758590697892942,2,B
medmcqa,3123,c6f01b71-fe30-41d3-8680-5d08d0b7dd15,qwen3-8b,0,2,False,0.1786042159947101,2,A
medmcqa,3124,c6f01b71-fe30-41d3-8680-5d08d0b7dd15,qwen3-8b,0,1,False,0.17027078900719061,2,A
medmcqa,3125,c6f01b71-fe30-41d3-8680-5d08d0b7dd15,qwen3-8b,1,3,False,0.17832133400952443,2,B
medmcqa,3126,c6f01b71-fe30-41d3-8680-5d08d0b7dd15,qwen3-8b,0,2,False,0.18940801901044324,2,A
medmcqa,3127,c6f01b71-fe30-41d3-8680-5d08d0b7dd15,qwen3-8b,2,3,False,0.2026577910000924,2,C
medmcqa,3128,c6f01b71-fe30-41d3-8680-5d08d0b7dd15,qwen3-8b,1,1,True,0.18527121699298732,2,B
medmcqa,3129,c6f01b71-fe30-41d3-8680-5d08d0b7dd15,qwen3-8b,0,2,False,0.20102850199327804,2,A
medmcqa,3130,c6f01b71-fe30-41d3-8680-5d08d0b7dd15,qwen3-8b,0,0,True,0.16770119802094996,2,A
medmcqa,3131,c6f01b71-fe30-41d3-8680-5d08d0b7dd15,qwen3-8b,0,3,False,0.18565985898021609,2,A
medmcqa,3132,c6f01b71-fe30-41d3-8680-5d08d0b7dd15,qwen3-8b,1,0,False,0.1874377950152848,2,B
medmcqa,3133,c6f01b71-fe30-41d3-8680-5d08d0b7dd15,qwen3-8b,0,3,False,0.17979791801190004,2,A
medmcqa,3134,c6f01b71-fe30-41d3-8680-5d08d0b7dd15,qwen3-8b,3,2,False,0.18197805498493835,2,D
medmcqa,3135,c6f01b71-fe30-41d3-8680-5d08d0b7dd15,qwen3-8b,0,0,True,0.2014905689866282,2,A
medmcqa,3136,c6f01b71-fe30-41d3-8680-5d08d0b7dd15,qwen3-8b,2,2,True,0.1891180670063477,2,C
medmcqa,3137,c6f01b71-fe30-41d3-8680-5d08d0b7dd15,qwen3-8b,2,3,False,0.19169007198070176,2,C
medmcqa,3138,c6f01b71-fe30-41d3-8680-5d08d0b7dd15,qwen3-8b,2,2,True,0.1898141349956859,2,C
medmcqa,3139,c6f01b71-fe30-41d3-8680-5d08d0b7dd15,qwen3-8b,2,2,True,0.18701228097779676,2,C
medmcqa,3140,c6f01b71-fe30-41d3-8680-5d08d0b7dd15,qwen3-8b,3,3,True,0.19185710200690664,2,D
medmcqa,3141,c6f01b71-fe30-41d3-8680-5d08d0b7dd15,qwen3-8b,1,0,False,0.18428202098584734,2,B
medmcqa,3142,c6f01b71-fe30-41d3-8680-5d08d0b7dd15,qwen3-8b,0,0,True,0.19768231199122965,2,A
medmcqa,3143,c6f01b71-fe30-41d3-8680-5d08d0b7dd15,qwen3-8b,0,1,False,0.19091067498084158,2,A
medmcqa,3144,c6f01b71-fe30-41d3-8680-5d08d0b7dd15,qwen3-8b,1,2,False,0.18895688699558377,2,B
medmcqa,3145,c6f01b71-fe30-41d3-8680-5d08d0b7dd15,qwen3-8b,2,2,True,0.20308199699502438,2,C
medmcqa,3146,c6f01b71-fe30-41d3-8680-5d08d0b7dd15,qwen3-8b,1,1,True,0.19192526399274357,2,B
medmcqa,3147,c6f01b71-fe30-41d3-8680-5d08d0b7dd15,qwen3-8b,3,0,False,0.19132381500094198,2,D
medmcqa,3148,c6f01b71-fe30-41d3-8680-5d08d0b7dd15,qwen3-8b,0,3,False,0.1852551230113022,2,A
medmcqa,3149,c6f01b71-fe30-41d3-8680-5d08d0b7dd15,qwen3-8b,2,2,True,0.18734906299505383,2,C
medmcqa,3150,c6f01b71-fe30-41d3-8680-5d08d0b7dd15,qwen3-8b,2,0,False,0.17937936299131252,2,C
medmcqa,3151,c6f01b71-fe30-41d3-8680-5d08d0b7dd15,qwen3-8b,0,0,True,0.18271673200069927,2,A
medmcqa,3152,c6f01b71-fe30-41d3-8680-5d08d0b7dd15,qwen3-8b,1,1,True,0.19996432401239872,2,B
medmcqa,3153,c6f01b71-fe30-41d3-8680-5d08d0b7dd15,qwen3-8b,1,1,True,0.15335037501063198,2,B
medmcqa,3154,c6f01b71-fe30-41d3-8680-5d08d0b7dd15,qwen3-8b,0,0,True,0.19971325001097284,2,A
medmcqa,3155,c6f01b71-fe30-41d3-8680-5d08d0b7dd15,qwen3-8b,2,2,True,0.15455928799929097,2,C
medmcqa,3156,c6f01b71-fe30-41d3-8680-5d08d0b7dd15,qwen3-8b,1,1,True,0.18687196500832215,2,B
medmcqa,3157,c6f01b71-fe30-41d3-8680-5d08d0b7dd15,qwen3-8b,2,1,False,0.16735330602386966,2,C
medmcqa,3158,c6f01b71-fe30-41d3-8680-5d08d0b7dd15,qwen3-8b,0,0,True,0.19239687800290994,2,A
medmcqa,3159,c6f01b71-fe30-41d3-8680-5d08d0b7dd15,qwen3-8b,1,0,False,0.17288986398489214,2,B
medmcqa,3160,c6f01b71-fe30-41d3-8680-5d08d0b7dd15,qwen3-8b,1,0,False,0.17235853601596318,2,B
medmcqa,3161,c6f01b71-fe30-41d3-8680-5d08d0b7dd15,qwen3-8b,1,1,True,0.15712734800763428,2,B
medmcqa,3162,c6f01b71-fe30-41d3-8680-5d08d0b7dd15,qwen3-8b,0,3,False,0.18516935702064075,2,A
medmcqa,3163,c6f01b71-fe30-41d3-8680-5d08d0b7dd15,qwen3-8b,3,3,True,0.17065880101290531,2,D
medmcqa,3164,c6f01b71-fe30-41d3-8680-5d08d0b7dd15,qwen3-8b,3,3,True,0.18740085102035664,2,D
medmcqa,3165,c6f01b71-fe30-41d3-8680-5d08d0b7dd15,qwen3-8b,1,0,False,0.1895924659911543,2,B
medmcqa,3166,c6f01b71-fe30-41d3-8680-5d08d0b7dd15,qwen3-8b,2,3,False,0.22010847000638023,2,C
medmcqa,3167,c6f01b71-fe30-41d3-8680-5d08d0b7dd15,qwen3-8b,0,0,True,0.15824474600958638,2,A
medmcqa,3168,c6f01b71-fe30-41d3-8680-5d08d0b7dd15,qwen3-8b,2,1,False,0.18188769099651836,2,C
medmcqa,3169,c6f01b71-fe30-41d3-8680-5d08d0b7dd15,qwen3-8b,1,3,False,0.18393356099841185,2,B
medmcqa,3170,c6f01b71-fe30-41d3-8680-5d08d0b7dd15,qwen3-8b,3,3,True,0.18322575101046823,2,D
medmcqa,3171,c6f01b71-fe30-41d3-8680-5d08d0b7dd15,qwen3-8b,3,0,False,0.21041830300237052,2,D
medmcqa,3172,c6f01b71-fe30-41d3-8680-5d08d0b7dd15,qwen3-8b,2,2,True,0.17319864401360974,2,C
medmcqa,3173,c6f01b71-fe30-41d3-8680-5d08d0b7dd15,qwen3-8b,0,0,True,0.18676043799496256,2,A
medmcqa,3174,c6f01b71-fe30-41d3-8680-5d08d0b7dd15,qwen3-8b,2,3,False,0.15236662898678333,2,C
medmcqa,3175,c6f01b71-fe30-41d3-8680-5d08d0b7dd15,qwen3-8b,1,0,False,0.1688505279889796,2,B
medmcqa,3176,c6f01b71-fe30-41d3-8680-5d08d0b7dd15,qwen3-8b,1,1,True,0.18256518201087601,2,B
medmcqa,3177,c6f01b71-fe30-41d3-8680-5d08d0b7dd15,qwen3-8b,1,0,False,0.17655396400368772,2,B
medmcqa,3178,c6f01b71-fe30-41d3-8680-5d08d0b7dd15,qwen3-8b,3,1,False,0.17232380699715577,2,D
medmcqa,3179,c6f01b71-fe30-41d3-8680-5d08d0b7dd15,qwen3-8b,0,3,False,0.20044337198487483,2,A
medmcqa,3180,c6f01b71-fe30-41d3-8680-5d08d0b7dd15,qwen3-8b,1,2,False,0.18508393698721193,2,B
medmcqa,3181,c6f01b71-fe30-41d3-8680-5d08d0b7dd15,qwen3-8b,2,2,True,0.17088482700637542,2,C
medmcqa,3182,c6f01b71-fe30-41d3-8680-5d08d0b7dd15,qwen3-8b,0,1,False,0.19894544500857592,2,A
medmcqa,3183,c6f01b71-fe30-41d3-8680-5d08d0b7dd15,qwen3-8b,3,2,False,0.19298047499614768,2,D
medmcqa,3184,c6f01b71-fe30-41d3-8680-5d08d0b7dd15,qwen3-8b,1,1,True,0.1941462199902162,2,B
medmcqa,3185,c6f01b71-fe30-41d3-8680-5d08d0b7dd15,qwen3-8b,1,1,True,0.19353737999335863,2,B
medmcqa,3186,c6f01b71-fe30-41d3-8680-5d08d0b7dd15,qwen3-8b,3,0,False,0.18110650600283407,2,D
medmcqa,3187,c6f01b71-fe30-41d3-8680-5d08d0b7dd15,qwen3-8b,2,2,True,0.19821468100417405,2,C
medmcqa,3188,c6f01b71-fe30-41d3-8680-5d08d0b7dd15,qwen3-8b,0,0,True,0.1548173910123296,2,A
medmcqa,3189,c6f01b71-fe30-41d3-8680-5d08d0b7dd15,qwen3-8b,0,0,True,0.18819119801628403,2,A
medmcqa,3190,c6f01b71-fe30-41d3-8680-5d08d0b7dd15,qwen3-8b,3,3,True,0.22893523398670368,2,D
medmcqa,3191,c6f01b71-fe30-41d3-8680-5d08d0b7dd15,qwen3-8b,0,3,False,0.18403472899808548,2,A
medmcqa,3192,c6f01b71-fe30-41d3-8680-5d08d0b7dd15,qwen3-8b,2,2,True,0.18636353602050804,2,C
medmcqa,3193,c6f01b71-fe30-41d3-8680-5d08d0b7dd15,qwen3-8b,2,2,True,0.1883896839863155,2,C
medmcqa,3194,c6f01b71-fe30-41d3-8680-5d08d0b7dd15,qwen3-8b,0,0,True,0.17217171797528863,2,A
medmcqa,3195,c6f01b71-fe30-41d3-8680-5d08d0b7dd15,qwen3-8b,0,1,False,0.19002979798824526,2,A
medmcqa,3196,c6f01b71-fe30-41d3-8680-5d08d0b7dd15,qwen3-8b,0,0,True,0.1730075319937896,2,A
medmcqa,3197,c6f01b71-fe30-41d3-8680-5d08d0b7dd15,qwen3-8b,1,0,False,0.19187205701018684,2,B
medmcqa,3198,c6f01b71-fe30-41d3-8680-5d08d0b7dd15,qwen3-8b,1,1,True,0.1809989399916958,2,B
medmcqa,3199,c6f01b71-fe30-41d3-8680-5d08d0b7dd15,qwen3-8b,1,1,True,0.1871990729996469,2,B
medmcqa,3200,c6f01b71-fe30-41d3-8680-5d08d0b7dd15,qwen3-8b,2,0,False,0.18720470598782413,2,C
medmcqa,3201,c6f01b71-fe30-41d3-8680-5d08d0b7dd15,qwen3-8b,3,3,True,0.1814959449984599,2,D
medmcqa,3202,c6f01b71-fe30-41d3-8680-5d08d0b7dd15,qwen3-8b,1,1,True,0.18568222000612877,2,B
medmcqa,3203,c6f01b71-fe30-41d3-8680-5d08d0b7dd15,qwen3-8b,0,1,False,0.18122889299411327,2,A
medmcqa,3204,c6f01b71-fe30-41d3-8680-5d08d0b7dd15,qwen3-8b,1,1,True,0.17157687398139387,2,B
medmcqa,3205,c6f01b71-fe30-41d3-8680-5d08d0b7dd15,qwen3-8b,0,0,True,0.19772907000151463,2,A
medmcqa,3206,c6f01b71-fe30-41d3-8680-5d08d0b7dd15,qwen3-8b,2,2,True,0.1581573169969488,2,C
medmcqa,3207,c6f01b71-fe30-41d3-8680-5d08d0b7dd15,qwen3-8b,0,0,True,0.16833658699761145,2,A
medmcqa,3208,c6f01b71-fe30-41d3-8680-5d08d0b7dd15,qwen3-8b,2,2,True,0.18046392500400543,2,C
medmcqa,3209,c6f01b71-fe30-41d3-8680-5d08d0b7dd15,qwen3-8b,2,3,False,0.15824283799156547,2,C
medmcqa,3210,c6f01b71-fe30-41d3-8680-5d08d0b7dd15,qwen3-8b,0,0,True,0.1912192429881543,2,A
medmcqa,3211,c6f01b71-fe30-41d3-8680-5d08d0b7dd15,qwen3-8b,0,3,False,0.1793122939998284,2,A
medmcqa,3212,c6f01b71-fe30-41d3-8680-5d08d0b7dd15,qwen3-8b,0,1,False,0.16742394299944863,2,A
medmcqa,3213,c6f01b71-fe30-41d3-8680-5d08d0b7dd15,qwen3-8b,2,2,True,0.17563957898528315,2,C
medmcqa,3214,c6f01b71-fe30-41d3-8680-5d08d0b7dd15,qwen3-8b,1,1,True,0.1524355039873626,2,B
medmcqa,3215,c6f01b71-fe30-41d3-8680-5d08d0b7dd15,qwen3-8b,2,2,True,0.15192518700496294,2,C
medmcqa,3216,c6f01b71-fe30-41d3-8680-5d08d0b7dd15,qwen3-8b,2,2,True,0.1844963880139403,2,C
medmcqa,3217,c6f01b71-fe30-41d3-8680-5d08d0b7dd15,qwen3-8b,0,0,True,0.19870551201165654,2,A
medmcqa,3218,c6f01b71-fe30-41d3-8680-5d08d0b7dd15,qwen3-8b,2,2,True,0.17604538399609737,2,C
medmcqa,3219,c6f01b71-fe30-41d3-8680-5d08d0b7dd15,qwen3-8b,0,0,True,0.1763779120228719,2,A
medmcqa,3220,c6f01b71-fe30-41d3-8680-5d08d0b7dd15,qwen3-8b,1,1,True,0.1813248659891542,2,B
medmcqa,3221,c6f01b71-fe30-41d3-8680-5d08d0b7dd15,qwen3-8b,3,1,False,0.16910782700870186,2,D
medmcqa,3222,c6f01b71-fe30-41d3-8680-5d08d0b7dd15,qwen3-8b,0,1,False,0.164059733011527,2,A
medmcqa,3223,c6f01b71-fe30-41d3-8680-5d08d0b7dd15,qwen3-8b,3,3,True,0.15296882201801054,2,D
medmcqa,3224,c6f01b71-fe30-41d3-8680-5d08d0b7dd15,qwen3-8b,0,0,True,0.18197916899225675,2,A
medmcqa,3225,c6f01b71-fe30-41d3-8680-5d08d0b7dd15,qwen3-8b,1,2,False,0.17028574697906151,2,B
medmcqa,3226,c6f01b71-fe30-41d3-8680-5d08d0b7dd15,qwen3-8b,2,2,True,0.17690036201383919,2,C
medmcqa,3227,c6f01b71-fe30-41d3-8680-5d08d0b7dd15,qwen3-8b,0,3,False,0.15605856300680898,2,A
medmcqa,3228,c6f01b71-fe30-41d3-8680-5d08d0b7dd15,qwen3-8b,2,2,True,0.16655337699921802,2,C
medmcqa,3229,c6f01b71-fe30-41d3-8680-5d08d0b7dd15,qwen3-8b,1,3,False,0.15260086199850775,2,B
medmcqa,3230,c6f01b71-fe30-41d3-8680-5d08d0b7dd15,qwen3-8b,0,0,True,0.1691349610046018,2,A
medmcqa,3231,c6f01b71-fe30-41d3-8680-5d08d0b7dd15,qwen3-8b,0,3,False,0.1699813820014242,2,A
medmcqa,3232,c6f01b71-fe30-41d3-8680-5d08d0b7dd15,qwen3-8b,1,0,False,0.15224539799964987,2,B
medmcqa,3233,c6f01b71-fe30-41d3-8680-5d08d0b7dd15,qwen3-8b,3,0,False,0.1706932740053162,2,D
medmcqa,3234,c6f01b71-fe30-41d3-8680-5d08d0b7dd15,qwen3-8b,0,0,True,0.15833727200515568,2,A
medmcqa,3235,c6f01b71-fe30-41d3-8680-5d08d0b7dd15,qwen3-8b,0,2,False,0.15361379299429245,2,A
medmcqa,3236,c6f01b71-fe30-41d3-8680-5d08d0b7dd15,qwen3-8b,3,1,False,0.16833995000342838,2,D
medmcqa,3237,c6f01b71-fe30-41d3-8680-5d08d0b7dd15,qwen3-8b,3,3,True,0.15462656298768707,2,D
medmcqa,3238,c6f01b71-fe30-41d3-8680-5d08d0b7dd15,qwen3-8b,0,0,True,0.16940646601142362,2,A
medmcqa,3239,c6f01b71-fe30-41d3-8680-5d08d0b7dd15,qwen3-8b,0,0,True,0.1576614649966359,2,A
medmcqa,3240,c6f01b71-fe30-41d3-8680-5d08d0b7dd15,qwen3-8b,1,2,False,0.1678593390097376,2,B
medmcqa,3241,c6f01b71-fe30-41d3-8680-5d08d0b7dd15,qwen3-8b,2,0,False,0.16940576100023463,2,C
medmcqa,3242,c6f01b71-fe30-41d3-8680-5d08d0b7dd15,qwen3-8b,0,1,False,0.15246450100676157,2,A
medmcqa,3243,c6f01b71-fe30-41d3-8680-5d08d0b7dd15,qwen3-8b,1,1,True,0.15286788798402995,2,B
medmcqa,3244,c6f01b71-fe30-41d3-8680-5d08d0b7dd15,qwen3-8b,1,1,True,0.15833613197901286,2,B
medmcqa,3245,c6f01b71-fe30-41d3-8680-5d08d0b7dd15,qwen3-8b,0,0,True,0.1536715129914228,2,A
medmcqa,3246,c6f01b71-fe30-41d3-8680-5d08d0b7dd15,qwen3-8b,0,1,False,0.17223930300679058,2,A
medmcqa,3247,c6f01b71-fe30-41d3-8680-5d08d0b7dd15,qwen3-8b,0,0,True,0.1698428590025287,2,A
medmcqa,3248,c6f01b71-fe30-41d3-8680-5d08d0b7dd15,qwen3-8b,3,3,True,0.15396561700617895,2,D
medmcqa,3249,c6f01b71-fe30-41d3-8680-5d08d0b7dd15,qwen3-8b,0,1,False,0.15945363100036047,2,A
medmcqa,3250,c6f01b71-fe30-41d3-8680-5d08d0b7dd15,qwen3-8b,0,0,True,0.17276096399291418,2,A
medmcqa,3251,c6f01b71-fe30-41d3-8680-5d08d0b7dd15,qwen3-8b,2,2,True,0.155271839001216,2,C
medmcqa,3252,c6f01b71-fe30-41d3-8680-5d08d0b7dd15,qwen3-8b,3,3,True,0.15448453498538584,2,D
medmcqa,3253,c6f01b71-fe30-41d3-8680-5d08d0b7dd15,qwen3-8b,0,1,False,0.15460946800885722,2,A
medmcqa,3254,c6f01b71-fe30-41d3-8680-5d08d0b7dd15,qwen3-8b,0,1,False,0.16849670297233388,2,A
medmcqa,3255,c6f01b71-fe30-41d3-8680-5d08d0b7dd15,qwen3-8b,1,1,True,0.15566948798368685,2,B
medmcqa,3256,c6f01b71-fe30-41d3-8680-5d08d0b7dd15,qwen3-8b,1,3,False,0.1692333469982259,2,B
medmcqa,3257,c6f01b71-fe30-41d3-8680-5d08d0b7dd15,qwen3-8b,1,0,False,0.16861936400528066,2,B
medmcqa,3258,c6f01b71-fe30-41d3-8680-5d08d0b7dd15,qwen3-8b,2,0,False,0.15322206399287097,2,C
medmcqa,3259,c6f01b71-fe30-41d3-8680-5d08d0b7dd15,qwen3-8b,1,1,True,0.16786486998898908,2,B
medmcqa,3260,c6f01b71-fe30-41d3-8680-5d08d0b7dd15,qwen3-8b,1,1,True,0.15307828100048937,2,B
medmcqa,3261,c6f01b71-fe30-41d3-8680-5d08d0b7dd15,qwen3-8b,1,3,False,0.17276513102115132,2,B
medmcqa,3262,c6f01b71-fe30-41d3-8680-5d08d0b7dd15,qwen3-8b,2,2,True,0.1552925790019799,2,C
medmcqa,3263,c6f01b71-fe30-41d3-8680-5d08d0b7dd15,qwen3-8b,1,1,True,0.1538993779977318,2,B
medmcqa,3264,c6f01b71-fe30-41d3-8680-5d08d0b7dd15,qwen3-8b,2,3,False,0.1720252109807916,2,C
medmcqa,3265,c6f01b71-fe30-41d3-8680-5d08d0b7dd15,qwen3-8b,0,0,True,0.15517564699985087,2,A
medmcqa,3266,c6f01b71-fe30-41d3-8680-5d08d0b7dd15,qwen3-8b,1,1,True,0.16816616198047996,2,B
medmcqa,3267,c6f01b71-fe30-41d3-8680-5d08d0b7dd15,qwen3-8b,0,3,False,0.17255568999098614,2,A
medmcqa,3268,c6f01b71-fe30-41d3-8680-5d08d0b7dd15,qwen3-8b,2,1,False,0.1564971249899827,2,C
medmcqa,3269,c6f01b71-fe30-41d3-8680-5d08d0b7dd15,qwen3-8b,2,2,True,0.15398112797993235,2,C
medmcqa,3270,c6f01b71-fe30-41d3-8680-5d08d0b7dd15,qwen3-8b,0,0,True,0.15411506302189082,2,A
medmcqa,3271,c6f01b71-fe30-41d3-8680-5d08d0b7dd15,qwen3-8b,0,0,True,0.15375270799268037,2,A
medmcqa,3272,c6f01b71-fe30-41d3-8680-5d08d0b7dd15,qwen3-8b,0,0,True,0.17038454601424746,2,A
medmcqa,3273,c6f01b71-fe30-41d3-8680-5d08d0b7dd15,qwen3-8b,3,0,False,0.1716787490004208,2,D
medmcqa,3274,c6f01b71-fe30-41d3-8680-5d08d0b7dd15,qwen3-8b,1,1,True,0.1558605619939044,2,B
medmcqa,3275,c6f01b71-fe30-41d3-8680-5d08d0b7dd15,qwen3-8b,0,2,False,0.15479056298499927,2,A
medmcqa,3276,c6f01b71-fe30-41d3-8680-5d08d0b7dd15,qwen3-8b,1,0,False,0.15448668200406246,2,B
medmcqa,3277,c6f01b71-fe30-41d3-8680-5d08d0b7dd15,qwen3-8b,0,3,False,0.1728655970073305,2,A
medmcqa,3278,c6f01b71-fe30-41d3-8680-5d08d0b7dd15,qwen3-8b,1,1,True,0.1527784499921836,2,B
medmcqa,3279,c6f01b71-fe30-41d3-8680-5d08d0b7dd15,qwen3-8b,0,1,False,0.15575945397722535,2,A
medmcqa,3280,c6f01b71-fe30-41d3-8680-5d08d0b7dd15,qwen3-8b,3,3,True,0.1700524560001213,2,D
medmcqa,3281,c6f01b71-fe30-41d3-8680-5d08d0b7dd15,qwen3-8b,0,0,True,0.1529272129992023,2,A
medmcqa,3282,c6f01b71-fe30-41d3-8680-5d08d0b7dd15,qwen3-8b,2,2,True,0.15452151201316155,2,C
medmcqa,3283,c6f01b71-fe30-41d3-8680-5d08d0b7dd15,qwen3-8b,0,1,False,0.1553391549969092,2,A
medmcqa,3284,c6f01b71-fe30-41d3-8680-5d08d0b7dd15,qwen3-8b,1,1,True,0.17309870399185456,2,B
medmcqa,3285,c6f01b71-fe30-41d3-8680-5d08d0b7dd15,qwen3-8b,0,0,True,0.17325694099417888,2,A
medmcqa,3286,c6f01b71-fe30-41d3-8680-5d08d0b7dd15,qwen3-8b,2,1,False,0.15258773701498285,2,C
medmcqa,3287,c6f01b71-fe30-41d3-8680-5d08d0b7dd15,qwen3-8b,0,0,True,0.15422490297351032,2,A
medmcqa,3288,c6f01b71-fe30-41d3-8680-5d08d0b7dd15,qwen3-8b,3,2,False,0.16664519300684333,2,D
medmcqa,3289,c6f01b71-fe30-41d3-8680-5d08d0b7dd15,qwen3-8b,3,3,True,0.1630700359819457,2,D
medmcqa,3290,c6f01b71-fe30-41d3-8680-5d08d0b7dd15,qwen3-8b,0,0,True,0.15647307899780571,2,A
medmcqa,3291,c6f01b71-fe30-41d3-8680-5d08d0b7dd15,qwen3-8b,0,1,False,0.15807386601227336,2,A
medmcqa,3292,c6f01b71-fe30-41d3-8680-5d08d0b7dd15,qwen3-8b,3,0,False,0.1539491419971455,2,D
medmcqa,3293,c6f01b71-fe30-41d3-8680-5d08d0b7dd15,qwen3-8b,1,0,False,0.1612998629861977,2,B
medmcqa,3294,c6f01b71-fe30-41d3-8680-5d08d0b7dd15,qwen3-8b,0,1,False,0.16892674600239843,2,A
medmcqa,3295,c6f01b71-fe30-41d3-8680-5d08d0b7dd15,qwen3-8b,2,0,False,0.15473210398340598,2,C
medmcqa,3296,c6f01b71-fe30-41d3-8680-5d08d0b7dd15,qwen3-8b,1,1,True,0.1589459239912685,2,B
medmcqa,3297,c6f01b71-fe30-41d3-8680-5d08d0b7dd15,qwen3-8b,0,0,True,0.15444414800731465,2,A
medmcqa,3298,c6f01b71-fe30-41d3-8680-5d08d0b7dd15,qwen3-8b,3,3,True,0.15502640200429596,2,D
medmcqa,3299,c6f01b71-fe30-41d3-8680-5d08d0b7dd15,qwen3-8b,2,2,True,0.15697670498047955,2,C
medmcqa,3300,c6f01b71-fe30-41d3-8680-5d08d0b7dd15,qwen3-8b,2,2,True,0.15672183799324557,2,C
medmcqa,3301,c6f01b71-fe30-41d3-8680-5d08d0b7dd15,qwen3-8b,2,0,False,0.16985041002044454,2,C
medmcqa,3302,c6f01b71-fe30-41d3-8680-5d08d0b7dd15,qwen3-8b,2,2,True,0.16861404801602475,2,C
medmcqa,3303,c6f01b71-fe30-41d3-8680-5d08d0b7dd15,qwen3-8b,0,3,False,0.1540102539875079,2,A
medmcqa,3304,c6f01b71-fe30-41d3-8680-5d08d0b7dd15,qwen3-8b,2,2,True,0.15475101000629365,2,C
medmcqa,3305,c6f01b71-fe30-41d3-8680-5d08d0b7dd15,qwen3-8b,1,2,False,0.17029381700558588,2,B
medmcqa,3306,c6f01b71-fe30-41d3-8680-5d08d0b7dd15,qwen3-8b,0,0,True,0.16883765699458309,2,A
medmcqa,3307,c6f01b71-fe30-41d3-8680-5d08d0b7dd15,qwen3-8b,0,1,False,0.15601828999933787,2,A
medmcqa,3308,c6f01b71-fe30-41d3-8680-5d08d0b7dd15,qwen3-8b,2,0,False,0.15469748599571176,2,C
medmcqa,3309,c6f01b71-fe30-41d3-8680-5d08d0b7dd15,qwen3-8b,3,3,True,0.15519285001209937,2,D
medmcqa,3310,c6f01b71-fe30-41d3-8680-5d08d0b7dd15,qwen3-8b,0,1,False,0.1708957719965838,2,A
medmcqa,3311,c6f01b71-fe30-41d3-8680-5d08d0b7dd15,qwen3-8b,2,1,False,0.15393439098261297,2,C
medmcqa,3312,c6f01b71-fe30-41d3-8680-5d08d0b7dd15,qwen3-8b,0,1,False,0.15323809700203128,2,A
medmcqa,3313,c6f01b71-fe30-41d3-8680-5d08d0b7dd15,qwen3-8b,1,0,False,0.15300039798603393,2,B
medmcqa,3314,c6f01b71-fe30-41d3-8680-5d08d0b7dd15,qwen3-8b,3,3,True,0.15589503099909052,2,D
medmcqa,3315,c6f01b71-fe30-41d3-8680-5d08d0b7dd15,qwen3-8b,2,3,False,0.15334548000828363,2,C
medmcqa,3316,c6f01b71-fe30-41d3-8680-5d08d0b7dd15,qwen3-8b,2,2,True,0.15235394198680297,2,C
medmcqa,3317,c6f01b71-fe30-41d3-8680-5d08d0b7dd15,qwen3-8b,0,0,True,0.1544975420110859,2,A
medmcqa,3318,c6f01b71-fe30-41d3-8680-5d08d0b7dd15,qwen3-8b,0,0,True,0.17176317400299013,2,A
medmcqa,3319,c6f01b71-fe30-41d3-8680-5d08d0b7dd15,qwen3-8b,0,3,False,0.16965419400366955,2,A
medmcqa,3320,c6f01b71-fe30-41d3-8680-5d08d0b7dd15,qwen3-8b,1,0,False,0.15598102298099548,2,B
medmcqa,3321,c6f01b71-fe30-41d3-8680-5d08d0b7dd15,qwen3-8b,0,1,False,0.17034123500343412,2,A
medmcqa,3322,c6f01b71-fe30-41d3-8680-5d08d0b7dd15,qwen3-8b,3,3,True,0.1696434410114307,2,D
medmcqa,3323,c6f01b71-fe30-41d3-8680-5d08d0b7dd15,qwen3-8b,1,1,True,0.1669182890036609,2,B
medmcqa,3324,c6f01b71-fe30-41d3-8680-5d08d0b7dd15,qwen3-8b,3,3,True,0.15539598898612894,2,D
medmcqa,3325,c6f01b71-fe30-41d3-8680-5d08d0b7dd15,qwen3-8b,0,0,True,0.15633417398203164,2,A
medmcqa,3326,c6f01b71-fe30-41d3-8680-5d08d0b7dd15,qwen3-8b,0,3,False,0.15485593999619596,2,A
medmcqa,3327,c6f01b71-fe30-41d3-8680-5d08d0b7dd15,qwen3-8b,0,2,False,0.15569603600306436,2,A
medmcqa,3328,c6f01b71-fe30-41d3-8680-5d08d0b7dd15,qwen3-8b,3,2,False,0.17205954098608345,2,D
medmcqa,3329,c6f01b71-fe30-41d3-8680-5d08d0b7dd15,qwen3-8b,0,0,True,0.15353940401109867,2,A
medmcqa,3330,c6f01b71-fe30-41d3-8680-5d08d0b7dd15,qwen3-8b,0,3,False,0.16832655802136287,2,A
medmcqa,3331,c6f01b71-fe30-41d3-8680-5d08d0b7dd15,qwen3-8b,0,0,True,0.16124856000533327,2,A
medmcqa,3332,c6f01b71-fe30-41d3-8680-5d08d0b7dd15,qwen3-8b,0,0,True,0.1521637049736455,2,A
medmcqa,3333,c6f01b71-fe30-41d3-8680-5d08d0b7dd15,qwen3-8b,1,1,True,0.16728914098348469,2,B
medmcqa,3334,c6f01b71-fe30-41d3-8680-5d08d0b7dd15,qwen3-8b,2,0,False,0.1583234959980473,2,C
medmcqa,3335,c6f01b71-fe30-41d3-8680-5d08d0b7dd15,qwen3-8b,1,1,True,0.15429866799968295,2,B
medmcqa,3336,c6f01b71-fe30-41d3-8680-5d08d0b7dd15,qwen3-8b,2,0,False,0.1547826570167672,2,C
medmcqa,3337,c6f01b71-fe30-41d3-8680-5d08d0b7dd15,qwen3-8b,2,1,False,0.1552719319879543,2,C
medmcqa,3338,c6f01b71-fe30-41d3-8680-5d08d0b7dd15,qwen3-8b,2,2,True,0.15541346700047143,2,C
medmcqa,3339,c6f01b71-fe30-41d3-8680-5d08d0b7dd15,qwen3-8b,1,0,False,0.15392694997717626,2,B
medmcqa,3340,c6f01b71-fe30-41d3-8680-5d08d0b7dd15,qwen3-8b,1,1,True,0.15470960800303146,2,B
medmcqa,3341,c6f01b71-fe30-41d3-8680-5d08d0b7dd15,qwen3-8b,2,2,True,0.16865083397715352,2,C
medmcqa,3342,c6f01b71-fe30-41d3-8680-5d08d0b7dd15,qwen3-8b,1,1,True,0.1541357729875017,2,B
medmcqa,3343,c6f01b71-fe30-41d3-8680-5d08d0b7dd15,qwen3-8b,1,1,True,0.1526039410091471,2,B
medmcqa,3344,c6f01b71-fe30-41d3-8680-5d08d0b7dd15,qwen3-8b,0,0,True,0.15453921500011347,2,A
medmcqa,3345,c6f01b71-fe30-41d3-8680-5d08d0b7dd15,qwen3-8b,3,1,False,0.16918247198918834,2,D
medmcqa,3346,c6f01b71-fe30-41d3-8680-5d08d0b7dd15,qwen3-8b,0,3,False,0.15356953200534917,2,A
medmcqa,3347,c6f01b71-fe30-41d3-8680-5d08d0b7dd15,qwen3-8b,1,0,False,0.15862510801525787,2,B
medmcqa,3348,c6f01b71-fe30-41d3-8680-5d08d0b7dd15,qwen3-8b,0,0,True,0.17170441799680702,2,A
medmcqa,3349,c6f01b71-fe30-41d3-8680-5d08d0b7dd15,qwen3-8b,1,1,True,0.15375417098402977,2,B
medmcqa,3350,c6f01b71-fe30-41d3-8680-5d08d0b7dd15,qwen3-8b,1,2,False,0.17234973100130446,2,B
medmcqa,3351,c6f01b71-fe30-41d3-8680-5d08d0b7dd15,qwen3-8b,0,0,True,0.153171226993436,2,A
medmcqa,3352,c6f01b71-fe30-41d3-8680-5d08d0b7dd15,qwen3-8b,1,1,True,0.15325611899606884,2,B
medmcqa,3353,c6f01b71-fe30-41d3-8680-5d08d0b7dd15,qwen3-8b,1,1,True,0.1692058110202197,2,B
medmcqa,3354,c6f01b71-fe30-41d3-8680-5d08d0b7dd15,qwen3-8b,1,1,True,0.15370679899933748,2,B
medmcqa,3355,c6f01b71-fe30-41d3-8680-5d08d0b7dd15,qwen3-8b,0,2,False,0.15355871501378715,2,A
medmcqa,3356,c6f01b71-fe30-41d3-8680-5d08d0b7dd15,qwen3-8b,1,1,True,0.1741137959761545,2,B
medmcqa,3357,c6f01b71-fe30-41d3-8680-5d08d0b7dd15,qwen3-8b,0,0,True,0.15354164800373837,2,A
medmcqa,3358,c6f01b71-fe30-41d3-8680-5d08d0b7dd15,qwen3-8b,2,2,True,0.19630490100826137,2,C
medmcqa,3359,c6f01b71-fe30-41d3-8680-5d08d0b7dd15,qwen3-8b,1,1,True,0.1540792669984512,2,B
medmcqa,3360,c6f01b71-fe30-41d3-8680-5d08d0b7dd15,qwen3-8b,2,3,False,0.15524197401828133,2,C
medmcqa,3361,c6f01b71-fe30-41d3-8680-5d08d0b7dd15,qwen3-8b,3,3,True,0.156186087988317,2,D
medmcqa,3362,c6f01b71-fe30-41d3-8680-5d08d0b7dd15,qwen3-8b,1,0,False,0.16905804598354734,2,B
medmcqa,3363,c6f01b71-fe30-41d3-8680-5d08d0b7dd15,qwen3-8b,0,0,True,0.15424699897994287,2,A
medmcqa,3364,c6f01b71-fe30-41d3-8680-5d08d0b7dd15,qwen3-8b,0,2,False,0.1543281839985866,2,A
medmcqa,3365,c6f01b71-fe30-41d3-8680-5d08d0b7dd15,qwen3-8b,1,0,False,0.1554182120016776,2,B
medmcqa,3366,c6f01b71-fe30-41d3-8680-5d08d0b7dd15,qwen3-8b,0,0,True,0.15309187097591348,2,A
medmcqa,3367,c6f01b71-fe30-41d3-8680-5d08d0b7dd15,qwen3-8b,1,2,False,0.16912156299804337,2,B
medmcqa,3368,c6f01b71-fe30-41d3-8680-5d08d0b7dd15,qwen3-8b,2,2,True,0.19121672201436013,2,C
medmcqa,3369,c6f01b71-fe30-41d3-8680-5d08d0b7dd15,qwen3-8b,3,1,False,0.15656204699189402,2,D
medmcqa,3370,c6f01b71-fe30-41d3-8680-5d08d0b7dd15,qwen3-8b,3,3,True,0.16822432400658727,2,D
medmcqa,3371,c6f01b71-fe30-41d3-8680-5d08d0b7dd15,qwen3-8b,1,1,True,0.1508854709973093,2,B
medmcqa,3372,c6f01b71-fe30-41d3-8680-5d08d0b7dd15,qwen3-8b,0,0,True,0.158631044003414,2,A
medmcqa,3373,c6f01b71-fe30-41d3-8680-5d08d0b7dd15,qwen3-8b,3,3,True,0.1555693620175589,2,D
medmcqa,3374,c6f01b71-fe30-41d3-8680-5d08d0b7dd15,qwen3-8b,0,0,True,0.15614830600679852,2,A
medmcqa,3375,c6f01b71-fe30-41d3-8680-5d08d0b7dd15,qwen3-8b,3,3,True,0.15605396300088614,2,D
medmcqa,3376,c6f01b71-fe30-41d3-8680-5d08d0b7dd15,qwen3-8b,0,0,True,0.1553674089955166,2,A
medmcqa,3377,c6f01b71-fe30-41d3-8680-5d08d0b7dd15,qwen3-8b,1,2,False,0.17193485298776068,2,B
medmcqa,3378,c6f01b71-fe30-41d3-8680-5d08d0b7dd15,qwen3-8b,0,0,True,0.15365038998425007,2,A
medmcqa,3379,c6f01b71-fe30-41d3-8680-5d08d0b7dd15,qwen3-8b,0,2,False,0.15465116201085038,2,A
medmcqa,3380,c6f01b71-fe30-41d3-8680-5d08d0b7dd15,qwen3-8b,3,3,True,0.17068331298651174,2,D
medmcqa,3381,c6f01b71-fe30-41d3-8680-5d08d0b7dd15,qwen3-8b,1,1,True,0.15498695100541227,2,B
medmcqa,3382,c6f01b71-fe30-41d3-8680-5d08d0b7dd15,qwen3-8b,0,3,False,0.15714227998978458,2,A
medmcqa,3383,c6f01b71-fe30-41d3-8680-5d08d0b7dd15,qwen3-8b,1,1,True,0.15825056200264953,2,B
medmcqa,3384,c6f01b71-fe30-41d3-8680-5d08d0b7dd15,qwen3-8b,0,0,True,0.17025617000763305,2,A
medmcqa,3385,c6f01b71-fe30-41d3-8680-5d08d0b7dd15,qwen3-8b,0,0,True,0.15629142400575802,2,A
medmcqa,3386,c6f01b71-fe30-41d3-8680-5d08d0b7dd15,qwen3-8b,0,0,True,0.1918964789947495,2,A
medmcqa,3387,c6f01b71-fe30-41d3-8680-5d08d0b7dd15,qwen3-8b,1,1,True,0.15596194300451316,2,B
medmcqa,3388,c6f01b71-fe30-41d3-8680-5d08d0b7dd15,qwen3-8b,1,1,True,0.15713452600175515,2,B
medmcqa,3389,c6f01b71-fe30-41d3-8680-5d08d0b7dd15,qwen3-8b,0,3,False,0.17190044501330703,2,A
medmcqa,3390,c6f01b71-fe30-41d3-8680-5d08d0b7dd15,qwen3-8b,0,0,True,0.171601340000052,2,A
medmcqa,3391,c6f01b71-fe30-41d3-8680-5d08d0b7dd15,qwen3-8b,2,2,True,0.157243241003016,2,C
medmcqa,3392,c6f01b71-fe30-41d3-8680-5d08d0b7dd15,qwen3-8b,0,3,False,0.1671998010133393,2,A
medmcqa,3393,c6f01b71-fe30-41d3-8680-5d08d0b7dd15,qwen3-8b,3,3,True,0.15404646401293576,2,D
medmcqa,3394,c6f01b71-fe30-41d3-8680-5d08d0b7dd15,qwen3-8b,0,0,True,0.15448326701880433,2,A
medmcqa,3395,c6f01b71-fe30-41d3-8680-5d08d0b7dd15,qwen3-8b,0,1,False,0.1568208759999834,2,A
medmcqa,3396,c6f01b71-fe30-41d3-8680-5d08d0b7dd15,qwen3-8b,0,0,True,0.16682964301435277,2,A
medmcqa,3397,c6f01b71-fe30-41d3-8680-5d08d0b7dd15,qwen3-8b,2,2,True,0.1759494639991317,2,C
medmcqa,3398,c6f01b71-fe30-41d3-8680-5d08d0b7dd15,qwen3-8b,3,1,False,0.1559818259847816,2,D
medmcqa,3399,c6f01b71-fe30-41d3-8680-5d08d0b7dd15,qwen3-8b,0,0,True,0.15661704700323753,2,A
medmcqa,3400,c6f01b71-fe30-41d3-8680-5d08d0b7dd15,qwen3-8b,0,0,True,0.15943522300221957,2,A
medmcqa,3401,c6f01b71-fe30-41d3-8680-5d08d0b7dd15,qwen3-8b,0,0,True,0.15602128798491322,2,A
medmcqa,3402,c6f01b71-fe30-41d3-8680-5d08d0b7dd15,qwen3-8b,0,0,True,0.16861504802363925,2,A
medmcqa,3403,c6f01b71-fe30-41d3-8680-5d08d0b7dd15,qwen3-8b,0,2,False,0.15689890898647718,2,A
medmcqa,3404,c6f01b71-fe30-41d3-8680-5d08d0b7dd15,qwen3-8b,0,0,True,0.15318138001020998,2,A
medmcqa,3405,c6f01b71-fe30-41d3-8680-5d08d0b7dd15,qwen3-8b,2,0,False,0.1518928190052975,2,C
medmcqa,3406,c6f01b71-fe30-41d3-8680-5d08d0b7dd15,qwen3-8b,1,0,False,0.1723745650087949,2,B
medmcqa,3407,c6f01b71-fe30-41d3-8680-5d08d0b7dd15,qwen3-8b,2,2,True,0.15538556399405934,2,C
medmcqa,3408,c6f01b71-fe30-41d3-8680-5d08d0b7dd15,qwen3-8b,1,3,False,0.1543314100126736,2,B
medmcqa,3409,c6f01b71-fe30-41d3-8680-5d08d0b7dd15,qwen3-8b,0,0,True,0.16874330400605686,2,A
medmcqa,3410,c6f01b71-fe30-41d3-8680-5d08d0b7dd15,qwen3-8b,0,0,True,0.1703206219826825,2,A
medmcqa,3411,c6f01b71-fe30-41d3-8680-5d08d0b7dd15,qwen3-8b,2,3,False,0.16862774302717298,2,C
medmcqa,3412,c6f01b71-fe30-41d3-8680-5d08d0b7dd15,qwen3-8b,0,3,False,0.1697483969910536,2,A
medmcqa,3413,c6f01b71-fe30-41d3-8680-5d08d0b7dd15,qwen3-8b,1,2,False,0.18271026498405263,2,B
medmcqa,3414,c6f01b71-fe30-41d3-8680-5d08d0b7dd15,qwen3-8b,2,1,False,0.17322328401496634,2,C
medmcqa,3415,c6f01b71-fe30-41d3-8680-5d08d0b7dd15,qwen3-8b,1,3,False,0.16089026498957537,2,B
medmcqa,3416,c6f01b71-fe30-41d3-8680-5d08d0b7dd15,qwen3-8b,2,0,False,0.16747064000810497,2,C
medmcqa,3417,c6f01b71-fe30-41d3-8680-5d08d0b7dd15,qwen3-8b,1,1,True,0.19415842299349606,2,B
medmcqa,3418,c6f01b71-fe30-41d3-8680-5d08d0b7dd15,qwen3-8b,1,0,False,0.1739922130072955,2,B
medmcqa,3419,c6f01b71-fe30-41d3-8680-5d08d0b7dd15,qwen3-8b,1,0,False,0.15473994601052254,2,B
medmcqa,3420,c6f01b71-fe30-41d3-8680-5d08d0b7dd15,qwen3-8b,1,1,True,0.18461649998789653,2,B
medmcqa,3421,c6f01b71-fe30-41d3-8680-5d08d0b7dd15,qwen3-8b,0,3,False,0.16854808302014135,2,A
medmcqa,3422,c6f01b71-fe30-41d3-8680-5d08d0b7dd15,qwen3-8b,3,0,False,0.20543231998453848,2,D
medmcqa,3423,c6f01b71-fe30-41d3-8680-5d08d0b7dd15,qwen3-8b,2,1,False,0.1782344650127925,2,C
medmcqa,3424,c6f01b71-fe30-41d3-8680-5d08d0b7dd15,qwen3-8b,0,3,False,0.18582719899131916,2,A
medmcqa,3425,c6f01b71-fe30-41d3-8680-5d08d0b7dd15,qwen3-8b,1,1,True,0.1523190430016257,2,B
medmcqa,3426,c6f01b71-fe30-41d3-8680-5d08d0b7dd15,qwen3-8b,1,3,False,0.18751450700801797,2,B
medmcqa,3427,c6f01b71-fe30-41d3-8680-5d08d0b7dd15,qwen3-8b,0,3,False,0.17555251499288715,2,A
medmcqa,3428,c6f01b71-fe30-41d3-8680-5d08d0b7dd15,qwen3-8b,0,1,False,0.18283392101875506,2,A
medmcqa,3429,c6f01b71-fe30-41d3-8680-5d08d0b7dd15,qwen3-8b,0,0,True,0.16828621900640428,2,A
medmcqa,3430,c6f01b71-fe30-41d3-8680-5d08d0b7dd15,qwen3-8b,0,0,True,0.15200137201463804,2,A
medmcqa,3431,c6f01b71-fe30-41d3-8680-5d08d0b7dd15,qwen3-8b,1,3,False,0.15823776100296527,2,B
medmcqa,3432,c6f01b71-fe30-41d3-8680-5d08d0b7dd15,qwen3-8b,0,0,True,0.16748746699886397,2,A
medmcqa,3433,c6f01b71-fe30-41d3-8680-5d08d0b7dd15,qwen3-8b,1,2,False,0.155312952992972,2,B
medmcqa,3434,c6f01b71-fe30-41d3-8680-5d08d0b7dd15,qwen3-8b,3,0,False,0.17830546799814329,2,D
medmcqa,3435,c6f01b71-fe30-41d3-8680-5d08d0b7dd15,qwen3-8b,0,0,True,0.18774200999177992,2,A
medmcqa,3436,c6f01b71-fe30-41d3-8680-5d08d0b7dd15,qwen3-8b,3,1,False,0.19132287599495612,2,D
medmcqa,3437,c6f01b71-fe30-41d3-8680-5d08d0b7dd15,qwen3-8b,2,2,True,0.2030389709980227,2,C
medmcqa,3438,c6f01b71-fe30-41d3-8680-5d08d0b7dd15,qwen3-8b,3,3,True,0.15187455498380587,2,D
medmcqa,3439,c6f01b71-fe30-41d3-8680-5d08d0b7dd15,qwen3-8b,1,0,False,0.18944082301459275,2,B
medmcqa,3440,c6f01b71-fe30-41d3-8680-5d08d0b7dd15,qwen3-8b,2,2,True,0.17214599400176667,2,C
medmcqa,3441,c6f01b71-fe30-41d3-8680-5d08d0b7dd15,qwen3-8b,0,1,False,0.16700016899267212,2,A
medmcqa,3442,c6f01b71-fe30-41d3-8680-5d08d0b7dd15,qwen3-8b,2,2,True,0.1541922059841454,2,C
medmcqa,3443,c6f01b71-fe30-41d3-8680-5d08d0b7dd15,qwen3-8b,2,2,True,0.18729428900405765,2,C
medmcqa,3444,c6f01b71-fe30-41d3-8680-5d08d0b7dd15,qwen3-8b,0,1,False,0.1912504119973164,2,A
medmcqa,3445,c6f01b71-fe30-41d3-8680-5d08d0b7dd15,qwen3-8b,2,2,True,0.17833021297701634,2,C
medmcqa,3446,c6f01b71-fe30-41d3-8680-5d08d0b7dd15,qwen3-8b,2,2,True,0.15457870200043544,2,C
medmcqa,3447,c6f01b71-fe30-41d3-8680-5d08d0b7dd15,qwen3-8b,3,3,True,0.1722171419824008,2,D
medmcqa,3448,c6f01b71-fe30-41d3-8680-5d08d0b7dd15,qwen3-8b,0,0,True,0.18265230598626658,2,A
medmcqa,3449,c6f01b71-fe30-41d3-8680-5d08d0b7dd15,qwen3-8b,2,0,False,0.18829818299855106,2,C
medmcqa,3450,c6f01b71-fe30-41d3-8680-5d08d0b7dd15,qwen3-8b,0,3,False,0.18152669901610352,2,A
medmcqa,3451,c6f01b71-fe30-41d3-8680-5d08d0b7dd15,qwen3-8b,0,2,False,0.17797695199260488,2,A
medmcqa,3452,c6f01b71-fe30-41d3-8680-5d08d0b7dd15,qwen3-8b,1,1,True,0.18724256101995707,2,B
medmcqa,3453,c6f01b71-fe30-41d3-8680-5d08d0b7dd15,qwen3-8b,3,3,True,0.18376102100592107,2,D
medmcqa,3454,c6f01b71-fe30-41d3-8680-5d08d0b7dd15,qwen3-8b,1,2,False,0.1729375339928083,2,B
medmcqa,3455,c6f01b71-fe30-41d3-8680-5d08d0b7dd15,qwen3-8b,0,1,False,0.17444227897794917,2,A
medmcqa,3456,c6f01b71-fe30-41d3-8680-5d08d0b7dd15,qwen3-8b,1,3,False,0.17194384901085868,2,B
medmcqa,3457,c6f01b71-fe30-41d3-8680-5d08d0b7dd15,qwen3-8b,3,3,True,0.18407592599396594,2,D
medmcqa,3458,c6f01b71-fe30-41d3-8680-5d08d0b7dd15,qwen3-8b,2,2,True,0.19235531199956313,2,C
medmcqa,3459,c6f01b71-fe30-41d3-8680-5d08d0b7dd15,qwen3-8b,2,2,True,0.18307211899082176,2,C
medmcqa,3460,c6f01b71-fe30-41d3-8680-5d08d0b7dd15,qwen3-8b,2,2,True,0.19497767399298027,2,C
medmcqa,3461,c6f01b71-fe30-41d3-8680-5d08d0b7dd15,qwen3-8b,1,1,True,0.1845432569971308,2,B
medmcqa,3462,c6f01b71-fe30-41d3-8680-5d08d0b7dd15,qwen3-8b,1,2,False,0.17319951398530975,2,B
medmcqa,3463,c6f01b71-fe30-41d3-8680-5d08d0b7dd15,qwen3-8b,1,1,True,0.1538025650079362,2,B
medmcqa,3464,c6f01b71-fe30-41d3-8680-5d08d0b7dd15,qwen3-8b,2,2,True,0.17055617598816752,2,C
medmcqa,3465,c6f01b71-fe30-41d3-8680-5d08d0b7dd15,qwen3-8b,1,1,True,0.171389157010708,2,B
medmcqa,3466,c6f01b71-fe30-41d3-8680-5d08d0b7dd15,qwen3-8b,2,1,False,0.20634655200410634,2,C
medmcqa,3467,c6f01b71-fe30-41d3-8680-5d08d0b7dd15,qwen3-8b,1,2,False,0.1572134480229579,2,B
medmcqa,3468,c6f01b71-fe30-41d3-8680-5d08d0b7dd15,qwen3-8b,0,0,True,0.1806107729789801,2,A
medmcqa,3469,c6f01b71-fe30-41d3-8680-5d08d0b7dd15,qwen3-8b,1,3,False,0.18947263300651684,2,B
medmcqa,3470,c6f01b71-fe30-41d3-8680-5d08d0b7dd15,qwen3-8b,0,2,False,0.15670339201460592,2,A
medmcqa,3471,c6f01b71-fe30-41d3-8680-5d08d0b7dd15,qwen3-8b,2,3,False,0.15358303001266904,2,C
medmcqa,3472,c6f01b71-fe30-41d3-8680-5d08d0b7dd15,qwen3-8b,0,3,False,0.1657694420136977,2,A
medmcqa,3473,c6f01b71-fe30-41d3-8680-5d08d0b7dd15,qwen3-8b,0,0,True,0.18618849699851125,2,A
medmcqa,3474,c6f01b71-fe30-41d3-8680-5d08d0b7dd15,qwen3-8b,0,0,True,0.15317002701340243,2,A
medmcqa,3475,c6f01b71-fe30-41d3-8680-5d08d0b7dd15,qwen3-8b,2,2,True,0.15341064901440404,2,C
medmcqa,3476,c6f01b71-fe30-41d3-8680-5d08d0b7dd15,qwen3-8b,0,0,True,0.1585241509892512,2,A
medmcqa,3477,c6f01b71-fe30-41d3-8680-5d08d0b7dd15,qwen3-8b,0,0,True,0.17610647701076232,2,A
medmcqa,3478,c6f01b71-fe30-41d3-8680-5d08d0b7dd15,qwen3-8b,1,2,False,0.153802104992792,2,B
medmcqa,3479,c6f01b71-fe30-41d3-8680-5d08d0b7dd15,qwen3-8b,1,0,False,0.17783518502255902,2,B
medmcqa,3480,c6f01b71-fe30-41d3-8680-5d08d0b7dd15,qwen3-8b,2,0,False,0.1733739820192568,2,C
medmcqa,3481,c6f01b71-fe30-41d3-8680-5d08d0b7dd15,qwen3-8b,0,3,False,0.18638374499278143,2,A
medmcqa,3482,c6f01b71-fe30-41d3-8680-5d08d0b7dd15,qwen3-8b,0,0,True,0.1587111599801574,2,A
medmcqa,3483,c6f01b71-fe30-41d3-8680-5d08d0b7dd15,qwen3-8b,0,0,True,0.18771150801330805,2,A
medmcqa,3484,c6f01b71-fe30-41d3-8680-5d08d0b7dd15,qwen3-8b,1,1,True,0.15210591797949746,2,B
medmcqa,3485,c6f01b71-fe30-41d3-8680-5d08d0b7dd15,qwen3-8b,0,0,True,0.16678826199495234,2,A
medmcqa,3486,c6f01b71-fe30-41d3-8680-5d08d0b7dd15,qwen3-8b,1,1,True,0.18940062701585703,2,B
medmcqa,3487,c6f01b71-fe30-41d3-8680-5d08d0b7dd15,qwen3-8b,2,2,True,0.18364091898547485,2,C
medmcqa,3488,c6f01b71-fe30-41d3-8680-5d08d0b7dd15,qwen3-8b,3,3,True,0.1588065270043444,2,D
medmcqa,3489,c6f01b71-fe30-41d3-8680-5d08d0b7dd15,qwen3-8b,2,0,False,0.15858879298320971,2,C
medmcqa,3490,c6f01b71-fe30-41d3-8680-5d08d0b7dd15,qwen3-8b,2,2,True,0.18693578999955207,2,C
medmcqa,3491,c6f01b71-fe30-41d3-8680-5d08d0b7dd15,qwen3-8b,1,3,False,0.19226566300494596,2,B
medmcqa,3492,c6f01b71-fe30-41d3-8680-5d08d0b7dd15,qwen3-8b,0,1,False,0.19109288501203991,2,A
medmcqa,3493,c6f01b71-fe30-41d3-8680-5d08d0b7dd15,qwen3-8b,1,1,True,0.1933350340113975,2,B
medmcqa,3494,c6f01b71-fe30-41d3-8680-5d08d0b7dd15,qwen3-8b,0,1,False,0.19060885801445693,2,A
medmcqa,3495,c6f01b71-fe30-41d3-8680-5d08d0b7dd15,qwen3-8b,0,3,False,0.2138254580204375,2,A
medmcqa,3496,c6f01b71-fe30-41d3-8680-5d08d0b7dd15,qwen3-8b,0,3,False,0.18667919398285449,2,A
medmcqa,3497,c6f01b71-fe30-41d3-8680-5d08d0b7dd15,qwen3-8b,0,0,True,0.17104012100026011,2,A
medmcqa,3498,c6f01b71-fe30-41d3-8680-5d08d0b7dd15,qwen3-8b,2,2,True,0.1690893619961571,2,C
medmcqa,3499,c6f01b71-fe30-41d3-8680-5d08d0b7dd15,qwen3-8b,0,3,False,0.17813244397984818,2,A
medmcqa,3500,c6f01b71-fe30-41d3-8680-5d08d0b7dd15,qwen3-8b,0,0,True,0.1914143729954958,2,A
medmcqa,3501,c6f01b71-fe30-41d3-8680-5d08d0b7dd15,qwen3-8b,0,1,False,0.17521457601105794,2,A
medmcqa,3502,c6f01b71-fe30-41d3-8680-5d08d0b7dd15,qwen3-8b,3,3,True,0.17041992701706477,2,D
medmcqa,3503,c6f01b71-fe30-41d3-8680-5d08d0b7dd15,qwen3-8b,3,2,False,0.18801815499318764,2,D
medmcqa,3504,c6f01b71-fe30-41d3-8680-5d08d0b7dd15,qwen3-8b,0,0,True,0.15319404698675498,2,A
medmcqa,3505,c6f01b71-fe30-41d3-8680-5d08d0b7dd15,qwen3-8b,2,2,True,0.17168457299703732,2,C
medmcqa,3506,c6f01b71-fe30-41d3-8680-5d08d0b7dd15,qwen3-8b,0,0,True,0.1758612470002845,2,A
medmcqa,3507,c6f01b71-fe30-41d3-8680-5d08d0b7dd15,qwen3-8b,0,0,True,0.1861537349759601,2,A
medmcqa,3508,c6f01b71-fe30-41d3-8680-5d08d0b7dd15,qwen3-8b,2,3,False,0.16065389101277106,2,C
medmcqa,3509,c6f01b71-fe30-41d3-8680-5d08d0b7dd15,qwen3-8b,1,1,True,0.1595860020024702,2,B
medmcqa,3510,c6f01b71-fe30-41d3-8680-5d08d0b7dd15,qwen3-8b,3,2,False,0.1780085669888649,2,D
medmcqa,3511,c6f01b71-fe30-41d3-8680-5d08d0b7dd15,qwen3-8b,3,3,True,0.19490319499163888,2,D
medmcqa,3512,c6f01b71-fe30-41d3-8680-5d08d0b7dd15,qwen3-8b,0,3,False,0.1841906599875074,2,A
medmcqa,3513,c6f01b71-fe30-41d3-8680-5d08d0b7dd15,qwen3-8b,1,0,False,0.1743272730091121,2,B
medmcqa,3514,c6f01b71-fe30-41d3-8680-5d08d0b7dd15,qwen3-8b,1,3,False,0.1817592539882753,2,B
medmcqa,3515,c6f01b71-fe30-41d3-8680-5d08d0b7dd15,qwen3-8b,1,0,False,0.1893056590051856,2,B
medmcqa,3516,c6f01b71-fe30-41d3-8680-5d08d0b7dd15,qwen3-8b,2,2,True,0.18730028200661764,2,C
medmcqa,3517,c6f01b71-fe30-41d3-8680-5d08d0b7dd15,qwen3-8b,2,1,False,0.15242220999789424,2,C
medmcqa,3518,c6f01b71-fe30-41d3-8680-5d08d0b7dd15,qwen3-8b,0,0,True,0.15204023200203665,2,A
medmcqa,3519,c6f01b71-fe30-41d3-8680-5d08d0b7dd15,qwen3-8b,1,1,True,0.1542486149992328,2,B
medmcqa,3520,c6f01b71-fe30-41d3-8680-5d08d0b7dd15,qwen3-8b,0,1,False,0.16958325399900787,2,A
medmcqa,3521,c6f01b71-fe30-41d3-8680-5d08d0b7dd15,qwen3-8b,1,3,False,0.19456464500399306,2,B
medmcqa,3522,c6f01b71-fe30-41d3-8680-5d08d0b7dd15,qwen3-8b,0,0,True,0.17815647600218654,2,A
medmcqa,3523,c6f01b71-fe30-41d3-8680-5d08d0b7dd15,qwen3-8b,1,3,False,0.16427988599753007,2,B
medmcqa,3524,c6f01b71-fe30-41d3-8680-5d08d0b7dd15,qwen3-8b,1,2,False,0.1604195389954839,2,B
medmcqa,3525,c6f01b71-fe30-41d3-8680-5d08d0b7dd15,qwen3-8b,1,2,False,0.1571891359926667,2,B
medmcqa,3526,c6f01b71-fe30-41d3-8680-5d08d0b7dd15,qwen3-8b,1,0,False,0.1693941029952839,2,B
medmcqa,3527,c6f01b71-fe30-41d3-8680-5d08d0b7dd15,qwen3-8b,0,0,True,0.18132309499196708,2,A
medmcqa,3528,c6f01b71-fe30-41d3-8680-5d08d0b7dd15,qwen3-8b,2,3,False,0.1770905189914629,2,C
medmcqa,3529,c6f01b71-fe30-41d3-8680-5d08d0b7dd15,qwen3-8b,3,3,True,0.16838890098733827,2,D
medmcqa,3530,c6f01b71-fe30-41d3-8680-5d08d0b7dd15,qwen3-8b,2,1,False,0.168360068986658,2,C
medmcqa,3531,c6f01b71-fe30-41d3-8680-5d08d0b7dd15,qwen3-8b,1,1,True,0.1839919009944424,2,B
medmcqa,3532,c6f01b71-fe30-41d3-8680-5d08d0b7dd15,qwen3-8b,1,1,True,0.16709457099204883,2,B
medmcqa,3533,c6f01b71-fe30-41d3-8680-5d08d0b7dd15,qwen3-8b,1,1,True,0.18424169800709933,2,B
medmcqa,3534,c6f01b71-fe30-41d3-8680-5d08d0b7dd15,qwen3-8b,0,3,False,0.1551433779823128,2,A
medmcqa,3535,c6f01b71-fe30-41d3-8680-5d08d0b7dd15,qwen3-8b,1,2,False,0.16669647602248006,2,B
medmcqa,3536,c6f01b71-fe30-41d3-8680-5d08d0b7dd15,qwen3-8b,2,2,True,0.20002834900515154,2,C
medmcqa,3537,c6f01b71-fe30-41d3-8680-5d08d0b7dd15,qwen3-8b,0,1,False,0.1552594029926695,2,A
medmcqa,3538,c6f01b71-fe30-41d3-8680-5d08d0b7dd15,qwen3-8b,0,3,False,0.17770294198999181,2,A
medmcqa,3539,c6f01b71-fe30-41d3-8680-5d08d0b7dd15,qwen3-8b,1,2,False,0.18582445700303651,2,B
medmcqa,3540,c6f01b71-fe30-41d3-8680-5d08d0b7dd15,qwen3-8b,0,3,False,0.2060294020047877,2,A
medmcqa,3541,c6f01b71-fe30-41d3-8680-5d08d0b7dd15,qwen3-8b,2,2,True,0.16146966299857013,2,C
medmcqa,3542,c6f01b71-fe30-41d3-8680-5d08d0b7dd15,qwen3-8b,0,1,False,0.2169133829884231,2,A
medmcqa,3543,c6f01b71-fe30-41d3-8680-5d08d0b7dd15,qwen3-8b,1,1,True,0.1888358040014282,2,B
medmcqa,3544,c6f01b71-fe30-41d3-8680-5d08d0b7dd15,qwen3-8b,1,1,True,0.15604498400352895,2,B
medmcqa,3545,c6f01b71-fe30-41d3-8680-5d08d0b7dd15,qwen3-8b,1,1,True,0.19832821399904788,2,B
medmcqa,3546,c6f01b71-fe30-41d3-8680-5d08d0b7dd15,qwen3-8b,0,1,False,0.19188920702436008,2,A
medmcqa,3547,c6f01b71-fe30-41d3-8680-5d08d0b7dd15,qwen3-8b,0,0,True,0.2028025870095007,2,A
medmcqa,3548,c6f01b71-fe30-41d3-8680-5d08d0b7dd15,qwen3-8b,3,2,False,0.1857798239798285,2,D
medmcqa,3549,c6f01b71-fe30-41d3-8680-5d08d0b7dd15,qwen3-8b,0,0,True,0.1830804989731405,2,A
medmcqa,3550,c6f01b71-fe30-41d3-8680-5d08d0b7dd15,qwen3-8b,1,3,False,0.1722035139973741,2,B
medmcqa,3551,c6f01b71-fe30-41d3-8680-5d08d0b7dd15,qwen3-8b,2,2,True,0.19880200698389672,2,C
medmcqa,3552,c6f01b71-fe30-41d3-8680-5d08d0b7dd15,qwen3-8b,0,0,True,0.1743069420044776,2,A
medmcqa,3553,c6f01b71-fe30-41d3-8680-5d08d0b7dd15,qwen3-8b,1,1,True,0.17499872398911975,2,B
medmcqa,3554,c6f01b71-fe30-41d3-8680-5d08d0b7dd15,qwen3-8b,1,0,False,0.15360695600975305,2,B
medmcqa,3555,c6f01b71-fe30-41d3-8680-5d08d0b7dd15,qwen3-8b,0,0,True,0.1780638140044175,2,A
medmcqa,3556,c6f01b71-fe30-41d3-8680-5d08d0b7dd15,qwen3-8b,0,1,False,0.20640696000191383,2,A
medmcqa,3557,c6f01b71-fe30-41d3-8680-5d08d0b7dd15,qwen3-8b,0,3,False,0.16820874900440685,2,A
medmcqa,3558,c6f01b71-fe30-41d3-8680-5d08d0b7dd15,qwen3-8b,0,0,True,0.15865993898478337,2,A
medmcqa,3559,c6f01b71-fe30-41d3-8680-5d08d0b7dd15,qwen3-8b,0,3,False,0.16724417899968103,2,A
medmcqa,3560,c6f01b71-fe30-41d3-8680-5d08d0b7dd15,qwen3-8b,2,3,False,0.20561266600270756,2,C
medmcqa,3561,c6f01b71-fe30-41d3-8680-5d08d0b7dd15,qwen3-8b,3,1,False,0.1802534909802489,2,D
medmcqa,3562,c6f01b71-fe30-41d3-8680-5d08d0b7dd15,qwen3-8b,1,1,True,0.1669431290065404,2,B
medmcqa,3563,c6f01b71-fe30-41d3-8680-5d08d0b7dd15,qwen3-8b,2,2,True,0.16010384800028987,2,C
medmcqa,3564,c6f01b71-fe30-41d3-8680-5d08d0b7dd15,qwen3-8b,1,1,True,0.17333483099355362,2,B
medmcqa,3565,c6f01b71-fe30-41d3-8680-5d08d0b7dd15,qwen3-8b,0,2,False,0.1741280859860126,2,A
medmcqa,3566,c6f01b71-fe30-41d3-8680-5d08d0b7dd15,qwen3-8b,2,2,True,0.16112713899929076,2,C
medmcqa,3567,c6f01b71-fe30-41d3-8680-5d08d0b7dd15,qwen3-8b,1,1,True,0.16707831897656433,2,B
medmcqa,3568,c6f01b71-fe30-41d3-8680-5d08d0b7dd15,qwen3-8b,2,2,True,0.17355510601191781,2,C
medmcqa,3569,c6f01b71-fe30-41d3-8680-5d08d0b7dd15,qwen3-8b,3,3,True,0.18466800599708222,2,D
medmcqa,3570,c6f01b71-fe30-41d3-8680-5d08d0b7dd15,qwen3-8b,1,1,True,0.19307984699844383,2,B
medmcqa,3571,c6f01b71-fe30-41d3-8680-5d08d0b7dd15,qwen3-8b,0,0,True,0.1546060170221608,2,A
medmcqa,3572,c6f01b71-fe30-41d3-8680-5d08d0b7dd15,qwen3-8b,2,3,False,0.15611323199118488,2,C
medmcqa,3573,c6f01b71-fe30-41d3-8680-5d08d0b7dd15,qwen3-8b,3,2,False,0.15513389199622907,2,D
medmcqa,3574,c6f01b71-fe30-41d3-8680-5d08d0b7dd15,qwen3-8b,0,1,False,0.177489597001113,2,A
medmcqa,3575,c6f01b71-fe30-41d3-8680-5d08d0b7dd15,qwen3-8b,2,2,True,0.18460836599115282,2,C
medmcqa,3576,c6f01b71-fe30-41d3-8680-5d08d0b7dd15,qwen3-8b,3,1,False,0.16917426898726262,2,D
medmcqa,3577,c6f01b71-fe30-41d3-8680-5d08d0b7dd15,qwen3-8b,1,1,True,0.15294477200950496,2,B
medmcqa,3578,c6f01b71-fe30-41d3-8680-5d08d0b7dd15,qwen3-8b,3,1,False,0.17778319300850853,2,D
medmcqa,3579,c6f01b71-fe30-41d3-8680-5d08d0b7dd15,qwen3-8b,3,3,True,0.15307064697844908,2,D
medmcqa,3580,c6f01b71-fe30-41d3-8680-5d08d0b7dd15,qwen3-8b,1,2,False,0.17434527998557314,2,B
medmcqa,3581,c6f01b71-fe30-41d3-8680-5d08d0b7dd15,qwen3-8b,2,0,False,0.17951067799003795,2,C
medmcqa,3582,c6f01b71-fe30-41d3-8680-5d08d0b7dd15,qwen3-8b,3,2,False,0.159419636009261,2,D
medmcqa,3583,c6f01b71-fe30-41d3-8680-5d08d0b7dd15,qwen3-8b,0,0,True,0.15653942097560503,2,A
medmcqa,3584,c6f01b71-fe30-41d3-8680-5d08d0b7dd15,qwen3-8b,2,2,True,0.17280783399473876,2,C
medmcqa,3585,c6f01b71-fe30-41d3-8680-5d08d0b7dd15,qwen3-8b,0,0,True,0.1890115860151127,2,A
medmcqa,3586,c6f01b71-fe30-41d3-8680-5d08d0b7dd15,qwen3-8b,0,3,False,0.15202610599226318,2,A
medmcqa,3587,c6f01b71-fe30-41d3-8680-5d08d0b7dd15,qwen3-8b,0,1,False,0.15275733199086972,2,A
medmcqa,3588,c6f01b71-fe30-41d3-8680-5d08d0b7dd15,qwen3-8b,2,2,True,0.15270120798959397,2,C
medmcqa,3589,c6f01b71-fe30-41d3-8680-5d08d0b7dd15,qwen3-8b,0,3,False,0.15470520697999746,2,A
medmcqa,3590,c6f01b71-fe30-41d3-8680-5d08d0b7dd15,qwen3-8b,3,3,True,0.1697208310069982,2,D
medmcqa,3591,c6f01b71-fe30-41d3-8680-5d08d0b7dd15,qwen3-8b,1,3,False,0.15641156598576345,2,B
medmcqa,3592,c6f01b71-fe30-41d3-8680-5d08d0b7dd15,qwen3-8b,0,0,True,0.15298597599030472,2,A
medmcqa,3593,c6f01b71-fe30-41d3-8680-5d08d0b7dd15,qwen3-8b,2,3,False,0.1538203879899811,2,C
medmcqa,3594,c6f01b71-fe30-41d3-8680-5d08d0b7dd15,qwen3-8b,1,1,True,0.15302688200608827,2,B
medmcqa,3595,c6f01b71-fe30-41d3-8680-5d08d0b7dd15,qwen3-8b,2,1,False,0.1539090090082027,2,C
medmcqa,3596,c6f01b71-fe30-41d3-8680-5d08d0b7dd15,qwen3-8b,3,3,True,0.15417034001438878,2,D
medmcqa,3597,c6f01b71-fe30-41d3-8680-5d08d0b7dd15,qwen3-8b,1,3,False,0.17179718101397157,2,B
medmcqa,3598,c6f01b71-fe30-41d3-8680-5d08d0b7dd15,qwen3-8b,3,3,True,0.15242425500764512,2,D
medmcqa,3599,c6f01b71-fe30-41d3-8680-5d08d0b7dd15,qwen3-8b,1,1,True,0.1547605819941964,2,B
medmcqa,3600,c6f01b71-fe30-41d3-8680-5d08d0b7dd15,qwen3-8b,0,2,False,0.15499329500016756,2,A
medmcqa,3601,c6f01b71-fe30-41d3-8680-5d08d0b7dd15,qwen3-8b,0,1,False,0.16716912400443107,2,A
medmcqa,3602,c6f01b71-fe30-41d3-8680-5d08d0b7dd15,qwen3-8b,0,1,False,0.1543341230135411,2,A
medmcqa,3603,c6f01b71-fe30-41d3-8680-5d08d0b7dd15,qwen3-8b,1,0,False,0.1531010990147479,2,B
medmcqa,3604,c6f01b71-fe30-41d3-8680-5d08d0b7dd15,qwen3-8b,1,1,True,0.15440838600625284,2,B
medmcqa,3605,c6f01b71-fe30-41d3-8680-5d08d0b7dd15,qwen3-8b,0,0,True,0.153318976983428,2,A
medmcqa,3606,c6f01b71-fe30-41d3-8680-5d08d0b7dd15,qwen3-8b,0,0,True,0.15440549698541872,2,A
medmcqa,3607,c6f01b71-fe30-41d3-8680-5d08d0b7dd15,qwen3-8b,0,3,False,0.1701484640070703,2,A
medmcqa,3608,c6f01b71-fe30-41d3-8680-5d08d0b7dd15,qwen3-8b,2,2,True,0.15466722199926153,2,C
medmcqa,3609,c6f01b71-fe30-41d3-8680-5d08d0b7dd15,qwen3-8b,3,3,True,0.1557419500022661,2,D
medmcqa,3610,c6f01b71-fe30-41d3-8680-5d08d0b7dd15,qwen3-8b,0,0,True,0.1690030079917051,2,A
medmcqa,3611,c6f01b71-fe30-41d3-8680-5d08d0b7dd15,qwen3-8b,3,3,True,0.15536980598699301,2,D
medmcqa,3612,c6f01b71-fe30-41d3-8680-5d08d0b7dd15,qwen3-8b,0,1,False,0.16890247800620273,2,A
medmcqa,3613,c6f01b71-fe30-41d3-8680-5d08d0b7dd15,qwen3-8b,3,0,False,0.17846244099200703,2,D
medmcqa,3614,c6f01b71-fe30-41d3-8680-5d08d0b7dd15,qwen3-8b,0,1,False,0.15461983700515702,2,A
medmcqa,3615,c6f01b71-fe30-41d3-8680-5d08d0b7dd15,qwen3-8b,1,3,False,0.15190943199559115,2,B
medmcqa,3616,c6f01b71-fe30-41d3-8680-5d08d0b7dd15,qwen3-8b,3,0,False,0.15082365099806339,2,D
medmcqa,3617,c6f01b71-fe30-41d3-8680-5d08d0b7dd15,qwen3-8b,2,0,False,0.1528543060121592,2,C
medmcqa,3618,c6f01b71-fe30-41d3-8680-5d08d0b7dd15,qwen3-8b,1,2,False,0.15136496600462124,2,B
medmcqa,3619,c6f01b71-fe30-41d3-8680-5d08d0b7dd15,qwen3-8b,2,2,True,0.15643857800750993,2,C
medmcqa,3620,c6f01b71-fe30-41d3-8680-5d08d0b7dd15,qwen3-8b,2,2,True,0.16822827100986615,2,C
medmcqa,3621,c6f01b71-fe30-41d3-8680-5d08d0b7dd15,qwen3-8b,1,1,True,0.15521894401172176,2,B
medmcqa,3622,c6f01b71-fe30-41d3-8680-5d08d0b7dd15,qwen3-8b,1,1,True,0.16822665100335144,2,B
medmcqa,3623,c6f01b71-fe30-41d3-8680-5d08d0b7dd15,qwen3-8b,1,3,False,0.15398081901366822,2,B
medmcqa,3624,c6f01b71-fe30-41d3-8680-5d08d0b7dd15,qwen3-8b,1,0,False,0.16902562699397095,2,B
medmcqa,3625,c6f01b71-fe30-41d3-8680-5d08d0b7dd15,qwen3-8b,2,2,True,0.1524049800063949,2,C
medmcqa,3626,c6f01b71-fe30-41d3-8680-5d08d0b7dd15,qwen3-8b,0,3,False,0.15570574201410636,2,A
medmcqa,3627,c6f01b71-fe30-41d3-8680-5d08d0b7dd15,qwen3-8b,1,2,False,0.15459413500502706,2,B
medmcqa,3628,c6f01b71-fe30-41d3-8680-5d08d0b7dd15,qwen3-8b,3,2,False,0.16672947999904864,2,D
medmcqa,3629,c6f01b71-fe30-41d3-8680-5d08d0b7dd15,qwen3-8b,1,1,True,0.17073986699688248,2,B
medmcqa,3630,c6f01b71-fe30-41d3-8680-5d08d0b7dd15,qwen3-8b,0,0,True,0.154730426002061,2,A
medmcqa,3631,c6f01b71-fe30-41d3-8680-5d08d0b7dd15,qwen3-8b,1,1,True,0.16976486501516774,2,B
medmcqa,3632,c6f01b71-fe30-41d3-8680-5d08d0b7dd15,qwen3-8b,1,1,True,0.1661170570005197,2,B
medmcqa,3633,c6f01b71-fe30-41d3-8680-5d08d0b7dd15,qwen3-8b,1,2,False,0.1557767199992668,2,B
medmcqa,3634,c6f01b71-fe30-41d3-8680-5d08d0b7dd15,qwen3-8b,3,0,False,0.15650820502196439,2,D
medmcqa,3635,c6f01b71-fe30-41d3-8680-5d08d0b7dd15,qwen3-8b,0,3,False,0.16798019700217992,2,A
medmcqa,3636,c6f01b71-fe30-41d3-8680-5d08d0b7dd15,qwen3-8b,0,1,False,0.16696369100827724,2,A
medmcqa,3637,c6f01b71-fe30-41d3-8680-5d08d0b7dd15,qwen3-8b,0,3,False,0.16684459301177412,2,A
medmcqa,3638,c6f01b71-fe30-41d3-8680-5d08d0b7dd15,qwen3-8b,2,2,True,0.17043570199166425,2,C
medmcqa,3639,c6f01b71-fe30-41d3-8680-5d08d0b7dd15,qwen3-8b,0,0,True,0.1703438220138196,2,A
medmcqa,3640,c6f01b71-fe30-41d3-8680-5d08d0b7dd15,qwen3-8b,1,3,False,0.15413110598456115,2,B
medmcqa,3641,c6f01b71-fe30-41d3-8680-5d08d0b7dd15,qwen3-8b,1,1,True,0.15376251001725905,2,B
medmcqa,3642,c6f01b71-fe30-41d3-8680-5d08d0b7dd15,qwen3-8b,3,3,True,0.16719296100200154,2,D
medmcqa,3643,c6f01b71-fe30-41d3-8680-5d08d0b7dd15,qwen3-8b,1,1,True,0.1678929410118144,2,B
medmcqa,3644,c6f01b71-fe30-41d3-8680-5d08d0b7dd15,qwen3-8b,1,0,False,0.15771542000584304,2,B
medmcqa,3645,c6f01b71-fe30-41d3-8680-5d08d0b7dd15,qwen3-8b,0,1,False,0.15393772401148453,2,A
medmcqa,3646,c6f01b71-fe30-41d3-8680-5d08d0b7dd15,qwen3-8b,3,3,True,0.16990357197937556,2,D
medmcqa,3647,c6f01b71-fe30-41d3-8680-5d08d0b7dd15,qwen3-8b,3,0,False,0.16532000998267904,2,D
medmcqa,3648,c6f01b71-fe30-41d3-8680-5d08d0b7dd15,qwen3-8b,0,1,False,0.18923246001941152,2,A
medmcqa,3649,c6f01b71-fe30-41d3-8680-5d08d0b7dd15,qwen3-8b,0,0,True,0.15209146900451742,2,A
medmcqa,3650,c6f01b71-fe30-41d3-8680-5d08d0b7dd15,qwen3-8b,0,2,False,0.15349907201016322,2,A
medmcqa,3651,c6f01b71-fe30-41d3-8680-5d08d0b7dd15,qwen3-8b,2,2,True,0.1534395630005747,2,C
medmcqa,3652,c6f01b71-fe30-41d3-8680-5d08d0b7dd15,qwen3-8b,3,2,False,0.16807190599502064,2,D
medmcqa,3653,c6f01b71-fe30-41d3-8680-5d08d0b7dd15,qwen3-8b,3,0,False,0.15439306999905966,2,D
medmcqa,3654,c6f01b71-fe30-41d3-8680-5d08d0b7dd15,qwen3-8b,0,1,False,0.15420566700049676,2,A
medmcqa,3655,c6f01b71-fe30-41d3-8680-5d08d0b7dd15,qwen3-8b,3,2,False,0.1532461580063682,2,D
medmcqa,3656,c6f01b71-fe30-41d3-8680-5d08d0b7dd15,qwen3-8b,1,0,False,0.15501217698329128,2,B
medmcqa,3657,c6f01b71-fe30-41d3-8680-5d08d0b7dd15,qwen3-8b,1,0,False,0.15544132798095234,2,B
medmcqa,3658,c6f01b71-fe30-41d3-8680-5d08d0b7dd15,qwen3-8b,1,3,False,0.15748986799735576,2,B
medmcqa,3659,c6f01b71-fe30-41d3-8680-5d08d0b7dd15,qwen3-8b,1,0,False,0.1665284910122864,2,B
medmcqa,3660,c6f01b71-fe30-41d3-8680-5d08d0b7dd15,qwen3-8b,1,0,False,0.15684566099662334,2,B
medmcqa,3661,c6f01b71-fe30-41d3-8680-5d08d0b7dd15,qwen3-8b,0,2,False,0.1716605990077369,2,A
medmcqa,3662,c6f01b71-fe30-41d3-8680-5d08d0b7dd15,qwen3-8b,0,0,True,0.19554505698033608,2,A
medmcqa,3663,c6f01b71-fe30-41d3-8680-5d08d0b7dd15,qwen3-8b,0,0,True,0.15486977499676868,2,A
medmcqa,3664,c6f01b71-fe30-41d3-8680-5d08d0b7dd15,qwen3-8b,1,1,True,0.15389387297909707,2,B
medmcqa,3665,c6f01b71-fe30-41d3-8680-5d08d0b7dd15,qwen3-8b,1,3,False,0.15212533401791006,2,B
medmcqa,3666,c6f01b71-fe30-41d3-8680-5d08d0b7dd15,qwen3-8b,2,1,False,0.16960696401656605,2,C
medmcqa,3667,c6f01b71-fe30-41d3-8680-5d08d0b7dd15,qwen3-8b,3,1,False,0.15463650500169024,2,D
medmcqa,3668,c6f01b71-fe30-41d3-8680-5d08d0b7dd15,qwen3-8b,0,0,True,0.1543056840018835,2,A
medmcqa,3669,c6f01b71-fe30-41d3-8680-5d08d0b7dd15,qwen3-8b,1,0,False,0.17234731299686246,2,B
medmcqa,3670,c6f01b71-fe30-41d3-8680-5d08d0b7dd15,qwen3-8b,1,0,False,0.1525586710195057,2,B
medmcqa,3671,c6f01b71-fe30-41d3-8680-5d08d0b7dd15,qwen3-8b,0,0,True,0.1543547709879931,2,A
medmcqa,3672,c6f01b71-fe30-41d3-8680-5d08d0b7dd15,qwen3-8b,2,2,True,0.15589691101922654,2,C
medmcqa,3673,c6f01b71-fe30-41d3-8680-5d08d0b7dd15,qwen3-8b,3,3,True,0.15327039899420924,2,D
medmcqa,3674,c6f01b71-fe30-41d3-8680-5d08d0b7dd15,qwen3-8b,0,2,False,0.15356470897677355,2,A
medmcqa,3675,c6f01b71-fe30-41d3-8680-5d08d0b7dd15,qwen3-8b,2,2,True,0.16819309801212512,2,C
medmcqa,3676,c6f01b71-fe30-41d3-8680-5d08d0b7dd15,qwen3-8b,0,3,False,0.15339064999716356,2,A
medmcqa,3677,c6f01b71-fe30-41d3-8680-5d08d0b7dd15,qwen3-8b,1,3,False,0.16646462000790052,2,B
medmcqa,3678,c6f01b71-fe30-41d3-8680-5d08d0b7dd15,qwen3-8b,2,0,False,0.16819843198754825,2,C
medmcqa,3679,c6f01b71-fe30-41d3-8680-5d08d0b7dd15,qwen3-8b,0,2,False,0.15163890400435776,2,A
medmcqa,3680,c6f01b71-fe30-41d3-8680-5d08d0b7dd15,qwen3-8b,2,3,False,0.16841415700037032,2,C
medmcqa,3681,c6f01b71-fe30-41d3-8680-5d08d0b7dd15,qwen3-8b,0,3,False,0.15347142500104383,2,A
medmcqa,3682,c6f01b71-fe30-41d3-8680-5d08d0b7dd15,qwen3-8b,0,3,False,0.17074557501473464,2,A
medmcqa,3683,c6f01b71-fe30-41d3-8680-5d08d0b7dd15,qwen3-8b,1,2,False,0.172109551000176,2,B
medmcqa,3684,c6f01b71-fe30-41d3-8680-5d08d0b7dd15,qwen3-8b,0,2,False,0.17334040597779676,2,A
medmcqa,3685,c6f01b71-fe30-41d3-8680-5d08d0b7dd15,qwen3-8b,0,0,True,0.15282241598470137,2,A
medmcqa,3686,c6f01b71-fe30-41d3-8680-5d08d0b7dd15,qwen3-8b,2,2,True,0.1579763939953409,2,C
medmcqa,3687,c6f01b71-fe30-41d3-8680-5d08d0b7dd15,qwen3-8b,2,2,True,0.16690602398011833,2,C
medmcqa,3688,c6f01b71-fe30-41d3-8680-5d08d0b7dd15,qwen3-8b,0,3,False,0.15495453198673204,2,A
medmcqa,3689,c6f01b71-fe30-41d3-8680-5d08d0b7dd15,qwen3-8b,0,2,False,0.1526279080135282,2,A
medmcqa,3690,c6f01b71-fe30-41d3-8680-5d08d0b7dd15,qwen3-8b,0,0,True,0.17212593302247114,2,A
medmcqa,3691,c6f01b71-fe30-41d3-8680-5d08d0b7dd15,qwen3-8b,0,0,True,0.15324042798602022,2,A
medmcqa,3692,c6f01b71-fe30-41d3-8680-5d08d0b7dd15,qwen3-8b,3,0,False,0.15536154000437818,2,D
medmcqa,3693,c6f01b71-fe30-41d3-8680-5d08d0b7dd15,qwen3-8b,0,2,False,0.1532206879928708,2,A
medmcqa,3694,c6f01b71-fe30-41d3-8680-5d08d0b7dd15,qwen3-8b,0,2,False,0.15378970399615355,2,A
medmcqa,3695,c6f01b71-fe30-41d3-8680-5d08d0b7dd15,qwen3-8b,3,0,False,0.16881830300553702,2,D
medmcqa,3696,c6f01b71-fe30-41d3-8680-5d08d0b7dd15,qwen3-8b,1,0,False,0.15791550802532583,2,B
medmcqa,3697,c6f01b71-fe30-41d3-8680-5d08d0b7dd15,qwen3-8b,0,1,False,0.15249810897512361,2,A
medmcqa,3698,c6f01b71-fe30-41d3-8680-5d08d0b7dd15,qwen3-8b,0,0,True,0.153065176011296,2,A
medmcqa,3699,c6f01b71-fe30-41d3-8680-5d08d0b7dd15,qwen3-8b,1,1,True,0.1557625699788332,2,B
medmcqa,3700,c6f01b71-fe30-41d3-8680-5d08d0b7dd15,qwen3-8b,0,0,True,0.15632158500375226,2,A
medmcqa,3701,c6f01b71-fe30-41d3-8680-5d08d0b7dd15,qwen3-8b,0,1,False,0.15551548200892285,2,A
medmcqa,3702,c6f01b71-fe30-41d3-8680-5d08d0b7dd15,qwen3-8b,0,0,True,0.15163410201785155,2,A
medmcqa,3703,c6f01b71-fe30-41d3-8680-5d08d0b7dd15,qwen3-8b,3,3,True,0.1524940509989392,2,D
medmcqa,3704,c6f01b71-fe30-41d3-8680-5d08d0b7dd15,qwen3-8b,0,0,True,0.15243866498349234,2,A
medmcqa,3705,c6f01b71-fe30-41d3-8680-5d08d0b7dd15,qwen3-8b,2,2,True,0.16657923700404353,2,C
medmcqa,3706,c6f01b71-fe30-41d3-8680-5d08d0b7dd15,qwen3-8b,2,2,True,0.15413475601235405,2,C
medmcqa,3707,c6f01b71-fe30-41d3-8680-5d08d0b7dd15,qwen3-8b,2,2,True,0.16839571102173068,2,C
medmcqa,3708,c6f01b71-fe30-41d3-8680-5d08d0b7dd15,qwen3-8b,2,3,False,0.15503256800002418,2,C
medmcqa,3709,c6f01b71-fe30-41d3-8680-5d08d0b7dd15,qwen3-8b,2,2,True,0.15491896800813265,2,C
medmcqa,3710,c6f01b71-fe30-41d3-8680-5d08d0b7dd15,qwen3-8b,3,2,False,0.1694977160077542,2,D
medmcqa,3711,c6f01b71-fe30-41d3-8680-5d08d0b7dd15,qwen3-8b,2,3,False,0.19483281299471855,2,C
medmcqa,3712,c6f01b71-fe30-41d3-8680-5d08d0b7dd15,qwen3-8b,1,2,False,0.15320008900016546,2,B
medmcqa,3713,c6f01b71-fe30-41d3-8680-5d08d0b7dd15,qwen3-8b,1,1,True,0.17008009800338186,2,B
medmcqa,3714,c6f01b71-fe30-41d3-8680-5d08d0b7dd15,qwen3-8b,2,2,True,0.16631617801613174,2,C
medmcqa,3715,c6f01b71-fe30-41d3-8680-5d08d0b7dd15,qwen3-8b,2,1,False,0.15535196199198253,2,C
medmcqa,3716,c6f01b71-fe30-41d3-8680-5d08d0b7dd15,qwen3-8b,1,2,False,0.19023323399596848,2,B
medmcqa,3717,c6f01b71-fe30-41d3-8680-5d08d0b7dd15,qwen3-8b,0,1,False,0.15639995099627413,2,A
medmcqa,3718,c6f01b71-fe30-41d3-8680-5d08d0b7dd15,qwen3-8b,0,0,True,0.15359777701087296,2,A
medmcqa,3719,c6f01b71-fe30-41d3-8680-5d08d0b7dd15,qwen3-8b,1,1,True,0.15788852400146425,2,B
medmcqa,3720,c6f01b71-fe30-41d3-8680-5d08d0b7dd15,qwen3-8b,3,3,True,0.1733975599927362,2,D
medmcqa,3721,c6f01b71-fe30-41d3-8680-5d08d0b7dd15,qwen3-8b,1,0,False,0.1697238519845996,2,B
medmcqa,3722,c6f01b71-fe30-41d3-8680-5d08d0b7dd15,qwen3-8b,1,3,False,0.17361703899223357,2,B
medmcqa,3723,c6f01b71-fe30-41d3-8680-5d08d0b7dd15,qwen3-8b,1,0,False,0.15135768600157462,2,B
medmcqa,3724,c6f01b71-fe30-41d3-8680-5d08d0b7dd15,qwen3-8b,1,1,True,0.15340209699934348,2,B
medmcqa,3725,c6f01b71-fe30-41d3-8680-5d08d0b7dd15,qwen3-8b,0,0,True,0.16855167399626225,2,A
medmcqa,3726,c6f01b71-fe30-41d3-8680-5d08d0b7dd15,qwen3-8b,2,2,True,0.16607507597655058,2,C
medmcqa,3727,c6f01b71-fe30-41d3-8680-5d08d0b7dd15,qwen3-8b,0,0,True,0.15547098600654863,2,A
medmcqa,3728,c6f01b71-fe30-41d3-8680-5d08d0b7dd15,qwen3-8b,1,1,True,0.16980935601168312,2,B
medmcqa,3729,c6f01b71-fe30-41d3-8680-5d08d0b7dd15,qwen3-8b,0,3,False,0.1896473020024132,2,A
medmcqa,3730,c6f01b71-fe30-41d3-8680-5d08d0b7dd15,qwen3-8b,2,0,False,0.1898390720016323,2,C
medmcqa,3731,c6f01b71-fe30-41d3-8680-5d08d0b7dd15,qwen3-8b,3,2,False,0.15505901598953642,2,D
medmcqa,3732,c6f01b71-fe30-41d3-8680-5d08d0b7dd15,qwen3-8b,3,3,True,0.1515147739846725,2,D
medmcqa,3733,c6f01b71-fe30-41d3-8680-5d08d0b7dd15,qwen3-8b,3,3,True,0.15631022900925018,2,D
medmcqa,3734,c6f01b71-fe30-41d3-8680-5d08d0b7dd15,qwen3-8b,0,0,True,0.1691160479967948,2,A
medmcqa,3735,c6f01b71-fe30-41d3-8680-5d08d0b7dd15,qwen3-8b,3,1,False,0.1554931190039497,2,D
medmcqa,3736,c6f01b71-fe30-41d3-8680-5d08d0b7dd15,qwen3-8b,1,2,False,0.16862742000375874,2,B
medmcqa,3737,c6f01b71-fe30-41d3-8680-5d08d0b7dd15,qwen3-8b,2,2,True,0.17247067799326032,2,C
medmcqa,3738,c6f01b71-fe30-41d3-8680-5d08d0b7dd15,qwen3-8b,2,0,False,0.1692492270085495,2,C
medmcqa,3739,c6f01b71-fe30-41d3-8680-5d08d0b7dd15,qwen3-8b,2,2,True,0.15275019299588166,2,C
medmcqa,3740,c6f01b71-fe30-41d3-8680-5d08d0b7dd15,qwen3-8b,2,2,True,0.16723151798942126,2,C
medmcqa,3741,c6f01b71-fe30-41d3-8680-5d08d0b7dd15,qwen3-8b,0,2,False,0.1703748490253929,2,A
medmcqa,3742,c6f01b71-fe30-41d3-8680-5d08d0b7dd15,qwen3-8b,0,3,False,0.15595173300243914,2,A
medmcqa,3743,c6f01b71-fe30-41d3-8680-5d08d0b7dd15,qwen3-8b,3,3,True,0.1569109790143557,2,D
medmcqa,3744,c6f01b71-fe30-41d3-8680-5d08d0b7dd15,qwen3-8b,1,1,True,0.15767185401637107,2,B
medmcqa,3745,c6f01b71-fe30-41d3-8680-5d08d0b7dd15,qwen3-8b,2,2,True,0.178394405025756,2,C
medmcqa,3746,c6f01b71-fe30-41d3-8680-5d08d0b7dd15,qwen3-8b,0,0,True,0.1709698729973752,2,A
medmcqa,3747,c6f01b71-fe30-41d3-8680-5d08d0b7dd15,qwen3-8b,2,2,True,0.1530253599921707,2,C
medmcqa,3748,c6f01b71-fe30-41d3-8680-5d08d0b7dd15,qwen3-8b,0,1,False,0.16790048900293186,2,A
medmcqa,3749,c6f01b71-fe30-41d3-8680-5d08d0b7dd15,qwen3-8b,1,1,True,0.1547823110013269,2,B
medmcqa,3750,c6f01b71-fe30-41d3-8680-5d08d0b7dd15,qwen3-8b,1,1,True,0.17250064501422457,2,B
medmcqa,3751,c6f01b71-fe30-41d3-8680-5d08d0b7dd15,qwen3-8b,2,0,False,0.15479711297666654,2,C
medmcqa,3752,c6f01b71-fe30-41d3-8680-5d08d0b7dd15,qwen3-8b,1,0,False,0.15435934800188988,2,B
medmcqa,3753,c6f01b71-fe30-41d3-8680-5d08d0b7dd15,qwen3-8b,3,0,False,0.15235758500057273,2,D
medmcqa,3754,c6f01b71-fe30-41d3-8680-5d08d0b7dd15,qwen3-8b,0,2,False,0.17084332299418747,2,A
medmcqa,3755,c6f01b71-fe30-41d3-8680-5d08d0b7dd15,qwen3-8b,2,2,True,0.16935844800900668,2,C
medmcqa,3756,c6f01b71-fe30-41d3-8680-5d08d0b7dd15,qwen3-8b,1,1,True,0.1593384490115568,2,B
medmcqa,3757,c6f01b71-fe30-41d3-8680-5d08d0b7dd15,qwen3-8b,1,1,True,0.15293678099988028,2,B
medmcqa,3758,c6f01b71-fe30-41d3-8680-5d08d0b7dd15,qwen3-8b,3,1,False,0.1548557129863184,2,D
medmcqa,3759,c6f01b71-fe30-41d3-8680-5d08d0b7dd15,qwen3-8b,3,3,True,0.15453429997432977,2,D
medmcqa,3760,c6f01b71-fe30-41d3-8680-5d08d0b7dd15,qwen3-8b,2,0,False,0.17864930801442824,2,C
medmcqa,3761,c6f01b71-fe30-41d3-8680-5d08d0b7dd15,qwen3-8b,1,3,False,0.1541957420122344,2,B
medmcqa,3762,c6f01b71-fe30-41d3-8680-5d08d0b7dd15,qwen3-8b,0,0,True,0.15617646498139948,2,A
medmcqa,3763,c6f01b71-fe30-41d3-8680-5d08d0b7dd15,qwen3-8b,0,0,True,0.16939939401345327,2,A
medmcqa,3764,c6f01b71-fe30-41d3-8680-5d08d0b7dd15,qwen3-8b,1,1,True,0.154952728014905,2,B
medmcqa,3765,c6f01b71-fe30-41d3-8680-5d08d0b7dd15,qwen3-8b,0,0,True,0.15216701102326624,2,A
medmcqa,3766,c6f01b71-fe30-41d3-8680-5d08d0b7dd15,qwen3-8b,2,3,False,0.1768983470101375,2,C
medmcqa,3767,c6f01b71-fe30-41d3-8680-5d08d0b7dd15,qwen3-8b,2,2,True,0.17363162100082263,2,C
medmcqa,3768,c6f01b71-fe30-41d3-8680-5d08d0b7dd15,qwen3-8b,3,1,False,0.15597043701563962,2,D
medmcqa,3769,c6f01b71-fe30-41d3-8680-5d08d0b7dd15,qwen3-8b,0,3,False,0.17497857499984093,2,A
medmcqa,3770,c6f01b71-fe30-41d3-8680-5d08d0b7dd15,qwen3-8b,3,3,True,0.15557971599628218,2,D
medmcqa,3771,c6f01b71-fe30-41d3-8680-5d08d0b7dd15,qwen3-8b,1,3,False,0.15760772698558867,2,B
medmcqa,3772,c6f01b71-fe30-41d3-8680-5d08d0b7dd15,qwen3-8b,3,3,True,0.16921289000310935,2,D
medmcqa,3773,c6f01b71-fe30-41d3-8680-5d08d0b7dd15,qwen3-8b,0,1,False,0.1535832099907566,2,A
medmcqa,3774,c6f01b71-fe30-41d3-8680-5d08d0b7dd15,qwen3-8b,3,1,False,0.1545429909892846,2,D
medmcqa,3775,c6f01b71-fe30-41d3-8680-5d08d0b7dd15,qwen3-8b,2,2,True,0.1557591210003011,2,C
medmcqa,3776,c6f01b71-fe30-41d3-8680-5d08d0b7dd15,qwen3-8b,0,2,False,0.15334114400320686,2,A
medmcqa,3777,c6f01b71-fe30-41d3-8680-5d08d0b7dd15,qwen3-8b,0,0,True,0.15235869999742135,2,A
medmcqa,3778,c6f01b71-fe30-41d3-8680-5d08d0b7dd15,qwen3-8b,1,1,True,0.15226671402342618,2,B
medmcqa,3779,c6f01b71-fe30-41d3-8680-5d08d0b7dd15,qwen3-8b,0,3,False,0.17241370200645179,2,A
medmcqa,3780,c6f01b71-fe30-41d3-8680-5d08d0b7dd15,qwen3-8b,1,1,True,0.1550556099973619,2,B
medmcqa,3781,c6f01b71-fe30-41d3-8680-5d08d0b7dd15,qwen3-8b,3,2,False,0.17220527699100785,2,D
medmcqa,3782,c6f01b71-fe30-41d3-8680-5d08d0b7dd15,qwen3-8b,3,0,False,0.15441076099523343,2,D
medmcqa,3783,c6f01b71-fe30-41d3-8680-5d08d0b7dd15,qwen3-8b,0,2,False,0.1547578519966919,2,A
medmcqa,3784,c6f01b71-fe30-41d3-8680-5d08d0b7dd15,qwen3-8b,0,2,False,0.15722078899852931,2,A
medmcqa,3785,c6f01b71-fe30-41d3-8680-5d08d0b7dd15,qwen3-8b,2,3,False,0.159354458010057,2,C
medmcqa,3786,c6f01b71-fe30-41d3-8680-5d08d0b7dd15,qwen3-8b,3,0,False,0.16892631398513913,2,D
medmcqa,3787,c6f01b71-fe30-41d3-8680-5d08d0b7dd15,qwen3-8b,1,1,True,0.15315100099542178,2,B
medmcqa,3788,c6f01b71-fe30-41d3-8680-5d08d0b7dd15,qwen3-8b,1,1,True,0.16810166000504978,2,B
medmcqa,3789,c6f01b71-fe30-41d3-8680-5d08d0b7dd15,qwen3-8b,3,1,False,0.15316597497439943,2,D
medmcqa,3790,c6f01b71-fe30-41d3-8680-5d08d0b7dd15,qwen3-8b,3,3,True,0.16703022000729106,2,D
medmcqa,3791,c6f01b71-fe30-41d3-8680-5d08d0b7dd15,qwen3-8b,0,0,True,0.17092752599273808,2,A
medmcqa,3792,c6f01b71-fe30-41d3-8680-5d08d0b7dd15,qwen3-8b,0,0,True,0.15564802300650626,2,A
medmcqa,3793,c6f01b71-fe30-41d3-8680-5d08d0b7dd15,qwen3-8b,0,1,False,0.15461849299026653,2,A
medmcqa,3794,c6f01b71-fe30-41d3-8680-5d08d0b7dd15,qwen3-8b,2,2,True,0.15534245999879204,2,C
medmcqa,3795,c6f01b71-fe30-41d3-8680-5d08d0b7dd15,qwen3-8b,2,3,False,0.17207866499666125,2,C
medmcqa,3796,c6f01b71-fe30-41d3-8680-5d08d0b7dd15,qwen3-8b,0,0,True,0.15377683399128728,2,A
medmcqa,3797,c6f01b71-fe30-41d3-8680-5d08d0b7dd15,qwen3-8b,0,0,True,0.15294053999241441,2,A
medmcqa,3798,c6f01b71-fe30-41d3-8680-5d08d0b7dd15,qwen3-8b,0,0,True,0.15497074200538918,2,A
medmcqa,3799,c6f01b71-fe30-41d3-8680-5d08d0b7dd15,qwen3-8b,1,1,True,0.15266967000206932,2,B
medmcqa,3800,c6f01b71-fe30-41d3-8680-5d08d0b7dd15,qwen3-8b,0,0,True,0.16034099899115972,2,A
medmcqa,3801,c6f01b71-fe30-41d3-8680-5d08d0b7dd15,qwen3-8b,0,2,False,0.17071125100483187,2,A
medmcqa,3802,c6f01b71-fe30-41d3-8680-5d08d0b7dd15,qwen3-8b,1,1,True,0.15375161898555234,2,B
medmcqa,3803,c6f01b71-fe30-41d3-8680-5d08d0b7dd15,qwen3-8b,0,0,True,0.152168176980922,2,A
medmcqa,3804,c6f01b71-fe30-41d3-8680-5d08d0b7dd15,qwen3-8b,3,0,False,0.15433534799376503,2,D
medmcqa,3805,c6f01b71-fe30-41d3-8680-5d08d0b7dd15,qwen3-8b,0,0,True,0.15456574299605563,2,A
medmcqa,3806,c6f01b71-fe30-41d3-8680-5d08d0b7dd15,qwen3-8b,2,0,False,0.15373163900221698,2,C
medmcqa,3807,c6f01b71-fe30-41d3-8680-5d08d0b7dd15,qwen3-8b,0,1,False,0.18966382899088785,2,A
medmcqa,3808,c6f01b71-fe30-41d3-8680-5d08d0b7dd15,qwen3-8b,0,0,True,0.16107281800941564,2,A
medmcqa,3809,c6f01b71-fe30-41d3-8680-5d08d0b7dd15,qwen3-8b,1,3,False,0.157510838995222,2,B
medmcqa,3810,c6f01b71-fe30-41d3-8680-5d08d0b7dd15,qwen3-8b,0,0,True,0.1583646229992155,2,A
medmcqa,3811,c6f01b71-fe30-41d3-8680-5d08d0b7dd15,qwen3-8b,0,3,False,0.15483083302387968,2,A
medmcqa,3812,c6f01b71-fe30-41d3-8680-5d08d0b7dd15,qwen3-8b,3,2,False,0.15356196599896066,2,D
medmcqa,3813,c6f01b71-fe30-41d3-8680-5d08d0b7dd15,qwen3-8b,0,3,False,0.15889083800720982,2,A
medmcqa,3814,c6f01b71-fe30-41d3-8680-5d08d0b7dd15,qwen3-8b,0,3,False,0.15447179699549451,2,A
medmcqa,3815,c6f01b71-fe30-41d3-8680-5d08d0b7dd15,qwen3-8b,3,3,True,0.153290868998738,2,D
medmcqa,3816,c6f01b71-fe30-41d3-8680-5d08d0b7dd15,qwen3-8b,3,1,False,0.1945452379877679,2,D
medmcqa,3817,c6f01b71-fe30-41d3-8680-5d08d0b7dd15,qwen3-8b,3,3,True,0.15350044699152932,2,D
medmcqa,3818,c6f01b71-fe30-41d3-8680-5d08d0b7dd15,qwen3-8b,3,1,False,0.1542020819906611,2,D
medmcqa,3819,c6f01b71-fe30-41d3-8680-5d08d0b7dd15,qwen3-8b,1,0,False,0.16939831600757316,2,B
medmcqa,3820,c6f01b71-fe30-41d3-8680-5d08d0b7dd15,qwen3-8b,3,2,False,0.1710952779976651,2,D
medmcqa,3821,c6f01b71-fe30-41d3-8680-5d08d0b7dd15,qwen3-8b,2,2,True,0.15386376398964785,2,C
medmcqa,3822,c6f01b71-fe30-41d3-8680-5d08d0b7dd15,qwen3-8b,1,3,False,0.157308641995769,2,B
medmcqa,3823,c6f01b71-fe30-41d3-8680-5d08d0b7dd15,qwen3-8b,0,1,False,0.1883918329840526,2,A
medmcqa,3824,c6f01b71-fe30-41d3-8680-5d08d0b7dd15,qwen3-8b,0,0,True,0.1576147809973918,2,A
medmcqa,3825,c6f01b71-fe30-41d3-8680-5d08d0b7dd15,qwen3-8b,0,2,False,0.1570390580163803,2,A
medmcqa,3826,c6f01b71-fe30-41d3-8680-5d08d0b7dd15,qwen3-8b,1,1,True,0.15444752198527567,2,B
medmcqa,3827,c6f01b71-fe30-41d3-8680-5d08d0b7dd15,qwen3-8b,1,1,True,0.15631895101978444,2,B
medmcqa,3828,c6f01b71-fe30-41d3-8680-5d08d0b7dd15,qwen3-8b,1,0,False,0.1523814520041924,2,B
medmcqa,3829,c6f01b71-fe30-41d3-8680-5d08d0b7dd15,qwen3-8b,0,0,True,0.15602338101598434,2,A
medmcqa,3830,c6f01b71-fe30-41d3-8680-5d08d0b7dd15,qwen3-8b,3,3,True,0.15334345700102858,2,D
medmcqa,3831,c6f01b71-fe30-41d3-8680-5d08d0b7dd15,qwen3-8b,3,2,False,0.17092774098273367,2,D
medmcqa,3832,c6f01b71-fe30-41d3-8680-5d08d0b7dd15,qwen3-8b,2,2,True,0.17124361300375313,2,C
medmcqa,3833,c6f01b71-fe30-41d3-8680-5d08d0b7dd15,qwen3-8b,0,0,True,0.1575343089934904,2,A
medmcqa,3834,c6f01b71-fe30-41d3-8680-5d08d0b7dd15,qwen3-8b,3,3,True,0.15283409800031222,2,D
medmcqa,3835,c6f01b71-fe30-41d3-8680-5d08d0b7dd15,qwen3-8b,0,0,True,0.15304580799420364,2,A
medmcqa,3836,c6f01b71-fe30-41d3-8680-5d08d0b7dd15,qwen3-8b,0,0,True,0.1557296640239656,2,A
medmcqa,3837,c6f01b71-fe30-41d3-8680-5d08d0b7dd15,qwen3-8b,0,0,True,0.15704807901056483,2,A
medmcqa,3838,c6f01b71-fe30-41d3-8680-5d08d0b7dd15,qwen3-8b,3,3,True,0.15332315099658445,2,D
medmcqa,3839,c6f01b71-fe30-41d3-8680-5d08d0b7dd15,qwen3-8b,0,0,True,0.17293930100277066,2,A
medmcqa,3840,c6f01b71-fe30-41d3-8680-5d08d0b7dd15,qwen3-8b,1,2,False,0.15609705800306983,2,B
medmcqa,3841,c6f01b71-fe30-41d3-8680-5d08d0b7dd15,qwen3-8b,1,1,True,0.16889995100791566,2,B
medmcqa,3842,c6f01b71-fe30-41d3-8680-5d08d0b7dd15,qwen3-8b,0,0,True,0.1703173989953939,2,A
medmcqa,3843,c6f01b71-fe30-41d3-8680-5d08d0b7dd15,qwen3-8b,0,1,False,0.1539658010005951,2,A
medmcqa,3844,c6f01b71-fe30-41d3-8680-5d08d0b7dd15,qwen3-8b,3,2,False,0.16882381102186628,2,D
medmcqa,3845,c6f01b71-fe30-41d3-8680-5d08d0b7dd15,qwen3-8b,3,0,False,0.15334865800105035,2,D
medmcqa,3846,c6f01b71-fe30-41d3-8680-5d08d0b7dd15,qwen3-8b,0,2,False,0.15496750501915812,2,A
medmcqa,3847,c6f01b71-fe30-41d3-8680-5d08d0b7dd15,qwen3-8b,2,3,False,0.1545915679889731,2,C
medmcqa,3848,c6f01b71-fe30-41d3-8680-5d08d0b7dd15,qwen3-8b,3,3,True,0.16862013898207806,2,D
medmcqa,3849,c6f01b71-fe30-41d3-8680-5d08d0b7dd15,qwen3-8b,1,1,True,0.1519454079971183,2,B
medmcqa,3850,c6f01b71-fe30-41d3-8680-5d08d0b7dd15,qwen3-8b,1,2,False,0.15915865200804546,2,B
medmcqa,3851,c6f01b71-fe30-41d3-8680-5d08d0b7dd15,qwen3-8b,0,0,True,0.17024849497829564,2,A
medmcqa,3852,c6f01b71-fe30-41d3-8680-5d08d0b7dd15,qwen3-8b,2,2,True,0.1696880129748024,2,C
medmcqa,3853,c6f01b71-fe30-41d3-8680-5d08d0b7dd15,qwen3-8b,1,0,False,0.17098285700194538,2,B
medmcqa,3854,c6f01b71-fe30-41d3-8680-5d08d0b7dd15,qwen3-8b,1,0,False,0.17244593499344774,2,B
medmcqa,3855,c6f01b71-fe30-41d3-8680-5d08d0b7dd15,qwen3-8b,1,1,True,0.153178674983792,2,B
medmcqa,3856,c6f01b71-fe30-41d3-8680-5d08d0b7dd15,qwen3-8b,0,0,True,0.15430752499378286,2,A
medmcqa,3857,c6f01b71-fe30-41d3-8680-5d08d0b7dd15,qwen3-8b,3,1,False,0.15813310100929812,2,D
medmcqa,3858,c6f01b71-fe30-41d3-8680-5d08d0b7dd15,qwen3-8b,0,0,True,0.1518632630177308,2,A
medmcqa,3859,c6f01b71-fe30-41d3-8680-5d08d0b7dd15,qwen3-8b,2,3,False,0.15377913901465945,2,C
medmcqa,3860,c6f01b71-fe30-41d3-8680-5d08d0b7dd15,qwen3-8b,1,2,False,0.15499709697905928,2,B
medmcqa,3861,c6f01b71-fe30-41d3-8680-5d08d0b7dd15,qwen3-8b,3,2,False,0.16697961700265296,2,D
medmcqa,3862,c6f01b71-fe30-41d3-8680-5d08d0b7dd15,qwen3-8b,3,3,True,0.15526869500172324,2,D
medmcqa,3863,c6f01b71-fe30-41d3-8680-5d08d0b7dd15,qwen3-8b,3,0,False,0.16267073000199161,2,D
medmcqa,3864,c6f01b71-fe30-41d3-8680-5d08d0b7dd15,qwen3-8b,0,0,True,0.16432063301908784,2,A
medmcqa,3865,c6f01b71-fe30-41d3-8680-5d08d0b7dd15,qwen3-8b,2,2,True,0.1724310219869949,2,C
medmcqa,3866,c6f01b71-fe30-41d3-8680-5d08d0b7dd15,qwen3-8b,0,1,False,0.15462462799041532,2,A
medmcqa,3867,c6f01b71-fe30-41d3-8680-5d08d0b7dd15,qwen3-8b,1,2,False,0.1534690730040893,2,B
medmcqa,3868,c6f01b71-fe30-41d3-8680-5d08d0b7dd15,qwen3-8b,3,0,False,0.15342428899020888,2,D
medmcqa,3869,c6f01b71-fe30-41d3-8680-5d08d0b7dd15,qwen3-8b,1,1,True,0.15377234798506834,2,B
medmcqa,3870,c6f01b71-fe30-41d3-8680-5d08d0b7dd15,qwen3-8b,0,1,False,0.15537164901616052,2,A
medmcqa,3871,c6f01b71-fe30-41d3-8680-5d08d0b7dd15,qwen3-8b,3,3,True,0.15293747701798566,2,D
medmcqa,3872,c6f01b71-fe30-41d3-8680-5d08d0b7dd15,qwen3-8b,1,2,False,0.17130938099580817,2,B
medmcqa,3873,c6f01b71-fe30-41d3-8680-5d08d0b7dd15,qwen3-8b,2,2,True,0.1541342580167111,2,C
medmcqa,3874,c6f01b71-fe30-41d3-8680-5d08d0b7dd15,qwen3-8b,3,3,True,0.1550273839966394,2,D
medmcqa,3875,c6f01b71-fe30-41d3-8680-5d08d0b7dd15,qwen3-8b,3,3,True,0.15350547002162784,2,D
medmcqa,3876,c6f01b71-fe30-41d3-8680-5d08d0b7dd15,qwen3-8b,0,0,True,0.1985812810016796,2,A
medmcqa,3877,c6f01b71-fe30-41d3-8680-5d08d0b7dd15,qwen3-8b,0,1,False,0.1544681930099614,2,A
medmcqa,3878,c6f01b71-fe30-41d3-8680-5d08d0b7dd15,qwen3-8b,1,1,True,0.15632783598266542,2,B
medmcqa,3879,c6f01b71-fe30-41d3-8680-5d08d0b7dd15,qwen3-8b,3,2,False,0.17021670899703167,2,D
medmcqa,3880,c6f01b71-fe30-41d3-8680-5d08d0b7dd15,qwen3-8b,0,3,False,0.16933000399149023,2,A
medmcqa,3881,c6f01b71-fe30-41d3-8680-5d08d0b7dd15,qwen3-8b,2,3,False,0.15520421002293006,2,C
medmcqa,3882,c6f01b71-fe30-41d3-8680-5d08d0b7dd15,qwen3-8b,0,0,True,0.1732866190141067,2,A
medmcqa,3883,c6f01b71-fe30-41d3-8680-5d08d0b7dd15,qwen3-8b,0,0,True,0.15332753097754903,2,A
medmcqa,3884,c6f01b71-fe30-41d3-8680-5d08d0b7dd15,qwen3-8b,1,0,False,0.17033556301612407,2,B
medmcqa,3885,c6f01b71-fe30-41d3-8680-5d08d0b7dd15,qwen3-8b,2,2,True,0.1528637220035307,2,C
medmcqa,3886,c6f01b71-fe30-41d3-8680-5d08d0b7dd15,qwen3-8b,3,0,False,0.15440122701693326,2,D
medmcqa,3887,c6f01b71-fe30-41d3-8680-5d08d0b7dd15,qwen3-8b,3,0,False,0.15325531200505793,2,D
medmcqa,3888,c6f01b71-fe30-41d3-8680-5d08d0b7dd15,qwen3-8b,0,0,True,0.16769398000906222,2,A
medmcqa,3889,c6f01b71-fe30-41d3-8680-5d08d0b7dd15,qwen3-8b,1,1,True,0.16781205602455884,2,B
medmcqa,3890,c6f01b71-fe30-41d3-8680-5d08d0b7dd15,qwen3-8b,1,1,True,0.16760755598079413,2,B
medmcqa,3891,c6f01b71-fe30-41d3-8680-5d08d0b7dd15,qwen3-8b,3,3,True,0.1902661589847412,2,D
medmcqa,3892,c6f01b71-fe30-41d3-8680-5d08d0b7dd15,qwen3-8b,3,2,False,0.1709321839734912,2,D
medmcqa,3893,c6f01b71-fe30-41d3-8680-5d08d0b7dd15,qwen3-8b,1,1,True,0.1543796750192996,2,B
medmcqa,3894,c6f01b71-fe30-41d3-8680-5d08d0b7dd15,qwen3-8b,1,1,True,0.15363966699806042,2,B
medmcqa,3895,c6f01b71-fe30-41d3-8680-5d08d0b7dd15,qwen3-8b,2,0,False,0.1662036000052467,2,C
medmcqa,3896,c6f01b71-fe30-41d3-8680-5d08d0b7dd15,qwen3-8b,0,0,True,0.15533000900177285,2,A
medmcqa,3897,c6f01b71-fe30-41d3-8680-5d08d0b7dd15,qwen3-8b,3,0,False,0.15415878299972974,2,D
medmcqa,3898,c6f01b71-fe30-41d3-8680-5d08d0b7dd15,qwen3-8b,2,2,True,0.1532279759994708,2,C
medmcqa,3899,c6f01b71-fe30-41d3-8680-5d08d0b7dd15,qwen3-8b,3,3,True,0.15635311798541807,2,D
medmcqa,3900,c6f01b71-fe30-41d3-8680-5d08d0b7dd15,qwen3-8b,1,1,True,0.15510054398328066,2,B
medmcqa,3901,c6f01b71-fe30-41d3-8680-5d08d0b7dd15,qwen3-8b,3,3,True,0.15276506598456763,2,D
medmcqa,3902,c6f01b71-fe30-41d3-8680-5d08d0b7dd15,qwen3-8b,1,1,True,0.1522207589878235,2,B
medmcqa,3903,c6f01b71-fe30-41d3-8680-5d08d0b7dd15,qwen3-8b,2,2,True,0.15130195798701607,2,C
medmcqa,3904,c6f01b71-fe30-41d3-8680-5d08d0b7dd15,qwen3-8b,0,1,False,0.1686797300062608,2,A
medmcqa,3905,c6f01b71-fe30-41d3-8680-5d08d0b7dd15,qwen3-8b,0,0,True,0.16677658801199868,2,A
medmcqa,3906,c6f01b71-fe30-41d3-8680-5d08d0b7dd15,qwen3-8b,0,1,False,0.1573513249750249,2,A
medmcqa,3907,c6f01b71-fe30-41d3-8680-5d08d0b7dd15,qwen3-8b,0,2,False,0.15301443898351863,2,A
medmcqa,3908,c6f01b71-fe30-41d3-8680-5d08d0b7dd15,qwen3-8b,0,2,False,0.16927506399224512,2,A
medmcqa,3909,c6f01b71-fe30-41d3-8680-5d08d0b7dd15,qwen3-8b,0,1,False,0.15481419299612753,2,A
medmcqa,3910,c6f01b71-fe30-41d3-8680-5d08d0b7dd15,qwen3-8b,2,2,True,0.15636785700917244,2,C
medmcqa,3911,c6f01b71-fe30-41d3-8680-5d08d0b7dd15,qwen3-8b,2,2,True,0.1700322130054701,2,C
medmcqa,3912,c6f01b71-fe30-41d3-8680-5d08d0b7dd15,qwen3-8b,1,2,False,0.15445214498322457,2,B
medmcqa,3913,c6f01b71-fe30-41d3-8680-5d08d0b7dd15,qwen3-8b,0,0,True,0.15335080100339837,2,A
medmcqa,3914,c6f01b71-fe30-41d3-8680-5d08d0b7dd15,qwen3-8b,3,3,True,0.1556863580190111,2,D
medmcqa,3915,c6f01b71-fe30-41d3-8680-5d08d0b7dd15,qwen3-8b,0,0,True,0.15636053899652325,2,A
medmcqa,3916,c6f01b71-fe30-41d3-8680-5d08d0b7dd15,qwen3-8b,2,1,False,0.15301460900809616,2,C
medmcqa,3917,c6f01b71-fe30-41d3-8680-5d08d0b7dd15,qwen3-8b,0,0,True,0.15220716199837625,2,A
medmcqa,3918,c6f01b71-fe30-41d3-8680-5d08d0b7dd15,qwen3-8b,2,2,True,0.15358671598369256,2,C
medmcqa,3919,c6f01b71-fe30-41d3-8680-5d08d0b7dd15,qwen3-8b,2,2,True,0.1558928489976097,2,C
medmcqa,3920,c6f01b71-fe30-41d3-8680-5d08d0b7dd15,qwen3-8b,2,0,False,0.1540017049992457,2,C
medmcqa,3921,c6f01b71-fe30-41d3-8680-5d08d0b7dd15,qwen3-8b,3,3,True,0.15178850601660088,2,D
medmcqa,3922,c6f01b71-fe30-41d3-8680-5d08d0b7dd15,qwen3-8b,0,0,True,0.15702472100383602,2,A
medmcqa,3923,c6f01b71-fe30-41d3-8680-5d08d0b7dd15,qwen3-8b,1,0,False,0.1542963520041667,2,B
medmcqa,3924,c6f01b71-fe30-41d3-8680-5d08d0b7dd15,qwen3-8b,1,0,False,0.15456500899745151,2,B
medmcqa,3925,c6f01b71-fe30-41d3-8680-5d08d0b7dd15,qwen3-8b,1,1,True,0.1826176719914656,2,B
medmcqa,3926,c6f01b71-fe30-41d3-8680-5d08d0b7dd15,qwen3-8b,2,2,True,0.15628016702248715,2,C
medmcqa,3927,c6f01b71-fe30-41d3-8680-5d08d0b7dd15,qwen3-8b,0,0,True,0.1537722240027506,2,A
medmcqa,3928,c6f01b71-fe30-41d3-8680-5d08d0b7dd15,qwen3-8b,0,0,True,0.15468181000323966,2,A
medmcqa,3929,c6f01b71-fe30-41d3-8680-5d08d0b7dd15,qwen3-8b,0,0,True,0.16963128102361225,2,A
medmcqa,3930,c6f01b71-fe30-41d3-8680-5d08d0b7dd15,qwen3-8b,0,0,True,0.16797572499490343,2,A
medmcqa,3931,c6f01b71-fe30-41d3-8680-5d08d0b7dd15,qwen3-8b,0,0,True,0.1728010430233553,2,A
medmcqa,3932,c6f01b71-fe30-41d3-8680-5d08d0b7dd15,qwen3-8b,2,3,False,0.1529096869926434,2,C
medmcqa,3933,c6f01b71-fe30-41d3-8680-5d08d0b7dd15,qwen3-8b,0,2,False,0.15336615798878483,2,A
medmcqa,3934,c6f01b71-fe30-41d3-8680-5d08d0b7dd15,qwen3-8b,3,2,False,0.17090932800783776,2,D
medmcqa,3935,c6f01b71-fe30-41d3-8680-5d08d0b7dd15,qwen3-8b,2,2,True,0.1700085019983817,2,C
medmcqa,3936,c6f01b71-fe30-41d3-8680-5d08d0b7dd15,qwen3-8b,1,0,False,0.15472330298507586,2,B
medmcqa,3937,c6f01b71-fe30-41d3-8680-5d08d0b7dd15,qwen3-8b,0,0,True,0.15376671100966632,2,A
medmcqa,3938,c6f01b71-fe30-41d3-8680-5d08d0b7dd15,qwen3-8b,2,3,False,0.2031830420019105,2,C
medmcqa,3939,c6f01b71-fe30-41d3-8680-5d08d0b7dd15,qwen3-8b,1,0,False,0.15515521398629062,2,B
medmcqa,3940,c6f01b71-fe30-41d3-8680-5d08d0b7dd15,qwen3-8b,1,0,False,0.15256125602172688,2,B
medmcqa,3941,c6f01b71-fe30-41d3-8680-5d08d0b7dd15,qwen3-8b,0,2,False,0.2064366870035883,2,A
medmcqa,3942,c6f01b71-fe30-41d3-8680-5d08d0b7dd15,qwen3-8b,0,3,False,0.1535118699830491,2,A
medmcqa,3943,c6f01b71-fe30-41d3-8680-5d08d0b7dd15,qwen3-8b,3,1,False,0.16933672400773503,2,D
medmcqa,3944,c6f01b71-fe30-41d3-8680-5d08d0b7dd15,qwen3-8b,0,3,False,0.1532579810009338,2,A
medmcqa,3945,c6f01b71-fe30-41d3-8680-5d08d0b7dd15,qwen3-8b,1,0,False,0.15632866098894738,2,B
medmcqa,3946,c6f01b71-fe30-41d3-8680-5d08d0b7dd15,qwen3-8b,3,3,True,0.16900028099189512,2,D
medmcqa,3947,c6f01b71-fe30-41d3-8680-5d08d0b7dd15,qwen3-8b,3,0,False,0.15600904799066484,2,D
medmcqa,3948,c6f01b71-fe30-41d3-8680-5d08d0b7dd15,qwen3-8b,0,0,True,0.16816957099945284,2,A
medmcqa,3949,c6f01b71-fe30-41d3-8680-5d08d0b7dd15,qwen3-8b,0,0,True,0.16136083501623943,2,A
medmcqa,3950,c6f01b71-fe30-41d3-8680-5d08d0b7dd15,qwen3-8b,0,0,True,0.15867330899345689,2,A
medmcqa,3951,c6f01b71-fe30-41d3-8680-5d08d0b7dd15,qwen3-8b,2,3,False,0.1680404609942343,2,C
medmcqa,3952,c6f01b71-fe30-41d3-8680-5d08d0b7dd15,qwen3-8b,0,3,False,0.15311342201312073,2,A
medmcqa,3953,c6f01b71-fe30-41d3-8680-5d08d0b7dd15,qwen3-8b,0,1,False,0.15065360700828023,2,A
medmcqa,3954,c6f01b71-fe30-41d3-8680-5d08d0b7dd15,qwen3-8b,0,2,False,0.1575512409908697,2,A
medmcqa,3955,c6f01b71-fe30-41d3-8680-5d08d0b7dd15,qwen3-8b,3,3,True,0.15697391302092,2,D
medmcqa,3956,c6f01b71-fe30-41d3-8680-5d08d0b7dd15,qwen3-8b,0,0,True,0.15747448601177894,2,A
medmcqa,3957,c6f01b71-fe30-41d3-8680-5d08d0b7dd15,qwen3-8b,0,0,True,0.1532653059985023,2,A
medmcqa,3958,c6f01b71-fe30-41d3-8680-5d08d0b7dd15,qwen3-8b,1,1,True,0.16949170400039293,2,B
medmcqa,3959,c6f01b71-fe30-41d3-8680-5d08d0b7dd15,qwen3-8b,1,0,False,0.15570183799718507,2,B
medmcqa,3960,c6f01b71-fe30-41d3-8680-5d08d0b7dd15,qwen3-8b,3,3,True,0.15278904998558573,2,D
medmcqa,3961,c6f01b71-fe30-41d3-8680-5d08d0b7dd15,qwen3-8b,2,1,False,0.16871761900256388,2,C
medmcqa,3962,c6f01b71-fe30-41d3-8680-5d08d0b7dd15,qwen3-8b,1,1,True,0.16696728597162291,2,B
medmcqa,3963,c6f01b71-fe30-41d3-8680-5d08d0b7dd15,qwen3-8b,3,3,True,0.16831614100374281,2,D
medmcqa,3964,c6f01b71-fe30-41d3-8680-5d08d0b7dd15,qwen3-8b,3,3,True,0.1528004569991026,2,D
medmcqa,3965,c6f01b71-fe30-41d3-8680-5d08d0b7dd15,qwen3-8b,0,2,False,0.15684762198361568,2,A
medmcqa,3966,c6f01b71-fe30-41d3-8680-5d08d0b7dd15,qwen3-8b,0,3,False,0.15471637097653002,2,A
medmcqa,3967,c6f01b71-fe30-41d3-8680-5d08d0b7dd15,qwen3-8b,3,3,True,0.16950426800758578,2,D
medmcqa,3968,c6f01b71-fe30-41d3-8680-5d08d0b7dd15,qwen3-8b,0,0,True,0.15404741998645477,2,A
medmcqa,3969,c6f01b71-fe30-41d3-8680-5d08d0b7dd15,qwen3-8b,3,0,False,0.1565923290036153,2,D
medmcqa,3970,c6f01b71-fe30-41d3-8680-5d08d0b7dd15,qwen3-8b,1,1,True,0.1526139400084503,2,B
medmcqa,3971,c6f01b71-fe30-41d3-8680-5d08d0b7dd15,qwen3-8b,0,3,False,0.15257988500525244,2,A
medmcqa,3972,c6f01b71-fe30-41d3-8680-5d08d0b7dd15,qwen3-8b,1,1,True,0.17166574602015316,2,B
medmcqa,3973,c6f01b71-fe30-41d3-8680-5d08d0b7dd15,qwen3-8b,0,0,True,0.15554671600693837,2,A
medmcqa,3974,c6f01b71-fe30-41d3-8680-5d08d0b7dd15,qwen3-8b,1,1,True,0.16716439099400304,2,B
medmcqa,3975,c6f01b71-fe30-41d3-8680-5d08d0b7dd15,qwen3-8b,0,2,False,0.1659833890153095,2,A
medmcqa,3976,c6f01b71-fe30-41d3-8680-5d08d0b7dd15,qwen3-8b,3,2,False,0.15241112798685208,2,D
medmcqa,3977,c6f01b71-fe30-41d3-8680-5d08d0b7dd15,qwen3-8b,0,0,True,0.1528982120216824,2,A
medmcqa,3978,c6f01b71-fe30-41d3-8680-5d08d0b7dd15,qwen3-8b,1,1,True,0.17043382697738707,2,B
medmcqa,3979,c6f01b71-fe30-41d3-8680-5d08d0b7dd15,qwen3-8b,0,0,True,0.15663728798972443,2,A
medmcqa,3980,c6f01b71-fe30-41d3-8680-5d08d0b7dd15,qwen3-8b,3,0,False,0.154577134991996,2,D
medmcqa,3981,c6f01b71-fe30-41d3-8680-5d08d0b7dd15,qwen3-8b,1,1,True,0.15484188601840287,2,B
medmcqa,3982,c6f01b71-fe30-41d3-8680-5d08d0b7dd15,qwen3-8b,0,1,False,0.17093172698514536,2,A
medmcqa,3983,c6f01b71-fe30-41d3-8680-5d08d0b7dd15,qwen3-8b,2,2,True,0.15375350799877197,2,C
medmcqa,3984,c6f01b71-fe30-41d3-8680-5d08d0b7dd15,qwen3-8b,2,2,True,0.17261651798617095,2,C
medmcqa,3985,c6f01b71-fe30-41d3-8680-5d08d0b7dd15,qwen3-8b,2,2,True,0.1682122519996483,2,C
medmcqa,3986,c6f01b71-fe30-41d3-8680-5d08d0b7dd15,qwen3-8b,1,2,False,0.1697858799889218,2,B
medmcqa,3987,c6f01b71-fe30-41d3-8680-5d08d0b7dd15,qwen3-8b,3,3,True,0.15357913699699566,2,D
medmcqa,3988,c6f01b71-fe30-41d3-8680-5d08d0b7dd15,qwen3-8b,0,0,True,0.16660782898543403,2,A
medmcqa,3989,c6f01b71-fe30-41d3-8680-5d08d0b7dd15,qwen3-8b,0,0,True,0.15850478102220222,2,A
medmcqa,3990,c6f01b71-fe30-41d3-8680-5d08d0b7dd15,qwen3-8b,0,0,True,0.156415350997122,2,A
medmcqa,3991,c6f01b71-fe30-41d3-8680-5d08d0b7dd15,qwen3-8b,2,3,False,0.17068340399418958,2,C
medmcqa,3992,c6f01b71-fe30-41d3-8680-5d08d0b7dd15,qwen3-8b,3,2,False,0.15147998699103482,2,D
medmcqa,3993,c6f01b71-fe30-41d3-8680-5d08d0b7dd15,qwen3-8b,1,1,True,0.1563925369991921,2,B
medmcqa,3994,c6f01b71-fe30-41d3-8680-5d08d0b7dd15,qwen3-8b,0,0,True,0.15180467601749115,2,A
medmcqa,3995,c6f01b71-fe30-41d3-8680-5d08d0b7dd15,qwen3-8b,1,1,True,0.15669046601396985,2,B
medmcqa,3996,c6f01b71-fe30-41d3-8680-5d08d0b7dd15,qwen3-8b,1,2,False,0.1536943829851225,2,B
medmcqa,3997,c6f01b71-fe30-41d3-8680-5d08d0b7dd15,qwen3-8b,0,0,True,0.15557363297557458,2,A
medmcqa,3998,c6f01b71-fe30-41d3-8680-5d08d0b7dd15,qwen3-8b,1,1,True,0.16732750501250848,2,B
medmcqa,3999,c6f01b71-fe30-41d3-8680-5d08d0b7dd15,qwen3-8b,3,3,True,0.16996612001094036,2,D
medmcqa,4000,c6f01b71-fe30-41d3-8680-5d08d0b7dd15,qwen3-8b,3,3,True,0.17295762000139803,2,D
medmcqa,4001,c6f01b71-fe30-41d3-8680-5d08d0b7dd15,qwen3-8b,2,0,False,0.15442065498791635,2,C
medmcqa,4002,c6f01b71-fe30-41d3-8680-5d08d0b7dd15,qwen3-8b,3,3,True,0.1530587809975259,2,D
medmcqa,4003,c6f01b71-fe30-41d3-8680-5d08d0b7dd15,qwen3-8b,1,3,False,0.1549003460095264,2,B
medmcqa,4004,c6f01b71-fe30-41d3-8680-5d08d0b7dd15,qwen3-8b,0,1,False,0.15419092800584622,2,A
medmcqa,4005,c6f01b71-fe30-41d3-8680-5d08d0b7dd15,qwen3-8b,0,0,True,0.1704241169791203,2,A
medmcqa,4006,c6f01b71-fe30-41d3-8680-5d08d0b7dd15,qwen3-8b,0,0,True,0.15699635099736042,2,A
medmcqa,4007,c6f01b71-fe30-41d3-8680-5d08d0b7dd15,qwen3-8b,0,0,True,0.15567587601253763,2,A
medmcqa,4008,c6f01b71-fe30-41d3-8680-5d08d0b7dd15,qwen3-8b,1,1,True,0.1535838579875417,2,B
medmcqa,4009,c6f01b71-fe30-41d3-8680-5d08d0b7dd15,qwen3-8b,2,2,True,0.17502725499798544,2,C
medmcqa,4010,c6f01b71-fe30-41d3-8680-5d08d0b7dd15,qwen3-8b,3,1,False,0.1691448159981519,2,D
medmcqa,4011,c6f01b71-fe30-41d3-8680-5d08d0b7dd15,qwen3-8b,0,0,True,0.15669570700265467,2,A
medmcqa,4012,c6f01b71-fe30-41d3-8680-5d08d0b7dd15,qwen3-8b,0,0,True,0.15487905699410476,2,A
medmcqa,4013,c6f01b71-fe30-41d3-8680-5d08d0b7dd15,qwen3-8b,3,3,True,0.15293201300664805,2,D
medmcqa,4014,c6f01b71-fe30-41d3-8680-5d08d0b7dd15,qwen3-8b,2,2,True,0.15481085499050096,2,C
medmcqa,4015,c6f01b71-fe30-41d3-8680-5d08d0b7dd15,qwen3-8b,2,1,False,0.1532275800127536,2,C
medmcqa,4016,c6f01b71-fe30-41d3-8680-5d08d0b7dd15,qwen3-8b,0,1,False,0.15135060300235637,2,A
medmcqa,4017,c6f01b71-fe30-41d3-8680-5d08d0b7dd15,qwen3-8b,0,0,True,0.16991882101865485,2,A
medmcqa,4018,c6f01b71-fe30-41d3-8680-5d08d0b7dd15,qwen3-8b,0,0,True,0.17191596300108358,2,A
medmcqa,4019,c6f01b71-fe30-41d3-8680-5d08d0b7dd15,qwen3-8b,0,2,False,0.17048966701258905,2,A
medmcqa,4020,c6f01b71-fe30-41d3-8680-5d08d0b7dd15,qwen3-8b,0,1,False,0.1529929669923149,2,A
medmcqa,4021,c6f01b71-fe30-41d3-8680-5d08d0b7dd15,qwen3-8b,0,3,False,0.16783346998272464,2,A
medmcqa,4022,c6f01b71-fe30-41d3-8680-5d08d0b7dd15,qwen3-8b,2,2,True,0.17385764999198727,2,C
medmcqa,4023,c6f01b71-fe30-41d3-8680-5d08d0b7dd15,qwen3-8b,1,3,False,0.17029486899264157,2,B
medmcqa,4024,c6f01b71-fe30-41d3-8680-5d08d0b7dd15,qwen3-8b,0,3,False,0.1547511940007098,2,A
medmcqa,4025,c6f01b71-fe30-41d3-8680-5d08d0b7dd15,qwen3-8b,2,0,False,0.15289669501362368,2,C
medmcqa,4026,c6f01b71-fe30-41d3-8680-5d08d0b7dd15,qwen3-8b,1,1,True,0.15246176201617345,2,B
medmcqa,4027,c6f01b71-fe30-41d3-8680-5d08d0b7dd15,qwen3-8b,0,1,False,0.15410948998760432,2,A
medmcqa,4028,c6f01b71-fe30-41d3-8680-5d08d0b7dd15,qwen3-8b,1,3,False,0.1547106390062254,2,B
medmcqa,4029,c6f01b71-fe30-41d3-8680-5d08d0b7dd15,qwen3-8b,0,2,False,0.17088313100975938,2,A
medmcqa,4030,c6f01b71-fe30-41d3-8680-5d08d0b7dd15,qwen3-8b,0,0,True,0.1712915970128961,2,A
medmcqa,4031,c6f01b71-fe30-41d3-8680-5d08d0b7dd15,qwen3-8b,2,1,False,0.15725469301105477,2,C
medmcqa,4032,c6f01b71-fe30-41d3-8680-5d08d0b7dd15,qwen3-8b,3,3,True,0.1536697899864521,2,D
medmcqa,4033,c6f01b71-fe30-41d3-8680-5d08d0b7dd15,qwen3-8b,0,0,True,0.1545195729995612,2,A
medmcqa,4034,c6f01b71-fe30-41d3-8680-5d08d0b7dd15,qwen3-8b,3,2,False,0.1557742829900235,2,D
medmcqa,4035,c6f01b71-fe30-41d3-8680-5d08d0b7dd15,qwen3-8b,3,3,True,0.1545847249799408,2,D
medmcqa,4036,c6f01b71-fe30-41d3-8680-5d08d0b7dd15,qwen3-8b,1,2,False,0.1539187020098325,2,B
medmcqa,4037,c6f01b71-fe30-41d3-8680-5d08d0b7dd15,qwen3-8b,3,3,True,0.15631660600774921,2,D
medmcqa,4038,c6f01b71-fe30-41d3-8680-5d08d0b7dd15,qwen3-8b,3,1,False,0.15630802200757898,2,D
medmcqa,4039,c6f01b71-fe30-41d3-8680-5d08d0b7dd15,qwen3-8b,0,1,False,0.17121765899355523,2,A
medmcqa,4040,c6f01b71-fe30-41d3-8680-5d08d0b7dd15,qwen3-8b,0,2,False,0.15203941400977783,2,A
medmcqa,4041,c6f01b71-fe30-41d3-8680-5d08d0b7dd15,qwen3-8b,3,3,True,0.1540323100052774,2,D
medmcqa,4042,c6f01b71-fe30-41d3-8680-5d08d0b7dd15,qwen3-8b,2,2,True,0.17071436499827541,2,C
medmcqa,4043,c6f01b71-fe30-41d3-8680-5d08d0b7dd15,qwen3-8b,0,1,False,0.16745724700740539,2,A
medmcqa,4044,c6f01b71-fe30-41d3-8680-5d08d0b7dd15,qwen3-8b,1,1,True,0.15352515899576247,2,B
medmcqa,4045,c6f01b71-fe30-41d3-8680-5d08d0b7dd15,qwen3-8b,0,0,True,0.16884928598301485,2,A
medmcqa,4046,c6f01b71-fe30-41d3-8680-5d08d0b7dd15,qwen3-8b,3,3,True,0.15551023001899011,2,D
medmcqa,4047,c6f01b71-fe30-41d3-8680-5d08d0b7dd15,qwen3-8b,1,0,False,0.1694726909918245,2,B
medmcqa,4048,c6f01b71-fe30-41d3-8680-5d08d0b7dd15,qwen3-8b,1,1,True,0.15713256900198758,2,B
medmcqa,4049,c6f01b71-fe30-41d3-8680-5d08d0b7dd15,qwen3-8b,1,2,False,0.15650699799880385,2,B
medmcqa,4050,c6f01b71-fe30-41d3-8680-5d08d0b7dd15,qwen3-8b,0,0,True,0.1752641309867613,2,A
medmcqa,4051,c6f01b71-fe30-41d3-8680-5d08d0b7dd15,qwen3-8b,1,1,True,0.15319124099914916,2,B
medmcqa,4052,c6f01b71-fe30-41d3-8680-5d08d0b7dd15,qwen3-8b,1,2,False,0.15533574699657038,2,B
medmcqa,4053,c6f01b71-fe30-41d3-8680-5d08d0b7dd15,qwen3-8b,0,1,False,0.15717218900681473,2,A
medmcqa,4054,c6f01b71-fe30-41d3-8680-5d08d0b7dd15,qwen3-8b,3,3,True,0.1526132389844861,2,D
medmcqa,4055,c6f01b71-fe30-41d3-8680-5d08d0b7dd15,qwen3-8b,0,0,True,0.15752003999659792,2,A
medmcqa,4056,c6f01b71-fe30-41d3-8680-5d08d0b7dd15,qwen3-8b,0,3,False,0.1540949219779577,2,A
medmcqa,4057,c6f01b71-fe30-41d3-8680-5d08d0b7dd15,qwen3-8b,2,2,True,0.1596585150109604,2,C
medmcqa,4058,c6f01b71-fe30-41d3-8680-5d08d0b7dd15,qwen3-8b,0,0,True,0.15375453099841252,2,A
medmcqa,4059,c6f01b71-fe30-41d3-8680-5d08d0b7dd15,qwen3-8b,0,0,True,0.15519549598684534,2,A
medmcqa,4060,c6f01b71-fe30-41d3-8680-5d08d0b7dd15,qwen3-8b,3,0,False,0.1536886859976221,2,D
medmcqa,4061,c6f01b71-fe30-41d3-8680-5d08d0b7dd15,qwen3-8b,2,2,True,0.17028689198195934,2,C
medmcqa,4062,c6f01b71-fe30-41d3-8680-5d08d0b7dd15,qwen3-8b,0,0,True,0.16734759000246413,2,A
medmcqa,4063,c6f01b71-fe30-41d3-8680-5d08d0b7dd15,qwen3-8b,1,1,True,0.17037901701405644,2,B
medmcqa,4064,c6f01b71-fe30-41d3-8680-5d08d0b7dd15,qwen3-8b,2,2,True,0.1556350970058702,2,C
medmcqa,4065,c6f01b71-fe30-41d3-8680-5d08d0b7dd15,qwen3-8b,0,0,True,0.15394252398982644,2,A
medmcqa,4066,c6f01b71-fe30-41d3-8680-5d08d0b7dd15,qwen3-8b,2,1,False,0.17080497602000833,2,C
medmcqa,4067,c6f01b71-fe30-41d3-8680-5d08d0b7dd15,qwen3-8b,0,0,True,0.16872789998888038,2,A
medmcqa,4068,c6f01b71-fe30-41d3-8680-5d08d0b7dd15,qwen3-8b,0,0,True,0.17076944498694502,2,A
medmcqa,4069,c6f01b71-fe30-41d3-8680-5d08d0b7dd15,qwen3-8b,2,2,True,0.15238532298826613,2,C
medmcqa,4070,c6f01b71-fe30-41d3-8680-5d08d0b7dd15,qwen3-8b,2,3,False,0.15485807799268514,2,C
medmcqa,4071,c6f01b71-fe30-41d3-8680-5d08d0b7dd15,qwen3-8b,0,3,False,0.1546057870145887,2,A
medmcqa,4072,c6f01b71-fe30-41d3-8680-5d08d0b7dd15,qwen3-8b,0,0,True,0.15568602900020778,2,A
medmcqa,4073,c6f01b71-fe30-41d3-8680-5d08d0b7dd15,qwen3-8b,0,0,True,0.17217952900682576,2,A
medmcqa,4074,c6f01b71-fe30-41d3-8680-5d08d0b7dd15,qwen3-8b,0,0,True,0.15443089499603957,2,A
medmcqa,4075,c6f01b71-fe30-41d3-8680-5d08d0b7dd15,qwen3-8b,0,0,True,0.15745653098565526,2,A
medmcqa,4076,c6f01b71-fe30-41d3-8680-5d08d0b7dd15,qwen3-8b,0,0,True,0.15479845501249656,2,A
medmcqa,4077,c6f01b71-fe30-41d3-8680-5d08d0b7dd15,qwen3-8b,1,1,True,0.15552571101579815,2,B
medmcqa,4078,c6f01b71-fe30-41d3-8680-5d08d0b7dd15,qwen3-8b,3,1,False,0.167585485993186,2,D
medmcqa,4079,c6f01b71-fe30-41d3-8680-5d08d0b7dd15,qwen3-8b,3,3,True,0.172305444983067,2,D
medmcqa,4080,c6f01b71-fe30-41d3-8680-5d08d0b7dd15,qwen3-8b,3,3,True,0.1702198440034408,2,D
medmcqa,4081,c6f01b71-fe30-41d3-8680-5d08d0b7dd15,qwen3-8b,0,0,True,0.16928153298795223,2,A
medmcqa,4082,c6f01b71-fe30-41d3-8680-5d08d0b7dd15,qwen3-8b,0,3,False,0.16784593698685057,2,A
medmcqa,4083,c6f01b71-fe30-41d3-8680-5d08d0b7dd15,qwen3-8b,0,2,False,0.15393528502318077,2,A
medmcqa,4084,c6f01b71-fe30-41d3-8680-5d08d0b7dd15,qwen3-8b,1,1,True,0.15329871300491504,2,B
medmcqa,4085,c6f01b71-fe30-41d3-8680-5d08d0b7dd15,qwen3-8b,1,0,False,0.15367752499878407,2,B
medmcqa,4086,c6f01b71-fe30-41d3-8680-5d08d0b7dd15,qwen3-8b,2,2,True,0.15457870499812998,2,C
medmcqa,4087,c6f01b71-fe30-41d3-8680-5d08d0b7dd15,qwen3-8b,1,3,False,0.15365703901625238,2,B
medmcqa,4088,c6f01b71-fe30-41d3-8680-5d08d0b7dd15,qwen3-8b,1,2,False,0.1707024470088072,2,B
medmcqa,4089,c6f01b71-fe30-41d3-8680-5d08d0b7dd15,qwen3-8b,0,0,True,0.16738892800640315,2,A
medmcqa,4090,c6f01b71-fe30-41d3-8680-5d08d0b7dd15,qwen3-8b,2,2,True,0.15549201000249013,2,C
medmcqa,4091,c6f01b71-fe30-41d3-8680-5d08d0b7dd15,qwen3-8b,3,2,False,0.16998328699264675,2,D
medmcqa,4092,c6f01b71-fe30-41d3-8680-5d08d0b7dd15,qwen3-8b,1,3,False,0.15492126499884762,2,B
medmcqa,4093,c6f01b71-fe30-41d3-8680-5d08d0b7dd15,qwen3-8b,0,0,True,0.17186607600888237,2,A
medmcqa,4094,c6f01b71-fe30-41d3-8680-5d08d0b7dd15,qwen3-8b,3,0,False,0.15741271901060827,2,D
medmcqa,4095,c6f01b71-fe30-41d3-8680-5d08d0b7dd15,qwen3-8b,1,0,False,0.15474552498199046,2,B
medmcqa,4096,c6f01b71-fe30-41d3-8680-5d08d0b7dd15,qwen3-8b,0,2,False,0.15398896200349554,2,A
medmcqa,4097,c6f01b71-fe30-41d3-8680-5d08d0b7dd15,qwen3-8b,1,0,False,0.15959337598178536,2,B
medmcqa,4098,c6f01b71-fe30-41d3-8680-5d08d0b7dd15,qwen3-8b,0,1,False,0.15795416201581247,2,A
medmcqa,4099,c6f01b71-fe30-41d3-8680-5d08d0b7dd15,qwen3-8b,0,2,False,0.155968879989814,2,A
medmcqa,4100,c6f01b71-fe30-41d3-8680-5d08d0b7dd15,qwen3-8b,0,1,False,0.15584567401674576,2,A
medmcqa,4101,c6f01b71-fe30-41d3-8680-5d08d0b7dd15,qwen3-8b,0,0,True,0.1542776710120961,2,A
medmcqa,4102,c6f01b71-fe30-41d3-8680-5d08d0b7dd15,qwen3-8b,0,0,True,0.15313747798791155,2,A
medmcqa,4103,c6f01b71-fe30-41d3-8680-5d08d0b7dd15,qwen3-8b,0,0,True,0.15502636300516315,2,A
medmcqa,4104,c6f01b71-fe30-41d3-8680-5d08d0b7dd15,qwen3-8b,1,0,False,0.15690624999115244,2,B
medmcqa,4105,c6f01b71-fe30-41d3-8680-5d08d0b7dd15,qwen3-8b,0,1,False,0.1525315699982457,2,A
medmcqa,4106,c6f01b71-fe30-41d3-8680-5d08d0b7dd15,qwen3-8b,3,0,False,0.15670631598914042,2,D
medmcqa,4107,c6f01b71-fe30-41d3-8680-5d08d0b7dd15,qwen3-8b,3,2,False,0.15572509000776336,2,D
medmcqa,4108,c6f01b71-fe30-41d3-8680-5d08d0b7dd15,qwen3-8b,0,2,False,0.1549254980054684,2,A
medmcqa,4109,c6f01b71-fe30-41d3-8680-5d08d0b7dd15,qwen3-8b,2,2,True,0.17015785299008712,2,C
medmcqa,4110,c6f01b71-fe30-41d3-8680-5d08d0b7dd15,qwen3-8b,0,2,False,0.1551614970085211,2,A
medmcqa,4111,c6f01b71-fe30-41d3-8680-5d08d0b7dd15,qwen3-8b,1,1,True,0.15517273399746045,2,B
medmcqa,4112,c6f01b71-fe30-41d3-8680-5d08d0b7dd15,qwen3-8b,0,3,False,0.15424272802192718,2,A
medmcqa,4113,c6f01b71-fe30-41d3-8680-5d08d0b7dd15,qwen3-8b,0,0,True,0.1548353669932112,2,A
medmcqa,4114,c6f01b71-fe30-41d3-8680-5d08d0b7dd15,qwen3-8b,0,0,True,0.1695763279858511,2,A
medmcqa,4115,c6f01b71-fe30-41d3-8680-5d08d0b7dd15,qwen3-8b,2,1,False,0.15520284802187234,2,C
medmcqa,4116,c6f01b71-fe30-41d3-8680-5d08d0b7dd15,qwen3-8b,3,3,True,0.15798874699976295,2,D
medmcqa,4117,c6f01b71-fe30-41d3-8680-5d08d0b7dd15,qwen3-8b,2,2,True,0.15656900699832477,2,C
medmcqa,4118,c6f01b71-fe30-41d3-8680-5d08d0b7dd15,qwen3-8b,0,0,True,0.15571903900126927,2,A
medmcqa,4119,c6f01b71-fe30-41d3-8680-5d08d0b7dd15,qwen3-8b,3,3,True,0.1583250600087922,2,D
medmcqa,4120,c6f01b71-fe30-41d3-8680-5d08d0b7dd15,qwen3-8b,2,2,True,0.15539356600493193,2,C
medmcqa,4121,c6f01b71-fe30-41d3-8680-5d08d0b7dd15,qwen3-8b,1,1,True,0.15206320301513188,2,B
medmcqa,4122,c6f01b71-fe30-41d3-8680-5d08d0b7dd15,qwen3-8b,2,1,False,0.1528138260182459,2,C
medmcqa,4123,c6f01b71-fe30-41d3-8680-5d08d0b7dd15,qwen3-8b,0,0,True,0.1734862519952003,2,A
medmcqa,4124,c6f01b71-fe30-41d3-8680-5d08d0b7dd15,qwen3-8b,3,2,False,0.1539349700033199,2,D
medmcqa,4125,c6f01b71-fe30-41d3-8680-5d08d0b7dd15,qwen3-8b,2,2,True,0.1515005199762527,2,C
medmcqa,4126,c6f01b71-fe30-41d3-8680-5d08d0b7dd15,qwen3-8b,0,0,True,0.15419842800474726,2,A
medmcqa,4127,c6f01b71-fe30-41d3-8680-5d08d0b7dd15,qwen3-8b,1,0,False,0.15389885701006278,2,B
medmcqa,4128,c6f01b71-fe30-41d3-8680-5d08d0b7dd15,qwen3-8b,3,3,True,0.15349942998727784,2,D
medmcqa,4129,c6f01b71-fe30-41d3-8680-5d08d0b7dd15,qwen3-8b,0,2,False,0.17076509798062034,2,A
medmcqa,4130,c6f01b71-fe30-41d3-8680-5d08d0b7dd15,qwen3-8b,2,2,True,0.15624494999065064,2,C
medmcqa,4131,c6f01b71-fe30-41d3-8680-5d08d0b7dd15,qwen3-8b,1,2,False,0.16882061201613396,2,B
medmcqa,4132,c6f01b71-fe30-41d3-8680-5d08d0b7dd15,qwen3-8b,2,2,True,0.16965097398497164,2,C
medmcqa,4133,c6f01b71-fe30-41d3-8680-5d08d0b7dd15,qwen3-8b,1,0,False,0.15286215898231603,2,B
medmcqa,4134,c6f01b71-fe30-41d3-8680-5d08d0b7dd15,qwen3-8b,0,2,False,0.15285651499289088,2,A
medmcqa,4135,c6f01b71-fe30-41d3-8680-5d08d0b7dd15,qwen3-8b,3,3,True,0.16965629198239185,2,D
medmcqa,4136,c6f01b71-fe30-41d3-8680-5d08d0b7dd15,qwen3-8b,3,1,False,0.1580022360139992,2,D
medmcqa,4137,c6f01b71-fe30-41d3-8680-5d08d0b7dd15,qwen3-8b,2,0,False,0.15444093602127396,2,C
medmcqa,4138,c6f01b71-fe30-41d3-8680-5d08d0b7dd15,qwen3-8b,0,0,True,0.15513858399935998,2,A
medmcqa,4139,c6f01b71-fe30-41d3-8680-5d08d0b7dd15,qwen3-8b,0,2,False,0.1583334000024479,2,A
medmcqa,4140,c6f01b71-fe30-41d3-8680-5d08d0b7dd15,qwen3-8b,0,0,True,0.1671514910121914,2,A
medmcqa,4141,c6f01b71-fe30-41d3-8680-5d08d0b7dd15,qwen3-8b,1,1,True,0.18128909199731424,2,B
medmcqa,4142,c6f01b71-fe30-41d3-8680-5d08d0b7dd15,qwen3-8b,1,1,True,0.15509613399626687,2,B
medmcqa,4143,c6f01b71-fe30-41d3-8680-5d08d0b7dd15,qwen3-8b,1,1,True,0.16249343298841268,2,B
medmcqa,4144,c6f01b71-fe30-41d3-8680-5d08d0b7dd15,qwen3-8b,1,2,False,0.19889856400550343,2,B
medmcqa,4145,c6f01b71-fe30-41d3-8680-5d08d0b7dd15,qwen3-8b,0,0,True,0.17353117500897497,2,A
medmcqa,4146,c6f01b71-fe30-41d3-8680-5d08d0b7dd15,qwen3-8b,0,0,True,0.17869771501864307,2,A
medmcqa,4147,c6f01b71-fe30-41d3-8680-5d08d0b7dd15,qwen3-8b,2,3,False,0.20210158999543637,2,C
medmcqa,4148,c6f01b71-fe30-41d3-8680-5d08d0b7dd15,qwen3-8b,3,3,True,0.15533872399828397,2,D
medmcqa,4149,c6f01b71-fe30-41d3-8680-5d08d0b7dd15,qwen3-8b,0,0,True,0.19100273700314574,2,A
medmcqa,4150,c6f01b71-fe30-41d3-8680-5d08d0b7dd15,qwen3-8b,3,3,True,0.19464229099685326,2,D
medmcqa,4151,c6f01b71-fe30-41d3-8680-5d08d0b7dd15,qwen3-8b,3,3,True,0.18270415501319803,2,D
medmcqa,4152,c6f01b71-fe30-41d3-8680-5d08d0b7dd15,qwen3-8b,3,0,False,0.16118583199568093,2,D
medmcqa,4153,c6f01b71-fe30-41d3-8680-5d08d0b7dd15,qwen3-8b,2,2,True,0.15186977901612408,2,C
medmcqa,4154,c6f01b71-fe30-41d3-8680-5d08d0b7dd15,qwen3-8b,0,0,True,0.1785925470176153,2,A
medmcqa,4155,c6f01b71-fe30-41d3-8680-5d08d0b7dd15,qwen3-8b,0,0,True,0.18179447200964205,2,A
medmcqa,4156,c6f01b71-fe30-41d3-8680-5d08d0b7dd15,qwen3-8b,0,1,False,0.1640222359856125,2,A
medmcqa,4157,c6f01b71-fe30-41d3-8680-5d08d0b7dd15,qwen3-8b,0,0,True,0.15527764102444053,2,A
medmcqa,4158,c6f01b71-fe30-41d3-8680-5d08d0b7dd15,qwen3-8b,1,1,True,0.16745341100613587,2,B
medmcqa,4159,c6f01b71-fe30-41d3-8680-5d08d0b7dd15,qwen3-8b,2,2,True,0.1769001560169272,2,C
medmcqa,4160,c6f01b71-fe30-41d3-8680-5d08d0b7dd15,qwen3-8b,3,0,False,0.1621084950165823,2,D
medmcqa,4161,c6f01b71-fe30-41d3-8680-5d08d0b7dd15,qwen3-8b,0,0,True,0.1914425219874829,2,A
medmcqa,4162,c6f01b71-fe30-41d3-8680-5d08d0b7dd15,qwen3-8b,1,1,True,0.15833387101884,2,B
medmcqa,4163,c6f01b71-fe30-41d3-8680-5d08d0b7dd15,qwen3-8b,2,2,True,0.1746776300133206,2,C
medmcqa,4164,c6f01b71-fe30-41d3-8680-5d08d0b7dd15,qwen3-8b,1,1,True,0.15864097297890112,2,B
medmcqa,4165,c6f01b71-fe30-41d3-8680-5d08d0b7dd15,qwen3-8b,3,0,False,0.17306834197370335,2,D
medmcqa,4166,c6f01b71-fe30-41d3-8680-5d08d0b7dd15,qwen3-8b,0,3,False,0.18963068700395525,2,A
medmcqa,4167,c6f01b71-fe30-41d3-8680-5d08d0b7dd15,qwen3-8b,1,1,True,0.15262854797765613,2,B
medmcqa,4168,c6f01b71-fe30-41d3-8680-5d08d0b7dd15,qwen3-8b,0,2,False,0.155688133003423,2,A
medmcqa,4169,c6f01b71-fe30-41d3-8680-5d08d0b7dd15,qwen3-8b,1,3,False,0.17538977199001238,2,B
medmcqa,4170,c6f01b71-fe30-41d3-8680-5d08d0b7dd15,qwen3-8b,0,0,True,0.1575950119877234,2,A
medmcqa,4171,c6f01b71-fe30-41d3-8680-5d08d0b7dd15,qwen3-8b,0,1,False,0.19889910297933966,2,A
medmcqa,4172,c6f01b71-fe30-41d3-8680-5d08d0b7dd15,qwen3-8b,0,1,False,0.15689517400460318,2,A
medmcqa,4173,c6f01b71-fe30-41d3-8680-5d08d0b7dd15,qwen3-8b,0,0,True,0.1557045640074648,2,A
medmcqa,4174,c6f01b71-fe30-41d3-8680-5d08d0b7dd15,qwen3-8b,1,0,False,0.17121862000203691,2,B
medmcqa,4175,c6f01b71-fe30-41d3-8680-5d08d0b7dd15,qwen3-8b,0,2,False,0.1620062330039218,2,A
medmcqa,4176,c6f01b71-fe30-41d3-8680-5d08d0b7dd15,qwen3-8b,0,1,False,0.1575184499961324,2,A
medmcqa,4177,c6f01b71-fe30-41d3-8680-5d08d0b7dd15,qwen3-8b,0,1,False,0.16320570898824371,2,A
medmcqa,4178,c6f01b71-fe30-41d3-8680-5d08d0b7dd15,qwen3-8b,1,0,False,0.1691703440155834,2,B
medmcqa,4179,c6f01b71-fe30-41d3-8680-5d08d0b7dd15,qwen3-8b,0,3,False,0.17439013998955488,2,A
medmcqa,4180,c6f01b71-fe30-41d3-8680-5d08d0b7dd15,qwen3-8b,0,0,True,0.15774979698471725,2,A
medmcqa,4181,c6f01b71-fe30-41d3-8680-5d08d0b7dd15,qwen3-8b,3,1,False,0.17099657200742513,2,D
medmcqa,4182,c6f01b71-fe30-41d3-8680-5d08d0b7dd15,qwen3-8b,0,0,True,0.15708898098091595,2,A
