dataset,sample_id,prompt_id,model,prediction,ground_truth,correct,latency_seconds,generated_tokens,raw_response
medqa,0,c6f01b71-fe30-41d3-8680-5d08d0b7dd15,qwen3-8b,0,1,False,1.8499267750012223,2,A
medqa,1,c6f01b71-fe30-41d3-8680-5d08d0b7dd15,qwen3-8b,2,3,False,0.19381013402016833,2,C
medqa,2,c6f01b71-fe30-41d3-8680-5d08d0b7dd15,qwen3-8b,1,1,True,0.2583890200185124,2,B
medqa,3,c6f01b71-fe30-41d3-8680-5d08d0b7dd15,qwen3-8b,0,3,False,0.250451742002042,2,A
medqa,4,c6f01b71-fe30-41d3-8680-5d08d0b7dd15,qwen3-8b,1,1,True,0.20853363300557248,2,B
medqa,5,c6f01b71-fe30-41d3-8680-5d08d0b7dd15,qwen3-8b,3,3,True,0.1915250379825011,2,D
medqa,6,c6f01b71-fe30-41d3-8680-5d08d0b7dd15,qwen3-8b,0,2,False,0.19048669902258553,2,A
medqa,7,c6f01b71-fe30-41d3-8680-5d08d0b7dd15,qwen3-8b,2,2,True,0.20727399998577312,2,C
medqa,8,c6f01b71-fe30-41d3-8680-5d08d0b7dd15,qwen3-8b,0,1,False,0.18821054600994103,2,A
medqa,9,c6f01b71-fe30-41d3-8680-5d08d0b7dd15,qwen3-8b,1,0,False,0.1709739790239837,2,B
medqa,10,c6f01b71-fe30-41d3-8680-5d08d0b7dd15,qwen3-8b,3,3,True,0.2261710760067217,2,D
medqa,11,c6f01b71-fe30-41d3-8680-5d08d0b7dd15,qwen3-8b,3,3,True,0.2301764989970252,2,D
medqa,12,c6f01b71-fe30-41d3-8680-5d08d0b7dd15,qwen3-8b,1,1,True,0.19271426400518976,2,B
medqa,13,c6f01b71-fe30-41d3-8680-5d08d0b7dd15,qwen3-8b,3,3,True,0.18946828300249763,2,D
medqa,14,c6f01b71-fe30-41d3-8680-5d08d0b7dd15,qwen3-8b,3,2,False,0.19109719601692632,2,D
medqa,15,c6f01b71-fe30-41d3-8680-5d08d0b7dd15,qwen3-8b,1,1,True,0.2062358109978959,2,B
medqa,16,c6f01b71-fe30-41d3-8680-5d08d0b7dd15,qwen3-8b,2,3,False,0.2078056000173092,2,C
medqa,17,c6f01b71-fe30-41d3-8680-5d08d0b7dd15,qwen3-8b,3,3,True,0.208912236004835,2,D
medqa,18,c6f01b71-fe30-41d3-8680-5d08d0b7dd15,qwen3-8b,1,1,True,0.20616785800666548,2,B
medqa,19,c6f01b71-fe30-41d3-8680-5d08d0b7dd15,qwen3-8b,1,3,False,0.1952764650050085,2,B
medqa,20,c6f01b71-fe30-41d3-8680-5d08d0b7dd15,qwen3-8b,2,2,True,0.20532319898484275,2,C
medqa,21,c6f01b71-fe30-41d3-8680-5d08d0b7dd15,qwen3-8b,0,0,True,0.19000354199670255,2,A
medqa,22,c6f01b71-fe30-41d3-8680-5d08d0b7dd15,qwen3-8b,2,2,True,0.21017768600722775,2,C
medqa,23,c6f01b71-fe30-41d3-8680-5d08d0b7dd15,qwen3-8b,0,3,False,0.228408283990575,2,A
medqa,24,c6f01b71-fe30-41d3-8680-5d08d0b7dd15,qwen3-8b,3,0,False,0.25429612799780443,2,D
medqa,25,c6f01b71-fe30-41d3-8680-5d08d0b7dd15,qwen3-8b,3,3,True,0.17182263499125838,2,D
medqa,26,c6f01b71-fe30-41d3-8680-5d08d0b7dd15,qwen3-8b,2,3,False,0.20827348102466203,2,C
medqa,27,c6f01b71-fe30-41d3-8680-5d08d0b7dd15,qwen3-8b,0,0,True,0.2086612589773722,2,A
medqa,28,c6f01b71-fe30-41d3-8680-5d08d0b7dd15,qwen3-8b,3,3,True,0.2288906800094992,2,D
medqa,29,c6f01b71-fe30-41d3-8680-5d08d0b7dd15,qwen3-8b,0,2,False,0.20976345802773722,2,A
medqa,30,c6f01b71-fe30-41d3-8680-5d08d0b7dd15,qwen3-8b,3,3,True,0.2289974300074391,2,D
medqa,31,c6f01b71-fe30-41d3-8680-5d08d0b7dd15,qwen3-8b,0,2,False,0.18748775802669115,2,A
medqa,32,c6f01b71-fe30-41d3-8680-5d08d0b7dd15,qwen3-8b,2,3,False,0.2094360220071394,2,C
medqa,33,c6f01b71-fe30-41d3-8680-5d08d0b7dd15,qwen3-8b,3,1,False,0.19121255198842846,2,D
medqa,34,c6f01b71-fe30-41d3-8680-5d08d0b7dd15,qwen3-8b,0,0,True,0.2536307090194896,2,A
medqa,35,c6f01b71-fe30-41d3-8680-5d08d0b7dd15,qwen3-8b,0,0,True,0.18889972599572502,2,A
medqa,36,c6f01b71-fe30-41d3-8680-5d08d0b7dd15,qwen3-8b,2,3,False,0.170226835005451,2,C
medqa,37,c6f01b71-fe30-41d3-8680-5d08d0b7dd15,qwen3-8b,0,0,True,0.17290525199496187,2,A
medqa,38,c6f01b71-fe30-41d3-8680-5d08d0b7dd15,qwen3-8b,3,3,True,0.22875562598346733,2,D
medqa,39,c6f01b71-fe30-41d3-8680-5d08d0b7dd15,qwen3-8b,3,0,False,0.18959407301736064,2,D
medqa,40,c6f01b71-fe30-41d3-8680-5d08d0b7dd15,qwen3-8b,2,2,True,0.22918382799252868,2,C
medqa,41,c6f01b71-fe30-41d3-8680-5d08d0b7dd15,qwen3-8b,2,2,True,0.27108494300046004,2,C
medqa,42,c6f01b71-fe30-41d3-8680-5d08d0b7dd15,qwen3-8b,0,0,True,0.23058037098962814,2,A
medqa,43,c6f01b71-fe30-41d3-8680-5d08d0b7dd15,qwen3-8b,2,1,False,0.16639797599054873,2,C
medqa,44,c6f01b71-fe30-41d3-8680-5d08d0b7dd15,qwen3-8b,0,0,True,0.22672718501416966,2,A
medqa,45,c6f01b71-fe30-41d3-8680-5d08d0b7dd15,qwen3-8b,3,3,True,0.20699505199445412,2,D
medqa,46,c6f01b71-fe30-41d3-8680-5d08d0b7dd15,qwen3-8b,1,2,False,0.2073406999988947,2,B
medqa,47,c6f01b71-fe30-41d3-8680-5d08d0b7dd15,qwen3-8b,2,0,False,0.22584435198223218,2,C
medqa,48,c6f01b71-fe30-41d3-8680-5d08d0b7dd15,qwen3-8b,1,1,True,0.21108782797819003,2,B
medqa,49,c6f01b71-fe30-41d3-8680-5d08d0b7dd15,qwen3-8b,2,2,True,0.2081588750006631,2,C
medqa,50,c6f01b71-fe30-41d3-8680-5d08d0b7dd15,qwen3-8b,3,3,True,0.16915852401871234,2,D
medqa,51,c6f01b71-fe30-41d3-8680-5d08d0b7dd15,qwen3-8b,0,0,True,0.23002471099607646,2,A
medqa,52,c6f01b71-fe30-41d3-8680-5d08d0b7dd15,qwen3-8b,3,3,True,0.19194920200970955,2,D
medqa,53,c6f01b71-fe30-41d3-8680-5d08d0b7dd15,qwen3-8b,2,2,True,0.17089450999628752,2,C
medqa,54,c6f01b71-fe30-41d3-8680-5d08d0b7dd15,qwen3-8b,0,0,True,0.18937091500265524,2,A
medqa,55,c6f01b71-fe30-41d3-8680-5d08d0b7dd15,qwen3-8b,0,0,True,0.20655311798327602,2,A
medqa,56,c6f01b71-fe30-41d3-8680-5d08d0b7dd15,qwen3-8b,2,2,True,0.16927006500191055,2,C
medqa,57,c6f01b71-fe30-41d3-8680-5d08d0b7dd15,qwen3-8b,3,1,False,0.19499969499884173,2,D
medqa,58,c6f01b71-fe30-41d3-8680-5d08d0b7dd15,qwen3-8b,2,2,True,0.27121442000498064,2,C
medqa,59,c6f01b71-fe30-41d3-8680-5d08d0b7dd15,qwen3-8b,2,0,False,0.20884407899575308,2,C
medqa,60,c6f01b71-fe30-41d3-8680-5d08d0b7dd15,qwen3-8b,2,2,True,0.190245739009697,2,C
medqa,61,c6f01b71-fe30-41d3-8680-5d08d0b7dd15,qwen3-8b,0,0,True,0.16885806698701344,2,A
medqa,62,c6f01b71-fe30-41d3-8680-5d08d0b7dd15,qwen3-8b,0,3,False,0.20858915499411523,2,A
medqa,63,c6f01b71-fe30-41d3-8680-5d08d0b7dd15,qwen3-8b,0,0,True,0.2520230629888829,2,A
medqa,64,c6f01b71-fe30-41d3-8680-5d08d0b7dd15,qwen3-8b,3,0,False,0.20913444401230663,2,D
medqa,65,c6f01b71-fe30-41d3-8680-5d08d0b7dd15,qwen3-8b,1,1,True,0.1934303119778633,2,B
medqa,66,c6f01b71-fe30-41d3-8680-5d08d0b7dd15,qwen3-8b,2,2,True,0.2066781860194169,2,C
medqa,67,c6f01b71-fe30-41d3-8680-5d08d0b7dd15,qwen3-8b,1,1,True,0.22891584000899456,2,B
medqa,68,c6f01b71-fe30-41d3-8680-5d08d0b7dd15,qwen3-8b,0,3,False,0.2152149099856615,2,A
medqa,69,c6f01b71-fe30-41d3-8680-5d08d0b7dd15,qwen3-8b,0,0,True,0.2197409369982779,2,A
medqa,70,c6f01b71-fe30-41d3-8680-5d08d0b7dd15,qwen3-8b,0,0,True,0.271808546007378,2,A
medqa,71,c6f01b71-fe30-41d3-8680-5d08d0b7dd15,qwen3-8b,0,0,True,0.21070450800471008,2,A
medqa,72,c6f01b71-fe30-41d3-8680-5d08d0b7dd15,qwen3-8b,0,2,False,0.27076955800293945,2,A
medqa,73,c6f01b71-fe30-41d3-8680-5d08d0b7dd15,qwen3-8b,1,1,True,0.19014293799409643,2,B
medqa,74,c6f01b71-fe30-41d3-8680-5d08d0b7dd15,qwen3-8b,0,2,False,0.23095224099233747,2,A
medqa,75,c6f01b71-fe30-41d3-8680-5d08d0b7dd15,qwen3-8b,3,0,False,0.19079138699453324,2,D
medqa,76,c6f01b71-fe30-41d3-8680-5d08d0b7dd15,qwen3-8b,1,1,True,0.21226172702154145,2,B
medqa,77,c6f01b71-fe30-41d3-8680-5d08d0b7dd15,qwen3-8b,0,1,False,0.19706148299155757,2,A
medqa,78,c6f01b71-fe30-41d3-8680-5d08d0b7dd15,qwen3-8b,1,2,False,0.19739853299688548,2,B
medqa,79,c6f01b71-fe30-41d3-8680-5d08d0b7dd15,qwen3-8b,3,2,False,0.23187265498563647,2,D
medqa,80,c6f01b71-fe30-41d3-8680-5d08d0b7dd15,qwen3-8b,1,1,True,0.17389561599702574,2,B
medqa,81,c6f01b71-fe30-41d3-8680-5d08d0b7dd15,qwen3-8b,3,0,False,0.19429681001929566,2,D
medqa,82,c6f01b71-fe30-41d3-8680-5d08d0b7dd15,qwen3-8b,2,2,True,0.19590827301726677,2,C
medqa,83,c6f01b71-fe30-41d3-8680-5d08d0b7dd15,qwen3-8b,0,0,True,0.23668273698422126,2,A
medqa,84,c6f01b71-fe30-41d3-8680-5d08d0b7dd15,qwen3-8b,0,2,False,0.21804796499782242,2,A
medqa,85,c6f01b71-fe30-41d3-8680-5d08d0b7dd15,qwen3-8b,1,1,True,0.21203227699152194,2,B
medqa,86,c6f01b71-fe30-41d3-8680-5d08d0b7dd15,qwen3-8b,2,2,True,0.21405696801957674,2,C
medqa,87,c6f01b71-fe30-41d3-8680-5d08d0b7dd15,qwen3-8b,2,2,True,0.27522390498779714,2,C
medqa,88,c6f01b71-fe30-41d3-8680-5d08d0b7dd15,qwen3-8b,2,2,True,0.2316077509894967,2,C
medqa,89,c6f01b71-fe30-41d3-8680-5d08d0b7dd15,qwen3-8b,1,1,True,0.22916732297744602,2,B
medqa,90,c6f01b71-fe30-41d3-8680-5d08d0b7dd15,qwen3-8b,3,3,True,0.21262083199690096,2,D
medqa,91,c6f01b71-fe30-41d3-8680-5d08d0b7dd15,qwen3-8b,1,1,True,0.19481593699310906,2,B
medqa,92,c6f01b71-fe30-41d3-8680-5d08d0b7dd15,qwen3-8b,2,2,True,0.19239728699903935,2,C
medqa,93,c6f01b71-fe30-41d3-8680-5d08d0b7dd15,qwen3-8b,3,3,True,0.22959369700402021,2,D
medqa,94,c6f01b71-fe30-41d3-8680-5d08d0b7dd15,qwen3-8b,2,2,True,0.2323504330124706,2,C
medqa,95,c6f01b71-fe30-41d3-8680-5d08d0b7dd15,qwen3-8b,2,3,False,0.210890414979076,2,C
medqa,96,c6f01b71-fe30-41d3-8680-5d08d0b7dd15,qwen3-8b,0,0,True,0.21254906500689685,2,A
medqa,97,c6f01b71-fe30-41d3-8680-5d08d0b7dd15,qwen3-8b,1,1,True,0.19501141499495134,2,B
medqa,98,c6f01b71-fe30-41d3-8680-5d08d0b7dd15,qwen3-8b,1,1,True,0.19110290499520488,2,B
medqa,99,c6f01b71-fe30-41d3-8680-5d08d0b7dd15,qwen3-8b,1,1,True,0.19116633001249284,2,B
medqa,100,c6f01b71-fe30-41d3-8680-5d08d0b7dd15,qwen3-8b,1,3,False,0.23135920698405243,2,B
medqa,101,c6f01b71-fe30-41d3-8680-5d08d0b7dd15,qwen3-8b,0,0,True,0.19498179998481646,2,A
medqa,102,c6f01b71-fe30-41d3-8680-5d08d0b7dd15,qwen3-8b,2,0,False,0.16986981499940157,2,C
medqa,103,c6f01b71-fe30-41d3-8680-5d08d0b7dd15,qwen3-8b,0,0,True,0.23144187100115232,2,A
medqa,104,c6f01b71-fe30-41d3-8680-5d08d0b7dd15,qwen3-8b,1,1,True,0.21632661001058295,2,B
medqa,105,c6f01b71-fe30-41d3-8680-5d08d0b7dd15,qwen3-8b,1,1,True,0.18954305798979476,2,B
medqa,106,c6f01b71-fe30-41d3-8680-5d08d0b7dd15,qwen3-8b,0,1,False,0.2074698520009406,2,A
medqa,107,c6f01b71-fe30-41d3-8680-5d08d0b7dd15,qwen3-8b,0,0,True,0.19244988900027238,2,A
medqa,108,c6f01b71-fe30-41d3-8680-5d08d0b7dd15,qwen3-8b,2,3,False,0.19121791500947438,2,C
medqa,109,c6f01b71-fe30-41d3-8680-5d08d0b7dd15,qwen3-8b,0,1,False,0.23250666199601255,2,A
medqa,110,c6f01b71-fe30-41d3-8680-5d08d0b7dd15,qwen3-8b,2,2,True,0.2725054099864792,2,C
medqa,111,c6f01b71-fe30-41d3-8680-5d08d0b7dd15,qwen3-8b,1,1,True,0.23000742099247873,2,B
medqa,112,c6f01b71-fe30-41d3-8680-5d08d0b7dd15,qwen3-8b,0,1,False,0.21095759700983763,2,A
medqa,113,c6f01b71-fe30-41d3-8680-5d08d0b7dd15,qwen3-8b,2,2,True,0.20910353198996745,2,C
medqa,114,c6f01b71-fe30-41d3-8680-5d08d0b7dd15,qwen3-8b,1,2,False,0.2128362319781445,2,B
medqa,115,c6f01b71-fe30-41d3-8680-5d08d0b7dd15,qwen3-8b,3,3,True,0.17219714101520367,2,D
medqa,116,c6f01b71-fe30-41d3-8680-5d08d0b7dd15,qwen3-8b,0,2,False,0.1922663569857832,2,A
medqa,117,c6f01b71-fe30-41d3-8680-5d08d0b7dd15,qwen3-8b,2,2,True,0.25161742098862305,2,C
medqa,118,c6f01b71-fe30-41d3-8680-5d08d0b7dd15,qwen3-8b,3,3,True,0.22971708100521937,2,D
medqa,119,c6f01b71-fe30-41d3-8680-5d08d0b7dd15,qwen3-8b,3,2,False,0.2063787939841859,2,D
medqa,120,c6f01b71-fe30-41d3-8680-5d08d0b7dd15,qwen3-8b,3,3,True,0.2089399159885943,2,D
medqa,121,c6f01b71-fe30-41d3-8680-5d08d0b7dd15,qwen3-8b,0,0,True,0.2093212119943928,2,A
medqa,122,c6f01b71-fe30-41d3-8680-5d08d0b7dd15,qwen3-8b,3,3,True,0.20627424502163194,2,D
medqa,123,c6f01b71-fe30-41d3-8680-5d08d0b7dd15,qwen3-8b,0,0,True,0.22888826701091602,2,A
medqa,124,c6f01b71-fe30-41d3-8680-5d08d0b7dd15,qwen3-8b,1,1,True,0.17404610197991133,2,B
medqa,125,c6f01b71-fe30-41d3-8680-5d08d0b7dd15,qwen3-8b,0,0,True,0.206598322984064,2,A
medqa,126,c6f01b71-fe30-41d3-8680-5d08d0b7dd15,qwen3-8b,0,0,True,0.23183797500678338,2,A
medqa,127,c6f01b71-fe30-41d3-8680-5d08d0b7dd15,qwen3-8b,2,2,True,0.193061879981542,2,C
medqa,128,c6f01b71-fe30-41d3-8680-5d08d0b7dd15,qwen3-8b,1,0,False,0.23316850597620942,2,B
medqa,129,c6f01b71-fe30-41d3-8680-5d08d0b7dd15,qwen3-8b,1,0,False,0.23211033002007753,2,B
medqa,130,c6f01b71-fe30-41d3-8680-5d08d0b7dd15,qwen3-8b,1,1,True,0.2295226939895656,2,B
medqa,131,c6f01b71-fe30-41d3-8680-5d08d0b7dd15,qwen3-8b,1,1,True,0.1913955199997872,2,B
medqa,132,c6f01b71-fe30-41d3-8680-5d08d0b7dd15,qwen3-8b,0,0,True,0.2270028429920785,2,A
medqa,133,c6f01b71-fe30-41d3-8680-5d08d0b7dd15,qwen3-8b,1,1,True,0.18976882498827763,2,B
medqa,134,c6f01b71-fe30-41d3-8680-5d08d0b7dd15,qwen3-8b,0,0,True,0.1888384780031629,2,A
medqa,135,c6f01b71-fe30-41d3-8680-5d08d0b7dd15,qwen3-8b,2,2,True,0.19162747499649413,2,C
medqa,136,c6f01b71-fe30-41d3-8680-5d08d0b7dd15,qwen3-8b,2,2,True,0.1903231120086275,2,C
medqa,137,c6f01b71-fe30-41d3-8680-5d08d0b7dd15,qwen3-8b,2,3,False,0.20806824500323273,2,C
medqa,138,c6f01b71-fe30-41d3-8680-5d08d0b7dd15,qwen3-8b,1,1,True,0.2072803130140528,2,B
medqa,139,c6f01b71-fe30-41d3-8680-5d08d0b7dd15,qwen3-8b,2,3,False,0.19138873400515877,2,C
medqa,140,c6f01b71-fe30-41d3-8680-5d08d0b7dd15,qwen3-8b,0,2,False,0.20631339499959722,2,A
medqa,141,c6f01b71-fe30-41d3-8680-5d08d0b7dd15,qwen3-8b,3,0,False,0.2703422380145639,2,D
medqa,142,c6f01b71-fe30-41d3-8680-5d08d0b7dd15,qwen3-8b,0,0,True,0.18934270899626426,2,A
medqa,143,c6f01b71-fe30-41d3-8680-5d08d0b7dd15,qwen3-8b,1,1,True,0.22193009298644029,2,B
medqa,144,c6f01b71-fe30-41d3-8680-5d08d0b7dd15,qwen3-8b,0,2,False,0.21369497798150405,2,A
medqa,145,c6f01b71-fe30-41d3-8680-5d08d0b7dd15,qwen3-8b,2,3,False,0.2197061349870637,2,C
medqa,146,c6f01b71-fe30-41d3-8680-5d08d0b7dd15,qwen3-8b,3,2,False,0.2165733959991485,2,D
medqa,147,c6f01b71-fe30-41d3-8680-5d08d0b7dd15,qwen3-8b,3,3,True,0.23117560398532078,2,D
medqa,148,c6f01b71-fe30-41d3-8680-5d08d0b7dd15,qwen3-8b,1,1,True,0.20599490599124692,2,B
medqa,149,c6f01b71-fe30-41d3-8680-5d08d0b7dd15,qwen3-8b,3,3,True,0.24650781400850974,2,D
medqa,150,c6f01b71-fe30-41d3-8680-5d08d0b7dd15,qwen3-8b,0,0,True,0.23760334099642932,2,A
medqa,151,c6f01b71-fe30-41d3-8680-5d08d0b7dd15,qwen3-8b,3,3,True,0.17758380898158066,2,D
medqa,152,c6f01b71-fe30-41d3-8680-5d08d0b7dd15,qwen3-8b,3,0,False,0.22408000502036884,2,D
medqa,153,c6f01b71-fe30-41d3-8680-5d08d0b7dd15,qwen3-8b,0,0,True,0.21379907600930892,2,A
medqa,154,c6f01b71-fe30-41d3-8680-5d08d0b7dd15,qwen3-8b,2,2,True,0.20776698499685153,2,C
medqa,155,c6f01b71-fe30-41d3-8680-5d08d0b7dd15,qwen3-8b,3,3,True,0.24562953898566775,2,D
medqa,156,c6f01b71-fe30-41d3-8680-5d08d0b7dd15,qwen3-8b,0,1,False,0.25521550700068474,2,A
medqa,157,c6f01b71-fe30-41d3-8680-5d08d0b7dd15,qwen3-8b,0,0,True,0.22766270898864605,2,A
medqa,158,c6f01b71-fe30-41d3-8680-5d08d0b7dd15,qwen3-8b,2,2,True,0.29131134098861367,2,C
medqa,159,c6f01b71-fe30-41d3-8680-5d08d0b7dd15,qwen3-8b,1,1,True,0.2649508739996236,2,B
medqa,160,c6f01b71-fe30-41d3-8680-5d08d0b7dd15,qwen3-8b,0,2,False,0.23106281398213468,2,A
medqa,161,c6f01b71-fe30-41d3-8680-5d08d0b7dd15,qwen3-8b,1,1,True,0.20739999099168926,2,B
medqa,162,c6f01b71-fe30-41d3-8680-5d08d0b7dd15,qwen3-8b,3,2,False,0.19204930498381145,2,D
medqa,163,c6f01b71-fe30-41d3-8680-5d08d0b7dd15,qwen3-8b,2,0,False,0.20891482901060954,2,C
medqa,164,c6f01b71-fe30-41d3-8680-5d08d0b7dd15,qwen3-8b,0,0,True,0.23710461900918745,2,A
medqa,165,c6f01b71-fe30-41d3-8680-5d08d0b7dd15,qwen3-8b,0,1,False,0.22844382200855762,2,A
medqa,166,c6f01b71-fe30-41d3-8680-5d08d0b7dd15,qwen3-8b,0,1,False,0.22893986399867572,2,A
medqa,167,c6f01b71-fe30-41d3-8680-5d08d0b7dd15,qwen3-8b,2,2,True,0.20879291501478292,2,C
medqa,168,c6f01b71-fe30-41d3-8680-5d08d0b7dd15,qwen3-8b,1,1,True,0.2194092260033358,2,B
medqa,169,c6f01b71-fe30-41d3-8680-5d08d0b7dd15,qwen3-8b,2,2,True,0.19743043900234625,2,C
medqa,170,c6f01b71-fe30-41d3-8680-5d08d0b7dd15,qwen3-8b,2,2,True,0.21498614401207305,2,C
medqa,171,c6f01b71-fe30-41d3-8680-5d08d0b7dd15,qwen3-8b,3,3,True,0.21943438600283116,2,D
medqa,172,c6f01b71-fe30-41d3-8680-5d08d0b7dd15,qwen3-8b,1,2,False,0.20398126399959438,2,B
medqa,173,c6f01b71-fe30-41d3-8680-5d08d0b7dd15,qwen3-8b,0,0,True,0.2265298319980502,2,A
medqa,174,c6f01b71-fe30-41d3-8680-5d08d0b7dd15,qwen3-8b,3,3,True,0.22928880198742263,2,D
medqa,175,c6f01b71-fe30-41d3-8680-5d08d0b7dd15,qwen3-8b,0,3,False,0.22732051298953593,2,A
medqa,176,c6f01b71-fe30-41d3-8680-5d08d0b7dd15,qwen3-8b,3,3,True,0.2097947170259431,2,D
medqa,177,c6f01b71-fe30-41d3-8680-5d08d0b7dd15,qwen3-8b,2,2,True,0.23936638800660148,2,C
medqa,178,c6f01b71-fe30-41d3-8680-5d08d0b7dd15,qwen3-8b,2,3,False,0.20812674600165337,2,C
medqa,179,c6f01b71-fe30-41d3-8680-5d08d0b7dd15,qwen3-8b,2,2,True,0.2199215520231519,2,C
medqa,180,c6f01b71-fe30-41d3-8680-5d08d0b7dd15,qwen3-8b,0,1,False,0.3105317450244911,2,A
medqa,181,c6f01b71-fe30-41d3-8680-5d08d0b7dd15,qwen3-8b,3,3,True,0.19618897000327706,2,D
medqa,182,c6f01b71-fe30-41d3-8680-5d08d0b7dd15,qwen3-8b,1,1,True,0.23719804699067026,2,B
medqa,183,c6f01b71-fe30-41d3-8680-5d08d0b7dd15,qwen3-8b,3,3,True,0.21092680899892002,2,D
medqa,184,c6f01b71-fe30-41d3-8680-5d08d0b7dd15,qwen3-8b,3,0,False,0.25197388298693113,2,D
medqa,185,c6f01b71-fe30-41d3-8680-5d08d0b7dd15,qwen3-8b,3,3,True,0.2253566220169887,2,D
medqa,186,c6f01b71-fe30-41d3-8680-5d08d0b7dd15,qwen3-8b,1,1,True,0.1924149360274896,2,B
medqa,187,c6f01b71-fe30-41d3-8680-5d08d0b7dd15,qwen3-8b,1,1,True,0.16875016401172616,2,B
medqa,188,c6f01b71-fe30-41d3-8680-5d08d0b7dd15,qwen3-8b,3,3,True,0.20628269299049862,2,D
medqa,189,c6f01b71-fe30-41d3-8680-5d08d0b7dd15,qwen3-8b,2,2,True,0.21409325901186094,2,C
medqa,190,c6f01b71-fe30-41d3-8680-5d08d0b7dd15,qwen3-8b,0,0,True,0.23344353499123827,2,A
medqa,191,c6f01b71-fe30-41d3-8680-5d08d0b7dd15,qwen3-8b,3,2,False,0.2109884019882884,2,D
medqa,192,c6f01b71-fe30-41d3-8680-5d08d0b7dd15,qwen3-8b,3,3,True,0.20606132000102662,2,D
medqa,193,c6f01b71-fe30-41d3-8680-5d08d0b7dd15,qwen3-8b,2,2,True,0.2076299430045765,2,C
medqa,194,c6f01b71-fe30-41d3-8680-5d08d0b7dd15,qwen3-8b,3,2,False,0.22656561600160785,2,D
medqa,195,c6f01b71-fe30-41d3-8680-5d08d0b7dd15,qwen3-8b,2,2,True,0.2097658760030754,2,C
medqa,196,c6f01b71-fe30-41d3-8680-5d08d0b7dd15,qwen3-8b,0,0,True,0.2169546429940965,2,A
medqa,197,c6f01b71-fe30-41d3-8680-5d08d0b7dd15,qwen3-8b,0,1,False,0.2644329500035383,2,A
medqa,198,c6f01b71-fe30-41d3-8680-5d08d0b7dd15,qwen3-8b,2,3,False,0.22789886200916953,2,C
medqa,199,c6f01b71-fe30-41d3-8680-5d08d0b7dd15,qwen3-8b,2,2,True,0.227375400980236,2,C
medqa,200,c6f01b71-fe30-41d3-8680-5d08d0b7dd15,qwen3-8b,3,0,False,0.25340703601250425,2,D
medqa,201,c6f01b71-fe30-41d3-8680-5d08d0b7dd15,qwen3-8b,1,1,True,0.2196731560106855,2,B
medqa,202,c6f01b71-fe30-41d3-8680-5d08d0b7dd15,qwen3-8b,1,2,False,0.2381054599827621,2,B
medqa,203,c6f01b71-fe30-41d3-8680-5d08d0b7dd15,qwen3-8b,0,0,True,0.23964656100724824,2,A
medqa,204,c6f01b71-fe30-41d3-8680-5d08d0b7dd15,qwen3-8b,0,1,False,0.1678573669923935,2,A
medqa,205,c6f01b71-fe30-41d3-8680-5d08d0b7dd15,qwen3-8b,3,1,False,0.2144023599976208,2,D
medqa,206,c6f01b71-fe30-41d3-8680-5d08d0b7dd15,qwen3-8b,2,2,True,0.20288188999984413,2,C
medqa,207,c6f01b71-fe30-41d3-8680-5d08d0b7dd15,qwen3-8b,0,0,True,0.21806209802161902,2,A
medqa,208,c6f01b71-fe30-41d3-8680-5d08d0b7dd15,qwen3-8b,1,1,True,0.19337486100266688,2,B
medqa,209,c6f01b71-fe30-41d3-8680-5d08d0b7dd15,qwen3-8b,0,0,True,0.2223189829965122,2,A
medqa,210,c6f01b71-fe30-41d3-8680-5d08d0b7dd15,qwen3-8b,0,2,False,0.20207943301647902,2,A
medqa,211,c6f01b71-fe30-41d3-8680-5d08d0b7dd15,qwen3-8b,3,1,False,0.2870251989807002,2,D
medqa,212,c6f01b71-fe30-41d3-8680-5d08d0b7dd15,qwen3-8b,1,3,False,0.2294851939950604,2,B
medqa,213,c6f01b71-fe30-41d3-8680-5d08d0b7dd15,qwen3-8b,0,0,True,0.19000381301157176,2,A
medqa,214,c6f01b71-fe30-41d3-8680-5d08d0b7dd15,qwen3-8b,0,1,False,0.22540086699882522,2,A
medqa,215,c6f01b71-fe30-41d3-8680-5d08d0b7dd15,qwen3-8b,0,2,False,0.1969285210070666,2,A
medqa,216,c6f01b71-fe30-41d3-8680-5d08d0b7dd15,qwen3-8b,1,3,False,0.2381363530003,2,B
medqa,217,c6f01b71-fe30-41d3-8680-5d08d0b7dd15,qwen3-8b,1,2,False,0.2115385019860696,2,B
medqa,218,c6f01b71-fe30-41d3-8680-5d08d0b7dd15,qwen3-8b,3,3,True,0.194955785991624,2,D
medqa,219,c6f01b71-fe30-41d3-8680-5d08d0b7dd15,qwen3-8b,2,0,False,0.26664043200435117,2,C
medqa,220,c6f01b71-fe30-41d3-8680-5d08d0b7dd15,qwen3-8b,1,2,False,0.24693123198812827,2,B
medqa,221,c6f01b71-fe30-41d3-8680-5d08d0b7dd15,qwen3-8b,0,0,True,0.23194851700100116,2,A
medqa,222,c6f01b71-fe30-41d3-8680-5d08d0b7dd15,qwen3-8b,1,2,False,0.21381462100544013,2,B
medqa,223,c6f01b71-fe30-41d3-8680-5d08d0b7dd15,qwen3-8b,0,0,True,0.23017227699165232,2,A
medqa,224,c6f01b71-fe30-41d3-8680-5d08d0b7dd15,qwen3-8b,1,1,True,0.21699143201112747,2,B
medqa,225,c6f01b71-fe30-41d3-8680-5d08d0b7dd15,qwen3-8b,2,2,True,0.20344659400871024,2,C
medqa,226,c6f01b71-fe30-41d3-8680-5d08d0b7dd15,qwen3-8b,2,2,True,0.2498410080152098,2,C
medqa,227,c6f01b71-fe30-41d3-8680-5d08d0b7dd15,qwen3-8b,2,2,True,0.20485627598827705,2,C
medqa,228,c6f01b71-fe30-41d3-8680-5d08d0b7dd15,qwen3-8b,0,0,True,0.311891370016383,2,A
medqa,229,c6f01b71-fe30-41d3-8680-5d08d0b7dd15,qwen3-8b,3,3,True,0.2915883149835281,2,D
medqa,230,c6f01b71-fe30-41d3-8680-5d08d0b7dd15,qwen3-8b,1,1,True,0.19355121301487088,2,B
medqa,231,c6f01b71-fe30-41d3-8680-5d08d0b7dd15,qwen3-8b,0,0,True,0.2340864060097374,2,A
medqa,232,c6f01b71-fe30-41d3-8680-5d08d0b7dd15,qwen3-8b,2,2,True,0.23650741501478478,2,C
medqa,233,c6f01b71-fe30-41d3-8680-5d08d0b7dd15,qwen3-8b,0,0,True,0.18140414298977703,2,A
medqa,234,c6f01b71-fe30-41d3-8680-5d08d0b7dd15,qwen3-8b,3,2,False,0.2401839030208066,2,D
medqa,235,c6f01b71-fe30-41d3-8680-5d08d0b7dd15,qwen3-8b,1,0,False,0.19164319601259194,2,B
medqa,236,c6f01b71-fe30-41d3-8680-5d08d0b7dd15,qwen3-8b,0,0,True,0.22892132098786533,2,A
medqa,237,c6f01b71-fe30-41d3-8680-5d08d0b7dd15,qwen3-8b,3,1,False,0.24404786300146952,2,D
medqa,238,c6f01b71-fe30-41d3-8680-5d08d0b7dd15,qwen3-8b,0,0,True,0.2218385630112607,2,A
medqa,239,c6f01b71-fe30-41d3-8680-5d08d0b7dd15,qwen3-8b,2,0,False,0.20713881897972897,2,C
medqa,240,c6f01b71-fe30-41d3-8680-5d08d0b7dd15,qwen3-8b,3,3,True,0.2581953190092463,2,D
medqa,241,c6f01b71-fe30-41d3-8680-5d08d0b7dd15,qwen3-8b,3,1,False,0.22833669700776227,2,D
medqa,242,c6f01b71-fe30-41d3-8680-5d08d0b7dd15,qwen3-8b,0,0,True,0.24791445198934525,2,A
medqa,243,c6f01b71-fe30-41d3-8680-5d08d0b7dd15,qwen3-8b,0,0,True,0.22342455200850964,2,A
medqa,244,c6f01b71-fe30-41d3-8680-5d08d0b7dd15,qwen3-8b,1,3,False,0.18876603798707947,2,B
medqa,245,c6f01b71-fe30-41d3-8680-5d08d0b7dd15,qwen3-8b,2,2,True,0.285695555008715,2,C
medqa,246,c6f01b71-fe30-41d3-8680-5d08d0b7dd15,qwen3-8b,0,0,True,0.21602030002395622,2,A
medqa,247,c6f01b71-fe30-41d3-8680-5d08d0b7dd15,qwen3-8b,1,3,False,0.24125257800915278,2,B
medqa,248,c6f01b71-fe30-41d3-8680-5d08d0b7dd15,qwen3-8b,1,1,True,0.1944851670123171,2,B
medqa,249,c6f01b71-fe30-41d3-8680-5d08d0b7dd15,qwen3-8b,1,1,True,0.221306084014941,2,B
medqa,250,c6f01b71-fe30-41d3-8680-5d08d0b7dd15,qwen3-8b,0,0,True,0.21021445997757837,2,A
medqa,251,c6f01b71-fe30-41d3-8680-5d08d0b7dd15,qwen3-8b,1,1,True,0.22832591299084015,2,B
medqa,252,c6f01b71-fe30-41d3-8680-5d08d0b7dd15,qwen3-8b,0,0,True,0.23499408800853416,2,A
medqa,253,c6f01b71-fe30-41d3-8680-5d08d0b7dd15,qwen3-8b,0,3,False,0.22629268799209967,2,A
medqa,254,c6f01b71-fe30-41d3-8680-5d08d0b7dd15,qwen3-8b,0,0,True,0.19022428101743571,2,A
medqa,255,c6f01b71-fe30-41d3-8680-5d08d0b7dd15,qwen3-8b,2,2,True,0.16660685400711372,2,C
medqa,256,c6f01b71-fe30-41d3-8680-5d08d0b7dd15,qwen3-8b,1,2,False,0.19398728999658488,2,B
medqa,257,c6f01b71-fe30-41d3-8680-5d08d0b7dd15,qwen3-8b,1,3,False,0.18889981697429903,2,B
medqa,258,c6f01b71-fe30-41d3-8680-5d08d0b7dd15,qwen3-8b,0,3,False,0.21819937700638548,2,A
medqa,259,c6f01b71-fe30-41d3-8680-5d08d0b7dd15,qwen3-8b,3,3,True,0.23210543001187034,2,D
medqa,260,c6f01b71-fe30-41d3-8680-5d08d0b7dd15,qwen3-8b,2,2,True,0.255172789999051,2,C
medqa,261,c6f01b71-fe30-41d3-8680-5d08d0b7dd15,qwen3-8b,2,2,True,0.21907164898584597,2,C
medqa,262,c6f01b71-fe30-41d3-8680-5d08d0b7dd15,qwen3-8b,3,3,True,0.2117492840043269,2,D
medqa,263,c6f01b71-fe30-41d3-8680-5d08d0b7dd15,qwen3-8b,2,2,True,0.19092465899302624,2,C
medqa,264,c6f01b71-fe30-41d3-8680-5d08d0b7dd15,qwen3-8b,2,0,False,0.3027868520002812,2,C
medqa,265,c6f01b71-fe30-41d3-8680-5d08d0b7dd15,qwen3-8b,0,3,False,0.20611314999405295,2,A
medqa,266,c6f01b71-fe30-41d3-8680-5d08d0b7dd15,qwen3-8b,0,0,True,0.2262633260106668,2,A
medqa,267,c6f01b71-fe30-41d3-8680-5d08d0b7dd15,qwen3-8b,2,3,False,0.20567881301394664,2,C
medqa,268,c6f01b71-fe30-41d3-8680-5d08d0b7dd15,qwen3-8b,3,3,True,0.20943212800193578,2,D
medqa,269,c6f01b71-fe30-41d3-8680-5d08d0b7dd15,qwen3-8b,2,2,True,0.22917550499550998,2,C
medqa,270,c6f01b71-fe30-41d3-8680-5d08d0b7dd15,qwen3-8b,0,2,False,0.22940856500645168,2,A
medqa,271,c6f01b71-fe30-41d3-8680-5d08d0b7dd15,qwen3-8b,2,1,False,0.28372156899422407,2,C
medqa,272,c6f01b71-fe30-41d3-8680-5d08d0b7dd15,qwen3-8b,2,2,True,0.18911218500579707,2,C
medqa,273,c6f01b71-fe30-41d3-8680-5d08d0b7dd15,qwen3-8b,3,0,False,0.22642779801390134,2,D
medqa,274,c6f01b71-fe30-41d3-8680-5d08d0b7dd15,qwen3-8b,0,0,True,0.19044206899707206,2,A
medqa,275,c6f01b71-fe30-41d3-8680-5d08d0b7dd15,qwen3-8b,0,0,True,0.248198161018081,2,A
medqa,276,c6f01b71-fe30-41d3-8680-5d08d0b7dd15,qwen3-8b,3,2,False,0.2549041780002881,2,D
medqa,277,c6f01b71-fe30-41d3-8680-5d08d0b7dd15,qwen3-8b,3,3,True,0.2061746219987981,2,D
medqa,278,c6f01b71-fe30-41d3-8680-5d08d0b7dd15,qwen3-8b,2,0,False,0.21194641198962927,2,C
medqa,279,c6f01b71-fe30-41d3-8680-5d08d0b7dd15,qwen3-8b,0,1,False,0.27432953598327003,2,A
medqa,280,c6f01b71-fe30-41d3-8680-5d08d0b7dd15,qwen3-8b,1,1,True,0.25739162700483575,2,B
medqa,281,c6f01b71-fe30-41d3-8680-5d08d0b7dd15,qwen3-8b,2,2,True,0.16958238100050949,2,C
medqa,282,c6f01b71-fe30-41d3-8680-5d08d0b7dd15,qwen3-8b,0,0,True,0.18907842700718902,2,A
medqa,283,c6f01b71-fe30-41d3-8680-5d08d0b7dd15,qwen3-8b,0,0,True,0.22937548701884225,2,A
medqa,284,c6f01b71-fe30-41d3-8680-5d08d0b7dd15,qwen3-8b,2,0,False,0.2276868250046391,2,C
medqa,285,c6f01b71-fe30-41d3-8680-5d08d0b7dd15,qwen3-8b,3,2,False,0.20735022201552056,2,D
medqa,286,c6f01b71-fe30-41d3-8680-5d08d0b7dd15,qwen3-8b,2,2,True,0.17151147799449973,2,C
medqa,287,c6f01b71-fe30-41d3-8680-5d08d0b7dd15,qwen3-8b,0,0,True,0.25176326002110727,2,A
medqa,288,c6f01b71-fe30-41d3-8680-5d08d0b7dd15,qwen3-8b,2,1,False,0.19294799398630857,2,C
medqa,289,c6f01b71-fe30-41d3-8680-5d08d0b7dd15,qwen3-8b,3,2,False,0.1946882200136315,2,D
medqa,290,c6f01b71-fe30-41d3-8680-5d08d0b7dd15,qwen3-8b,0,1,False,0.2081190239987336,2,A
medqa,291,c6f01b71-fe30-41d3-8680-5d08d0b7dd15,qwen3-8b,0,0,True,0.20767489698482677,2,A
medqa,292,c6f01b71-fe30-41d3-8680-5d08d0b7dd15,qwen3-8b,1,2,False,0.18951894700876437,2,B
medqa,293,c6f01b71-fe30-41d3-8680-5d08d0b7dd15,qwen3-8b,0,0,True,0.21497149099013768,2,A
medqa,294,c6f01b71-fe30-41d3-8680-5d08d0b7dd15,qwen3-8b,1,0,False,0.17060252398368903,2,B
medqa,295,c6f01b71-fe30-41d3-8680-5d08d0b7dd15,qwen3-8b,0,0,True,0.168873928982066,2,A
medqa,296,c6f01b71-fe30-41d3-8680-5d08d0b7dd15,qwen3-8b,2,0,False,0.18873700901167467,2,C
medqa,297,c6f01b71-fe30-41d3-8680-5d08d0b7dd15,qwen3-8b,1,3,False,0.2296215749811381,2,B
medqa,298,c6f01b71-fe30-41d3-8680-5d08d0b7dd15,qwen3-8b,3,3,True,0.20878685201751068,2,D
medqa,299,c6f01b71-fe30-41d3-8680-5d08d0b7dd15,qwen3-8b,0,1,False,0.16638734098523855,2,A
medqa,300,c6f01b71-fe30-41d3-8680-5d08d0b7dd15,qwen3-8b,0,3,False,0.19080094798118807,2,A
medqa,301,c6f01b71-fe30-41d3-8680-5d08d0b7dd15,qwen3-8b,0,2,False,0.1900383089960087,2,A
medqa,302,c6f01b71-fe30-41d3-8680-5d08d0b7dd15,qwen3-8b,0,0,True,0.20797691302141175,2,A
medqa,303,c6f01b71-fe30-41d3-8680-5d08d0b7dd15,qwen3-8b,0,2,False,0.31013281000196,2,A
medqa,304,c6f01b71-fe30-41d3-8680-5d08d0b7dd15,qwen3-8b,0,0,True,0.22752731200307608,2,A
medqa,305,c6f01b71-fe30-41d3-8680-5d08d0b7dd15,qwen3-8b,1,1,True,0.1899221199855674,2,B
medqa,306,c6f01b71-fe30-41d3-8680-5d08d0b7dd15,qwen3-8b,0,2,False,0.23084572999505326,2,A
medqa,307,c6f01b71-fe30-41d3-8680-5d08d0b7dd15,qwen3-8b,1,2,False,0.26877395098563284,2,B
medqa,308,c6f01b71-fe30-41d3-8680-5d08d0b7dd15,qwen3-8b,2,2,True,0.1705185180180706,2,C
medqa,309,c6f01b71-fe30-41d3-8680-5d08d0b7dd15,qwen3-8b,3,3,True,0.2287679000000935,2,D
medqa,310,c6f01b71-fe30-41d3-8680-5d08d0b7dd15,qwen3-8b,0,1,False,0.19078982598148286,2,A
medqa,311,c6f01b71-fe30-41d3-8680-5d08d0b7dd15,qwen3-8b,2,2,True,0.1918746269948315,2,C
medqa,312,c6f01b71-fe30-41d3-8680-5d08d0b7dd15,qwen3-8b,2,1,False,0.18931534100556746,2,C
medqa,313,c6f01b71-fe30-41d3-8680-5d08d0b7dd15,qwen3-8b,1,1,True,0.226997001998825,2,B
medqa,314,c6f01b71-fe30-41d3-8680-5d08d0b7dd15,qwen3-8b,3,0,False,0.1901499179948587,2,D
medqa,315,c6f01b71-fe30-41d3-8680-5d08d0b7dd15,qwen3-8b,0,0,True,0.18968094800948165,2,A
medqa,316,c6f01b71-fe30-41d3-8680-5d08d0b7dd15,qwen3-8b,2,0,False,0.19144962201244198,2,C
medqa,317,c6f01b71-fe30-41d3-8680-5d08d0b7dd15,qwen3-8b,3,0,False,0.1884064030018635,2,D
medqa,318,c6f01b71-fe30-41d3-8680-5d08d0b7dd15,qwen3-8b,2,2,True,0.18909602001076564,2,C
medqa,319,c6f01b71-fe30-41d3-8680-5d08d0b7dd15,qwen3-8b,0,0,True,0.22804116999031976,2,A
medqa,320,c6f01b71-fe30-41d3-8680-5d08d0b7dd15,qwen3-8b,0,2,False,0.19825910800136626,2,A
medqa,321,c6f01b71-fe30-41d3-8680-5d08d0b7dd15,qwen3-8b,2,0,False,0.2103611060010735,2,C
medqa,322,c6f01b71-fe30-41d3-8680-5d08d0b7dd15,qwen3-8b,2,2,True,0.2274401519971434,2,C
medqa,323,c6f01b71-fe30-41d3-8680-5d08d0b7dd15,qwen3-8b,0,2,False,0.19228672198369168,2,A
medqa,324,c6f01b71-fe30-41d3-8680-5d08d0b7dd15,qwen3-8b,0,0,True,0.2774323630146682,2,A
medqa,325,c6f01b71-fe30-41d3-8680-5d08d0b7dd15,qwen3-8b,1,1,True,0.1951801749819424,2,B
medqa,326,c6f01b71-fe30-41d3-8680-5d08d0b7dd15,qwen3-8b,0,0,True,0.2128042680269573,2,A
medqa,327,c6f01b71-fe30-41d3-8680-5d08d0b7dd15,qwen3-8b,2,0,False,0.19377944900770672,2,C
medqa,328,c6f01b71-fe30-41d3-8680-5d08d0b7dd15,qwen3-8b,0,0,True,0.20959622200462036,2,A
medqa,329,c6f01b71-fe30-41d3-8680-5d08d0b7dd15,qwen3-8b,0,1,False,0.23019147201557644,2,A
medqa,330,c6f01b71-fe30-41d3-8680-5d08d0b7dd15,qwen3-8b,2,1,False,0.19006382298539393,2,C
medqa,331,c6f01b71-fe30-41d3-8680-5d08d0b7dd15,qwen3-8b,1,1,True,0.22697777699795552,2,B
medqa,332,c6f01b71-fe30-41d3-8680-5d08d0b7dd15,qwen3-8b,0,3,False,0.20891392100020312,2,A
medqa,333,c6f01b71-fe30-41d3-8680-5d08d0b7dd15,qwen3-8b,1,3,False,0.26599088398506865,2,B
medqa,334,c6f01b71-fe30-41d3-8680-5d08d0b7dd15,qwen3-8b,1,1,True,0.16624840200529434,2,B
medqa,335,c6f01b71-fe30-41d3-8680-5d08d0b7dd15,qwen3-8b,0,0,True,0.20087989600142464,2,A
medqa,336,c6f01b71-fe30-41d3-8680-5d08d0b7dd15,qwen3-8b,1,0,False,0.22868642999674194,2,B
medqa,337,c6f01b71-fe30-41d3-8680-5d08d0b7dd15,qwen3-8b,2,1,False,0.22732288198312744,2,C
medqa,338,c6f01b71-fe30-41d3-8680-5d08d0b7dd15,qwen3-8b,2,0,False,0.2278934389760252,2,C
medqa,339,c6f01b71-fe30-41d3-8680-5d08d0b7dd15,qwen3-8b,0,0,True,0.19226073098252527,2,A
medqa,340,c6f01b71-fe30-41d3-8680-5d08d0b7dd15,qwen3-8b,0,3,False,0.2267035719996784,2,A
medqa,341,c6f01b71-fe30-41d3-8680-5d08d0b7dd15,qwen3-8b,1,1,True,0.19053076498676091,2,B
medqa,342,c6f01b71-fe30-41d3-8680-5d08d0b7dd15,qwen3-8b,2,2,True,0.23295182798756287,2,C
medqa,343,c6f01b71-fe30-41d3-8680-5d08d0b7dd15,qwen3-8b,0,0,True,0.18925212998874485,2,A
medqa,344,c6f01b71-fe30-41d3-8680-5d08d0b7dd15,qwen3-8b,1,0,False,0.21282854198943824,2,B
medqa,345,c6f01b71-fe30-41d3-8680-5d08d0b7dd15,qwen3-8b,0,1,False,0.20801373198628426,2,A
medqa,346,c6f01b71-fe30-41d3-8680-5d08d0b7dd15,qwen3-8b,3,1,False,0.17405080399475992,2,D
medqa,347,c6f01b71-fe30-41d3-8680-5d08d0b7dd15,qwen3-8b,0,0,True,0.20924151700455695,2,A
medqa,348,c6f01b71-fe30-41d3-8680-5d08d0b7dd15,qwen3-8b,2,2,True,0.18956779199652374,2,C
medqa,349,c6f01b71-fe30-41d3-8680-5d08d0b7dd15,qwen3-8b,1,1,True,0.2327523849962745,2,B
medqa,350,c6f01b71-fe30-41d3-8680-5d08d0b7dd15,qwen3-8b,1,1,True,0.25350999500369653,2,B
medqa,351,c6f01b71-fe30-41d3-8680-5d08d0b7dd15,qwen3-8b,0,0,True,0.25306902098236606,2,A
medqa,352,c6f01b71-fe30-41d3-8680-5d08d0b7dd15,qwen3-8b,3,0,False,0.27116957801626995,2,D
medqa,353,c6f01b71-fe30-41d3-8680-5d08d0b7dd15,qwen3-8b,1,1,True,0.23245070001576096,2,B
medqa,354,c6f01b71-fe30-41d3-8680-5d08d0b7dd15,qwen3-8b,2,2,True,0.1938506669830531,2,C
medqa,355,c6f01b71-fe30-41d3-8680-5d08d0b7dd15,qwen3-8b,0,0,True,0.2102008080109954,2,A
medqa,356,c6f01b71-fe30-41d3-8680-5d08d0b7dd15,qwen3-8b,0,0,True,0.19347721899976023,2,A
medqa,357,c6f01b71-fe30-41d3-8680-5d08d0b7dd15,qwen3-8b,0,3,False,0.19151842399151064,2,A
medqa,358,c6f01b71-fe30-41d3-8680-5d08d0b7dd15,qwen3-8b,2,1,False,0.19051967200357467,2,C
medqa,359,c6f01b71-fe30-41d3-8680-5d08d0b7dd15,qwen3-8b,2,2,True,0.16768419498112053,2,C
medqa,360,c6f01b71-fe30-41d3-8680-5d08d0b7dd15,qwen3-8b,0,0,True,0.206869960995391,2,A
medqa,361,c6f01b71-fe30-41d3-8680-5d08d0b7dd15,qwen3-8b,2,0,False,0.2087209440069273,2,C
medqa,362,c6f01b71-fe30-41d3-8680-5d08d0b7dd15,qwen3-8b,1,3,False,0.18952150898985565,2,B
medqa,363,c6f01b71-fe30-41d3-8680-5d08d0b7dd15,qwen3-8b,2,2,True,0.18815418201847933,2,C
medqa,364,c6f01b71-fe30-41d3-8680-5d08d0b7dd15,qwen3-8b,2,0,False,0.18937357698450796,2,C
medqa,365,c6f01b71-fe30-41d3-8680-5d08d0b7dd15,qwen3-8b,2,2,True,0.19081597999320365,2,C
medqa,366,c6f01b71-fe30-41d3-8680-5d08d0b7dd15,qwen3-8b,0,0,True,0.209434146003332,2,A
medqa,367,c6f01b71-fe30-41d3-8680-5d08d0b7dd15,qwen3-8b,0,3,False,0.25375026601250283,2,A
medqa,368,c6f01b71-fe30-41d3-8680-5d08d0b7dd15,qwen3-8b,2,2,True,0.2051442060037516,2,C
medqa,369,c6f01b71-fe30-41d3-8680-5d08d0b7dd15,qwen3-8b,0,3,False,0.16911187101504765,2,A
medqa,370,c6f01b71-fe30-41d3-8680-5d08d0b7dd15,qwen3-8b,3,3,True,0.21235428299405612,2,D
medqa,371,c6f01b71-fe30-41d3-8680-5d08d0b7dd15,qwen3-8b,0,0,True,0.2268103710084688,2,A
medqa,372,c6f01b71-fe30-41d3-8680-5d08d0b7dd15,qwen3-8b,0,3,False,0.25493428099434823,2,A
medqa,373,c6f01b71-fe30-41d3-8680-5d08d0b7dd15,qwen3-8b,0,3,False,0.20699706600862555,2,A
medqa,374,c6f01b71-fe30-41d3-8680-5d08d0b7dd15,qwen3-8b,0,3,False,0.27118221900309436,2,A
medqa,375,c6f01b71-fe30-41d3-8680-5d08d0b7dd15,qwen3-8b,1,1,True,0.19312374401488341,2,B
medqa,376,c6f01b71-fe30-41d3-8680-5d08d0b7dd15,qwen3-8b,3,3,True,0.229271376010729,2,D
medqa,377,c6f01b71-fe30-41d3-8680-5d08d0b7dd15,qwen3-8b,0,3,False,0.26397116799489595,2,A
medqa,378,c6f01b71-fe30-41d3-8680-5d08d0b7dd15,qwen3-8b,2,0,False,0.27298646498820744,2,C
medqa,379,c6f01b71-fe30-41d3-8680-5d08d0b7dd15,qwen3-8b,2,2,True,0.22888339500059374,2,C
medqa,380,c6f01b71-fe30-41d3-8680-5d08d0b7dd15,qwen3-8b,0,1,False,0.2296929600124713,2,A
medqa,381,c6f01b71-fe30-41d3-8680-5d08d0b7dd15,qwen3-8b,1,2,False,0.19079368602251634,2,B
medqa,382,c6f01b71-fe30-41d3-8680-5d08d0b7dd15,qwen3-8b,1,2,False,0.19136941598844714,2,B
medqa,383,c6f01b71-fe30-41d3-8680-5d08d0b7dd15,qwen3-8b,0,0,True,0.22914918200694956,2,A
medqa,384,c6f01b71-fe30-41d3-8680-5d08d0b7dd15,qwen3-8b,3,3,True,0.2692477329983376,2,D
medqa,385,c6f01b71-fe30-41d3-8680-5d08d0b7dd15,qwen3-8b,2,3,False,0.1893278190109413,2,C
medqa,386,c6f01b71-fe30-41d3-8680-5d08d0b7dd15,qwen3-8b,0,2,False,0.2090744739980437,2,A
medqa,387,c6f01b71-fe30-41d3-8680-5d08d0b7dd15,qwen3-8b,1,1,True,0.20968387700850144,2,B
medqa,388,c6f01b71-fe30-41d3-8680-5d08d0b7dd15,qwen3-8b,2,2,True,0.2539590520027559,2,C
medqa,389,c6f01b71-fe30-41d3-8680-5d08d0b7dd15,qwen3-8b,2,3,False,0.1907328640227206,2,C
medqa,390,c6f01b71-fe30-41d3-8680-5d08d0b7dd15,qwen3-8b,3,0,False,0.22847401900799014,2,D
medqa,391,c6f01b71-fe30-41d3-8680-5d08d0b7dd15,qwen3-8b,0,0,True,0.1708372240245808,2,A
medqa,392,c6f01b71-fe30-41d3-8680-5d08d0b7dd15,qwen3-8b,2,2,True,0.230071094003506,2,C
medqa,393,c6f01b71-fe30-41d3-8680-5d08d0b7dd15,qwen3-8b,3,0,False,0.1898584610025864,2,D
medqa,394,c6f01b71-fe30-41d3-8680-5d08d0b7dd15,qwen3-8b,0,2,False,0.22712297100224532,2,A
medqa,395,c6f01b71-fe30-41d3-8680-5d08d0b7dd15,qwen3-8b,1,1,True,0.21014656699844636,2,B
medqa,396,c6f01b71-fe30-41d3-8680-5d08d0b7dd15,qwen3-8b,3,3,True,0.19172901500132866,2,D
medqa,397,c6f01b71-fe30-41d3-8680-5d08d0b7dd15,qwen3-8b,0,0,True,0.2114943560154643,2,A
medqa,398,c6f01b71-fe30-41d3-8680-5d08d0b7dd15,qwen3-8b,3,3,True,0.19137970698648132,2,D
medqa,399,c6f01b71-fe30-41d3-8680-5d08d0b7dd15,qwen3-8b,1,1,True,0.2709174870105926,2,B
medqa,400,c6f01b71-fe30-41d3-8680-5d08d0b7dd15,qwen3-8b,0,1,False,0.21092309002415277,2,A
medqa,401,c6f01b71-fe30-41d3-8680-5d08d0b7dd15,qwen3-8b,2,2,True,0.1902086159971077,2,C
medqa,402,c6f01b71-fe30-41d3-8680-5d08d0b7dd15,qwen3-8b,0,0,True,0.2133338050043676,2,A
medqa,403,c6f01b71-fe30-41d3-8680-5d08d0b7dd15,qwen3-8b,3,3,True,0.2045945770223625,2,D
medqa,404,c6f01b71-fe30-41d3-8680-5d08d0b7dd15,qwen3-8b,1,0,False,0.19201406801585108,2,B
medqa,405,c6f01b71-fe30-41d3-8680-5d08d0b7dd15,qwen3-8b,0,0,True,0.21210984801291488,2,A
medqa,406,c6f01b71-fe30-41d3-8680-5d08d0b7dd15,qwen3-8b,0,1,False,0.1920820729865227,2,A
medqa,407,c6f01b71-fe30-41d3-8680-5d08d0b7dd15,qwen3-8b,2,1,False,0.16930167298414744,2,C
medqa,408,c6f01b71-fe30-41d3-8680-5d08d0b7dd15,qwen3-8b,0,0,True,0.2518926009943243,2,A
medqa,409,c6f01b71-fe30-41d3-8680-5d08d0b7dd15,qwen3-8b,2,2,True,0.1927534109854605,2,C
medqa,410,c6f01b71-fe30-41d3-8680-5d08d0b7dd15,qwen3-8b,2,2,True,0.1916534139891155,2,C
medqa,411,c6f01b71-fe30-41d3-8680-5d08d0b7dd15,qwen3-8b,1,1,True,0.19163764899712987,2,B
medqa,412,c6f01b71-fe30-41d3-8680-5d08d0b7dd15,qwen3-8b,0,0,True,0.273755655012792,2,A
medqa,413,c6f01b71-fe30-41d3-8680-5d08d0b7dd15,qwen3-8b,0,0,True,0.23250775199267082,2,A
medqa,414,c6f01b71-fe30-41d3-8680-5d08d0b7dd15,qwen3-8b,2,3,False,0.21286969099310227,2,C
medqa,415,c6f01b71-fe30-41d3-8680-5d08d0b7dd15,qwen3-8b,1,3,False,0.19432941998820752,2,B
medqa,416,c6f01b71-fe30-41d3-8680-5d08d0b7dd15,qwen3-8b,3,2,False,0.19063907000236213,2,D
medqa,417,c6f01b71-fe30-41d3-8680-5d08d0b7dd15,qwen3-8b,0,0,True,0.2321948210010305,2,A
medqa,418,c6f01b71-fe30-41d3-8680-5d08d0b7dd15,qwen3-8b,2,2,True,0.22801234901999123,2,C
medqa,419,c6f01b71-fe30-41d3-8680-5d08d0b7dd15,qwen3-8b,1,1,True,0.21098165001603775,2,B
medqa,420,c6f01b71-fe30-41d3-8680-5d08d0b7dd15,qwen3-8b,1,1,True,0.1686373580014333,2,B
medqa,421,c6f01b71-fe30-41d3-8680-5d08d0b7dd15,qwen3-8b,3,2,False,0.19349047701689415,2,D
medqa,422,c6f01b71-fe30-41d3-8680-5d08d0b7dd15,qwen3-8b,2,0,False,0.2720808209851384,2,C
medqa,423,c6f01b71-fe30-41d3-8680-5d08d0b7dd15,qwen3-8b,1,3,False,0.2727733920037281,2,B
medqa,424,c6f01b71-fe30-41d3-8680-5d08d0b7dd15,qwen3-8b,2,2,True,0.1895752210111823,2,C
medqa,425,c6f01b71-fe30-41d3-8680-5d08d0b7dd15,qwen3-8b,2,2,True,0.1941735059954226,2,C
medqa,426,c6f01b71-fe30-41d3-8680-5d08d0b7dd15,qwen3-8b,1,1,True,0.22772073600208387,2,B
medqa,427,c6f01b71-fe30-41d3-8680-5d08d0b7dd15,qwen3-8b,1,1,True,0.1708949159947224,2,B
medqa,428,c6f01b71-fe30-41d3-8680-5d08d0b7dd15,qwen3-8b,2,0,False,0.20983056200202554,2,C
medqa,429,c6f01b71-fe30-41d3-8680-5d08d0b7dd15,qwen3-8b,3,3,True,0.1928276490070857,2,D
medqa,430,c6f01b71-fe30-41d3-8680-5d08d0b7dd15,qwen3-8b,0,0,True,0.20979361701756716,2,A
medqa,431,c6f01b71-fe30-41d3-8680-5d08d0b7dd15,qwen3-8b,0,1,False,0.20841099601238966,2,A
medqa,432,c6f01b71-fe30-41d3-8680-5d08d0b7dd15,qwen3-8b,0,0,True,0.23031312800594606,2,A
medqa,433,c6f01b71-fe30-41d3-8680-5d08d0b7dd15,qwen3-8b,2,2,True,0.2106913640163839,2,C
medqa,434,c6f01b71-fe30-41d3-8680-5d08d0b7dd15,qwen3-8b,1,1,True,0.21122186401044019,2,B
medqa,435,c6f01b71-fe30-41d3-8680-5d08d0b7dd15,qwen3-8b,3,2,False,0.19349338099709712,2,D
medqa,436,c6f01b71-fe30-41d3-8680-5d08d0b7dd15,qwen3-8b,2,2,True,0.18936207599472255,2,C
medqa,437,c6f01b71-fe30-41d3-8680-5d08d0b7dd15,qwen3-8b,0,0,True,0.16943274199729785,2,A
medqa,438,c6f01b71-fe30-41d3-8680-5d08d0b7dd15,qwen3-8b,2,2,True,0.20918923200224526,2,C
medqa,439,c6f01b71-fe30-41d3-8680-5d08d0b7dd15,qwen3-8b,0,0,True,0.23036059198784642,2,A
medqa,440,c6f01b71-fe30-41d3-8680-5d08d0b7dd15,qwen3-8b,2,3,False,0.20873102100449614,2,C
medqa,441,c6f01b71-fe30-41d3-8680-5d08d0b7dd15,qwen3-8b,2,2,True,0.1877176299749408,2,C
medqa,442,c6f01b71-fe30-41d3-8680-5d08d0b7dd15,qwen3-8b,2,2,True,0.18815534599707462,2,C
medqa,443,c6f01b71-fe30-41d3-8680-5d08d0b7dd15,qwen3-8b,1,1,True,0.24961684399750084,2,B
medqa,444,c6f01b71-fe30-41d3-8680-5d08d0b7dd15,qwen3-8b,2,2,True,0.2119912350026425,2,C
medqa,445,c6f01b71-fe30-41d3-8680-5d08d0b7dd15,qwen3-8b,1,1,True,0.2270436960097868,2,B
medqa,446,c6f01b71-fe30-41d3-8680-5d08d0b7dd15,qwen3-8b,0,0,True,0.22799437600770034,2,A
medqa,447,c6f01b71-fe30-41d3-8680-5d08d0b7dd15,qwen3-8b,1,2,False,0.20644353699753992,2,B
medqa,448,c6f01b71-fe30-41d3-8680-5d08d0b7dd15,qwen3-8b,1,3,False,0.3069269739789888,2,B
medqa,449,c6f01b71-fe30-41d3-8680-5d08d0b7dd15,qwen3-8b,1,1,True,0.19057544000679627,2,B
medqa,450,c6f01b71-fe30-41d3-8680-5d08d0b7dd15,qwen3-8b,1,1,True,0.19006581002031453,2,B
medqa,451,c6f01b71-fe30-41d3-8680-5d08d0b7dd15,qwen3-8b,3,3,True,0.1893861129938159,2,D
medqa,452,c6f01b71-fe30-41d3-8680-5d08d0b7dd15,qwen3-8b,3,1,False,0.21009128898731433,2,D
medqa,453,c6f01b71-fe30-41d3-8680-5d08d0b7dd15,qwen3-8b,1,1,True,0.23282155199558474,2,B
medqa,454,c6f01b71-fe30-41d3-8680-5d08d0b7dd15,qwen3-8b,0,3,False,0.20825031897402368,2,A
medqa,455,c6f01b71-fe30-41d3-8680-5d08d0b7dd15,qwen3-8b,2,2,True,0.19525278601213358,2,C
medqa,456,c6f01b71-fe30-41d3-8680-5d08d0b7dd15,qwen3-8b,0,1,False,0.19169200499891303,2,A
medqa,457,c6f01b71-fe30-41d3-8680-5d08d0b7dd15,qwen3-8b,0,1,False,0.2465385719842743,2,A
medqa,458,c6f01b71-fe30-41d3-8680-5d08d0b7dd15,qwen3-8b,2,2,True,0.19431770901428536,2,C
medqa,459,c6f01b71-fe30-41d3-8680-5d08d0b7dd15,qwen3-8b,3,3,True,0.25235150099615566,2,D
medqa,460,c6f01b71-fe30-41d3-8680-5d08d0b7dd15,qwen3-8b,1,0,False,0.21169122800347395,2,B
medqa,461,c6f01b71-fe30-41d3-8680-5d08d0b7dd15,qwen3-8b,0,2,False,0.2274614579800982,2,A
medqa,462,c6f01b71-fe30-41d3-8680-5d08d0b7dd15,qwen3-8b,1,1,True,0.2265141920070164,2,B
medqa,463,c6f01b71-fe30-41d3-8680-5d08d0b7dd15,qwen3-8b,0,0,True,0.21101343099144287,2,A
medqa,464,c6f01b71-fe30-41d3-8680-5d08d0b7dd15,qwen3-8b,1,1,True,0.23110295299557038,2,B
medqa,465,c6f01b71-fe30-41d3-8680-5d08d0b7dd15,qwen3-8b,2,2,True,0.18887149600777775,2,C
medqa,466,c6f01b71-fe30-41d3-8680-5d08d0b7dd15,qwen3-8b,1,1,True,0.23978517000796273,2,B
medqa,467,c6f01b71-fe30-41d3-8680-5d08d0b7dd15,qwen3-8b,2,3,False,0.19229497798369266,2,C
medqa,468,c6f01b71-fe30-41d3-8680-5d08d0b7dd15,qwen3-8b,0,0,True,0.21212899600504898,2,A
medqa,469,c6f01b71-fe30-41d3-8680-5d08d0b7dd15,qwen3-8b,3,0,False,0.2282087159983348,2,D
medqa,470,c6f01b71-fe30-41d3-8680-5d08d0b7dd15,qwen3-8b,0,0,True,0.19551752498955466,2,A
medqa,471,c6f01b71-fe30-41d3-8680-5d08d0b7dd15,qwen3-8b,2,2,True,0.2088113680074457,2,C
medqa,472,c6f01b71-fe30-41d3-8680-5d08d0b7dd15,qwen3-8b,1,2,False,0.19053345898282714,2,B
medqa,473,c6f01b71-fe30-41d3-8680-5d08d0b7dd15,qwen3-8b,2,2,True,0.20655477300169878,2,C
medqa,474,c6f01b71-fe30-41d3-8680-5d08d0b7dd15,qwen3-8b,1,1,True,0.191106745012803,2,B
medqa,475,c6f01b71-fe30-41d3-8680-5d08d0b7dd15,qwen3-8b,3,3,True,0.20609930698992684,2,D
medqa,476,c6f01b71-fe30-41d3-8680-5d08d0b7dd15,qwen3-8b,2,2,True,0.19040091498754919,2,C
medqa,477,c6f01b71-fe30-41d3-8680-5d08d0b7dd15,qwen3-8b,3,0,False,0.18742936599301174,2,D
medqa,478,c6f01b71-fe30-41d3-8680-5d08d0b7dd15,qwen3-8b,1,2,False,0.168153534992598,2,B
medqa,479,c6f01b71-fe30-41d3-8680-5d08d0b7dd15,qwen3-8b,2,2,True,0.2056401660083793,2,C
medqa,480,c6f01b71-fe30-41d3-8680-5d08d0b7dd15,qwen3-8b,0,1,False,0.19029517102171667,2,A
medqa,481,c6f01b71-fe30-41d3-8680-5d08d0b7dd15,qwen3-8b,0,0,True,0.1660972009995021,2,A
medqa,482,c6f01b71-fe30-41d3-8680-5d08d0b7dd15,qwen3-8b,1,1,True,0.16861007598345168,2,B
medqa,483,c6f01b71-fe30-41d3-8680-5d08d0b7dd15,qwen3-8b,1,2,False,0.23056613098015077,2,B
medqa,484,c6f01b71-fe30-41d3-8680-5d08d0b7dd15,qwen3-8b,2,2,True,0.18792480099364184,2,C
medqa,485,c6f01b71-fe30-41d3-8680-5d08d0b7dd15,qwen3-8b,0,3,False,0.20751005498459563,2,A
medqa,486,c6f01b71-fe30-41d3-8680-5d08d0b7dd15,qwen3-8b,1,1,True,0.2079971120110713,2,B
medqa,487,c6f01b71-fe30-41d3-8680-5d08d0b7dd15,qwen3-8b,2,2,True,0.19440626300638542,2,C
medqa,488,c6f01b71-fe30-41d3-8680-5d08d0b7dd15,qwen3-8b,0,0,True,0.16979300801176578,2,A
medqa,489,c6f01b71-fe30-41d3-8680-5d08d0b7dd15,qwen3-8b,2,2,True,0.1912173260061536,2,C
medqa,490,c6f01b71-fe30-41d3-8680-5d08d0b7dd15,qwen3-8b,2,2,True,0.19040889298776165,2,C
medqa,491,c6f01b71-fe30-41d3-8680-5d08d0b7dd15,qwen3-8b,0,0,True,0.20873336400836706,2,A
medqa,492,c6f01b71-fe30-41d3-8680-5d08d0b7dd15,qwen3-8b,2,2,True,0.2306268830143381,2,C
medqa,493,c6f01b71-fe30-41d3-8680-5d08d0b7dd15,qwen3-8b,2,2,True,0.22872292599640787,2,C
medqa,494,c6f01b71-fe30-41d3-8680-5d08d0b7dd15,qwen3-8b,0,0,True,0.19748050399357453,2,A
medqa,495,c6f01b71-fe30-41d3-8680-5d08d0b7dd15,qwen3-8b,0,0,True,0.20550806599203497,2,A
medqa,496,c6f01b71-fe30-41d3-8680-5d08d0b7dd15,qwen3-8b,2,2,True,0.24868166600936092,2,C
medqa,497,c6f01b71-fe30-41d3-8680-5d08d0b7dd15,qwen3-8b,2,3,False,0.21022325797821395,2,C
medqa,498,c6f01b71-fe30-41d3-8680-5d08d0b7dd15,qwen3-8b,2,0,False,0.2297060050186701,2,C
medqa,499,c6f01b71-fe30-41d3-8680-5d08d0b7dd15,qwen3-8b,2,2,True,0.2172925210034009,2,C
medqa,500,c6f01b71-fe30-41d3-8680-5d08d0b7dd15,qwen3-8b,3,1,False,0.1933846380270552,2,D
medqa,501,c6f01b71-fe30-41d3-8680-5d08d0b7dd15,qwen3-8b,1,3,False,0.24345464300131425,2,B
medqa,502,c6f01b71-fe30-41d3-8680-5d08d0b7dd15,qwen3-8b,1,1,True,0.19219943499774672,2,B
medqa,503,c6f01b71-fe30-41d3-8680-5d08d0b7dd15,qwen3-8b,0,1,False,0.1875980049953796,2,A
medqa,504,c6f01b71-fe30-41d3-8680-5d08d0b7dd15,qwen3-8b,1,1,True,0.21071648600627668,2,B
medqa,505,c6f01b71-fe30-41d3-8680-5d08d0b7dd15,qwen3-8b,0,1,False,0.2519034750002902,2,A
medqa,506,c6f01b71-fe30-41d3-8680-5d08d0b7dd15,qwen3-8b,3,0,False,0.18979293201118708,2,D
medqa,507,c6f01b71-fe30-41d3-8680-5d08d0b7dd15,qwen3-8b,0,3,False,0.2790907860035077,2,A
medqa,508,c6f01b71-fe30-41d3-8680-5d08d0b7dd15,qwen3-8b,2,1,False,0.20932527599507011,2,C
medqa,509,c6f01b71-fe30-41d3-8680-5d08d0b7dd15,qwen3-8b,3,3,True,0.2596301260055043,2,D
medqa,510,c6f01b71-fe30-41d3-8680-5d08d0b7dd15,qwen3-8b,0,0,True,0.20586176100187004,2,A
medqa,511,c6f01b71-fe30-41d3-8680-5d08d0b7dd15,qwen3-8b,0,0,True,0.24606001100619324,2,A
medqa,512,c6f01b71-fe30-41d3-8680-5d08d0b7dd15,qwen3-8b,0,1,False,0.20404826302547008,2,A
medqa,513,c6f01b71-fe30-41d3-8680-5d08d0b7dd15,qwen3-8b,3,3,True,0.24540905200410634,2,D
medqa,514,c6f01b71-fe30-41d3-8680-5d08d0b7dd15,qwen3-8b,1,0,False,0.22726065100869164,2,B
medqa,515,c6f01b71-fe30-41d3-8680-5d08d0b7dd15,qwen3-8b,0,3,False,0.19044491898966953,2,A
medqa,516,c6f01b71-fe30-41d3-8680-5d08d0b7dd15,qwen3-8b,3,3,True,0.20866420498350635,2,D
medqa,517,c6f01b71-fe30-41d3-8680-5d08d0b7dd15,qwen3-8b,0,0,True,0.2122019899834413,2,A
medqa,518,c6f01b71-fe30-41d3-8680-5d08d0b7dd15,qwen3-8b,1,1,True,0.28496451998944394,2,B
medqa,519,c6f01b71-fe30-41d3-8680-5d08d0b7dd15,qwen3-8b,0,2,False,0.25937456599785946,2,A
medqa,520,c6f01b71-fe30-41d3-8680-5d08d0b7dd15,qwen3-8b,0,1,False,0.1931253039801959,2,A
medqa,521,c6f01b71-fe30-41d3-8680-5d08d0b7dd15,qwen3-8b,0,0,True,0.22751871202490292,2,A
medqa,522,c6f01b71-fe30-41d3-8680-5d08d0b7dd15,qwen3-8b,3,2,False,0.3302376520005055,2,D
medqa,523,c6f01b71-fe30-41d3-8680-5d08d0b7dd15,qwen3-8b,3,3,True,0.1725046020001173,2,D
medqa,524,c6f01b71-fe30-41d3-8680-5d08d0b7dd15,qwen3-8b,3,1,False,0.19860670599155128,2,D
medqa,525,c6f01b71-fe30-41d3-8680-5d08d0b7dd15,qwen3-8b,3,3,True,0.2372667570016347,2,D
medqa,526,c6f01b71-fe30-41d3-8680-5d08d0b7dd15,qwen3-8b,2,2,True,0.21624943998176605,2,C
medqa,527,c6f01b71-fe30-41d3-8680-5d08d0b7dd15,qwen3-8b,0,0,True,0.23036993900313973,2,A
medqa,528,c6f01b71-fe30-41d3-8680-5d08d0b7dd15,qwen3-8b,2,2,True,0.23375223600305617,2,C
medqa,529,c6f01b71-fe30-41d3-8680-5d08d0b7dd15,qwen3-8b,1,1,True,0.21223685500444844,2,B
medqa,530,c6f01b71-fe30-41d3-8680-5d08d0b7dd15,qwen3-8b,3,0,False,0.20833553798729554,2,D
medqa,531,c6f01b71-fe30-41d3-8680-5d08d0b7dd15,qwen3-8b,2,3,False,0.2733899620070588,2,C
medqa,532,c6f01b71-fe30-41d3-8680-5d08d0b7dd15,qwen3-8b,1,1,True,0.22709952198783867,2,B
medqa,533,c6f01b71-fe30-41d3-8680-5d08d0b7dd15,qwen3-8b,1,0,False,0.19152541999937966,2,B
medqa,534,c6f01b71-fe30-41d3-8680-5d08d0b7dd15,qwen3-8b,1,1,True,0.2065892360114958,2,B
medqa,535,c6f01b71-fe30-41d3-8680-5d08d0b7dd15,qwen3-8b,2,2,True,0.4511981419927906,2,C
medqa,536,c6f01b71-fe30-41d3-8680-5d08d0b7dd15,qwen3-8b,0,3,False,0.25885983600164764,2,A
medqa,537,c6f01b71-fe30-41d3-8680-5d08d0b7dd15,qwen3-8b,3,0,False,0.21304527300526388,2,D
medqa,538,c6f01b71-fe30-41d3-8680-5d08d0b7dd15,qwen3-8b,0,0,True,0.1934958930069115,2,A
medqa,539,c6f01b71-fe30-41d3-8680-5d08d0b7dd15,qwen3-8b,3,3,True,0.19556421399465762,2,D
medqa,540,c6f01b71-fe30-41d3-8680-5d08d0b7dd15,qwen3-8b,3,3,True,0.206667849997757,2,D
medqa,541,c6f01b71-fe30-41d3-8680-5d08d0b7dd15,qwen3-8b,0,0,True,0.21018027601530775,2,A
medqa,542,c6f01b71-fe30-41d3-8680-5d08d0b7dd15,qwen3-8b,1,1,True,0.1926942179852631,2,B
medqa,543,c6f01b71-fe30-41d3-8680-5d08d0b7dd15,qwen3-8b,2,2,True,0.22920032401452772,2,C
medqa,544,c6f01b71-fe30-41d3-8680-5d08d0b7dd15,qwen3-8b,0,1,False,0.2105176240147557,2,A
medqa,545,c6f01b71-fe30-41d3-8680-5d08d0b7dd15,qwen3-8b,2,2,True,0.20625083000049926,2,C
medqa,546,c6f01b71-fe30-41d3-8680-5d08d0b7dd15,qwen3-8b,2,3,False,0.2318674470006954,2,C
medqa,547,c6f01b71-fe30-41d3-8680-5d08d0b7dd15,qwen3-8b,3,3,True,0.23234779498307034,2,D
medqa,548,c6f01b71-fe30-41d3-8680-5d08d0b7dd15,qwen3-8b,3,3,True,0.28484687698073685,2,D
medqa,549,c6f01b71-fe30-41d3-8680-5d08d0b7dd15,qwen3-8b,0,1,False,0.2046043630107306,2,A
medqa,550,c6f01b71-fe30-41d3-8680-5d08d0b7dd15,qwen3-8b,2,0,False,0.17581825802335516,2,C
medqa,551,c6f01b71-fe30-41d3-8680-5d08d0b7dd15,qwen3-8b,0,0,True,0.2579774220066611,2,A
medqa,552,c6f01b71-fe30-41d3-8680-5d08d0b7dd15,qwen3-8b,0,0,True,0.29608834302052855,2,A
medqa,553,c6f01b71-fe30-41d3-8680-5d08d0b7dd15,qwen3-8b,1,1,True,0.19768857600865886,2,B
medqa,554,c6f01b71-fe30-41d3-8680-5d08d0b7dd15,qwen3-8b,1,0,False,0.21421249498962425,2,B
medqa,555,c6f01b71-fe30-41d3-8680-5d08d0b7dd15,qwen3-8b,1,1,True,0.23872515701805241,2,B
medqa,556,c6f01b71-fe30-41d3-8680-5d08d0b7dd15,qwen3-8b,3,0,False,0.21655241699772887,2,D
medqa,557,c6f01b71-fe30-41d3-8680-5d08d0b7dd15,qwen3-8b,2,2,True,0.23339016598765738,2,C
medqa,558,c6f01b71-fe30-41d3-8680-5d08d0b7dd15,qwen3-8b,1,1,True,0.21576089100562967,2,B
medqa,559,c6f01b71-fe30-41d3-8680-5d08d0b7dd15,qwen3-8b,1,1,True,0.17033211298985407,2,B
medqa,560,c6f01b71-fe30-41d3-8680-5d08d0b7dd15,qwen3-8b,0,0,True,0.25571074898471124,2,A
medqa,561,c6f01b71-fe30-41d3-8680-5d08d0b7dd15,qwen3-8b,2,2,True,0.21195475300191902,2,C
medqa,562,c6f01b71-fe30-41d3-8680-5d08d0b7dd15,qwen3-8b,1,1,True,0.19436862898874097,2,B
medqa,563,c6f01b71-fe30-41d3-8680-5d08d0b7dd15,qwen3-8b,0,0,True,0.20820888297748752,2,A
medqa,564,c6f01b71-fe30-41d3-8680-5d08d0b7dd15,qwen3-8b,1,0,False,0.18910145500558428,2,B
medqa,565,c6f01b71-fe30-41d3-8680-5d08d0b7dd15,qwen3-8b,1,1,True,0.2503347569727339,2,B
medqa,566,c6f01b71-fe30-41d3-8680-5d08d0b7dd15,qwen3-8b,2,1,False,0.23040496997418813,2,C
medqa,567,c6f01b71-fe30-41d3-8680-5d08d0b7dd15,qwen3-8b,0,3,False,0.18915341500542127,2,A
medqa,568,c6f01b71-fe30-41d3-8680-5d08d0b7dd15,qwen3-8b,0,0,True,0.2095418749959208,2,A
medqa,569,c6f01b71-fe30-41d3-8680-5d08d0b7dd15,qwen3-8b,1,1,True,0.23249635501997545,2,B
medqa,570,c6f01b71-fe30-41d3-8680-5d08d0b7dd15,qwen3-8b,2,0,False,0.20783143598237075,2,C
medqa,571,c6f01b71-fe30-41d3-8680-5d08d0b7dd15,qwen3-8b,0,2,False,0.21552413899917156,2,A
medqa,572,c6f01b71-fe30-41d3-8680-5d08d0b7dd15,qwen3-8b,0,2,False,0.19082445799722336,2,A
medqa,573,c6f01b71-fe30-41d3-8680-5d08d0b7dd15,qwen3-8b,3,2,False,0.19071977099520154,2,D
medqa,574,c6f01b71-fe30-41d3-8680-5d08d0b7dd15,qwen3-8b,1,1,True,0.16752985000493936,2,B
medqa,575,c6f01b71-fe30-41d3-8680-5d08d0b7dd15,qwen3-8b,0,1,False,0.1895362560171634,2,A
medqa,576,c6f01b71-fe30-41d3-8680-5d08d0b7dd15,qwen3-8b,2,3,False,0.20885921601438895,2,C
medqa,577,c6f01b71-fe30-41d3-8680-5d08d0b7dd15,qwen3-8b,3,1,False,0.25394972698995844,2,D
medqa,578,c6f01b71-fe30-41d3-8680-5d08d0b7dd15,qwen3-8b,0,0,True,0.2318369690037798,2,A
medqa,579,c6f01b71-fe30-41d3-8680-5d08d0b7dd15,qwen3-8b,1,3,False,0.27480204301537015,2,B
medqa,580,c6f01b71-fe30-41d3-8680-5d08d0b7dd15,qwen3-8b,0,0,True,0.2277125880063977,2,A
medqa,581,c6f01b71-fe30-41d3-8680-5d08d0b7dd15,qwen3-8b,3,2,False,0.21535837900592014,2,D
medqa,582,c6f01b71-fe30-41d3-8680-5d08d0b7dd15,qwen3-8b,2,3,False,0.19070458397618495,2,C
medqa,583,c6f01b71-fe30-41d3-8680-5d08d0b7dd15,qwen3-8b,3,3,True,0.2085918770171702,2,D
medqa,584,c6f01b71-fe30-41d3-8680-5d08d0b7dd15,qwen3-8b,3,3,True,0.2066391959961038,2,D
medqa,585,c6f01b71-fe30-41d3-8680-5d08d0b7dd15,qwen3-8b,3,3,True,0.2102170809812378,2,D
medqa,586,c6f01b71-fe30-41d3-8680-5d08d0b7dd15,qwen3-8b,3,1,False,0.16820121600176208,2,D
medqa,587,c6f01b71-fe30-41d3-8680-5d08d0b7dd15,qwen3-8b,2,3,False,0.19227744999807328,2,C
medqa,588,c6f01b71-fe30-41d3-8680-5d08d0b7dd15,qwen3-8b,0,0,True,0.21046761400066316,2,A
medqa,589,c6f01b71-fe30-41d3-8680-5d08d0b7dd15,qwen3-8b,2,3,False,0.20703508099541068,2,C
medqa,590,c6f01b71-fe30-41d3-8680-5d08d0b7dd15,qwen3-8b,3,2,False,0.18940495300921611,2,D
medqa,591,c6f01b71-fe30-41d3-8680-5d08d0b7dd15,qwen3-8b,1,2,False,0.19692486798157915,2,B
medqa,592,c6f01b71-fe30-41d3-8680-5d08d0b7dd15,qwen3-8b,3,0,False,0.1942357080115471,2,D
medqa,593,c6f01b71-fe30-41d3-8680-5d08d0b7dd15,qwen3-8b,2,2,True,0.20758928899886087,2,C
medqa,594,c6f01b71-fe30-41d3-8680-5d08d0b7dd15,qwen3-8b,1,2,False,0.20863234699936584,2,B
medqa,595,c6f01b71-fe30-41d3-8680-5d08d0b7dd15,qwen3-8b,1,1,True,0.19288437499199063,2,B
medqa,596,c6f01b71-fe30-41d3-8680-5d08d0b7dd15,qwen3-8b,1,2,False,0.2104958709969651,2,B
medqa,597,c6f01b71-fe30-41d3-8680-5d08d0b7dd15,qwen3-8b,1,1,True,0.16820221999660134,2,B
medqa,598,c6f01b71-fe30-41d3-8680-5d08d0b7dd15,qwen3-8b,1,1,True,0.21165009401738644,2,B
medqa,599,c6f01b71-fe30-41d3-8680-5d08d0b7dd15,qwen3-8b,2,2,True,0.19996203799382783,2,C
medqa,600,c6f01b71-fe30-41d3-8680-5d08d0b7dd15,qwen3-8b,0,3,False,0.19093507499201223,2,A
medqa,601,c6f01b71-fe30-41d3-8680-5d08d0b7dd15,qwen3-8b,3,3,True,0.16856037901015952,2,D
medqa,602,c6f01b71-fe30-41d3-8680-5d08d0b7dd15,qwen3-8b,0,0,True,0.2266521689889487,2,A
medqa,603,c6f01b71-fe30-41d3-8680-5d08d0b7dd15,qwen3-8b,0,0,True,0.19369288499001414,2,A
medqa,604,c6f01b71-fe30-41d3-8680-5d08d0b7dd15,qwen3-8b,0,0,True,0.1897876109869685,2,A
medqa,605,c6f01b71-fe30-41d3-8680-5d08d0b7dd15,qwen3-8b,3,1,False,0.22813543598749675,2,D
medqa,606,c6f01b71-fe30-41d3-8680-5d08d0b7dd15,qwen3-8b,1,3,False,0.1896232709987089,2,B
medqa,607,c6f01b71-fe30-41d3-8680-5d08d0b7dd15,qwen3-8b,2,2,True,0.23249565900187008,2,C
medqa,608,c6f01b71-fe30-41d3-8680-5d08d0b7dd15,qwen3-8b,2,2,True,0.2310477940191049,2,C
medqa,609,c6f01b71-fe30-41d3-8680-5d08d0b7dd15,qwen3-8b,3,3,True,0.19046862499089912,2,D
medqa,610,c6f01b71-fe30-41d3-8680-5d08d0b7dd15,qwen3-8b,0,0,True,0.25377369800116867,2,A
medqa,611,c6f01b71-fe30-41d3-8680-5d08d0b7dd15,qwen3-8b,0,2,False,0.20842027600156143,2,A
medqa,612,c6f01b71-fe30-41d3-8680-5d08d0b7dd15,qwen3-8b,0,0,True,0.20878756200545467,2,A
medqa,613,c6f01b71-fe30-41d3-8680-5d08d0b7dd15,qwen3-8b,0,2,False,0.21330701099941507,2,A
medqa,614,c6f01b71-fe30-41d3-8680-5d08d0b7dd15,qwen3-8b,0,2,False,0.2711626390228048,2,A
medqa,615,c6f01b71-fe30-41d3-8680-5d08d0b7dd15,qwen3-8b,3,0,False,0.2076491920161061,2,D
medqa,616,c6f01b71-fe30-41d3-8680-5d08d0b7dd15,qwen3-8b,1,3,False,0.1900158670032397,2,B
medqa,617,c6f01b71-fe30-41d3-8680-5d08d0b7dd15,qwen3-8b,1,1,True,0.16941912300535478,2,B
medqa,618,c6f01b71-fe30-41d3-8680-5d08d0b7dd15,qwen3-8b,3,2,False,0.2088179590064101,2,D
medqa,619,c6f01b71-fe30-41d3-8680-5d08d0b7dd15,qwen3-8b,3,3,True,0.18991377297788858,2,D
medqa,620,c6f01b71-fe30-41d3-8680-5d08d0b7dd15,qwen3-8b,2,2,True,0.1689846579974983,2,C
medqa,621,c6f01b71-fe30-41d3-8680-5d08d0b7dd15,qwen3-8b,1,3,False,0.2066502700035926,2,B
medqa,622,c6f01b71-fe30-41d3-8680-5d08d0b7dd15,qwen3-8b,1,2,False,0.21431649901205674,2,B
medqa,623,c6f01b71-fe30-41d3-8680-5d08d0b7dd15,qwen3-8b,0,0,True,0.1894130419823341,2,A
medqa,624,c6f01b71-fe30-41d3-8680-5d08d0b7dd15,qwen3-8b,3,3,True,0.1939717780041974,2,D
medqa,625,c6f01b71-fe30-41d3-8680-5d08d0b7dd15,qwen3-8b,3,1,False,0.18960819000494666,2,D
medqa,626,c6f01b71-fe30-41d3-8680-5d08d0b7dd15,qwen3-8b,3,3,True,0.23220630499417894,2,D
medqa,627,c6f01b71-fe30-41d3-8680-5d08d0b7dd15,qwen3-8b,0,2,False,0.2113104879972525,2,A
medqa,628,c6f01b71-fe30-41d3-8680-5d08d0b7dd15,qwen3-8b,3,2,False,0.29126273398287594,2,D
medqa,629,c6f01b71-fe30-41d3-8680-5d08d0b7dd15,qwen3-8b,3,3,True,0.19152388101792894,2,D
medqa,630,c6f01b71-fe30-41d3-8680-5d08d0b7dd15,qwen3-8b,3,3,True,0.19065139099257067,2,D
medqa,631,c6f01b71-fe30-41d3-8680-5d08d0b7dd15,qwen3-8b,1,1,True,0.25139008898986503,2,B
medqa,632,c6f01b71-fe30-41d3-8680-5d08d0b7dd15,qwen3-8b,3,3,True,0.1933763159904629,2,D
medqa,633,c6f01b71-fe30-41d3-8680-5d08d0b7dd15,qwen3-8b,2,1,False,0.2326453640125692,2,C
medqa,634,c6f01b71-fe30-41d3-8680-5d08d0b7dd15,qwen3-8b,0,0,True,0.22939029400004074,2,A
medqa,635,c6f01b71-fe30-41d3-8680-5d08d0b7dd15,qwen3-8b,1,1,True,0.2090572369925212,2,B
medqa,636,c6f01b71-fe30-41d3-8680-5d08d0b7dd15,qwen3-8b,0,0,True,0.1899903479788918,2,A
medqa,637,c6f01b71-fe30-41d3-8680-5d08d0b7dd15,qwen3-8b,1,0,False,0.2069534189940896,2,B
medqa,638,c6f01b71-fe30-41d3-8680-5d08d0b7dd15,qwen3-8b,0,0,True,0.19087326599401422,2,A
medqa,639,c6f01b71-fe30-41d3-8680-5d08d0b7dd15,qwen3-8b,3,0,False,0.23104357699048705,2,D
medqa,640,c6f01b71-fe30-41d3-8680-5d08d0b7dd15,qwen3-8b,3,3,True,0.22962844200083055,2,D
medqa,641,c6f01b71-fe30-41d3-8680-5d08d0b7dd15,qwen3-8b,0,0,True,0.25057847099378705,2,A
medqa,642,c6f01b71-fe30-41d3-8680-5d08d0b7dd15,qwen3-8b,0,0,True,0.19677287200465798,2,A
medqa,643,c6f01b71-fe30-41d3-8680-5d08d0b7dd15,qwen3-8b,1,3,False,0.19076150897308253,2,B
medqa,644,c6f01b71-fe30-41d3-8680-5d08d0b7dd15,qwen3-8b,2,1,False,0.17028370799380355,2,C
medqa,645,c6f01b71-fe30-41d3-8680-5d08d0b7dd15,qwen3-8b,1,1,True,0.2089725170226302,2,B
medqa,646,c6f01b71-fe30-41d3-8680-5d08d0b7dd15,qwen3-8b,1,1,True,0.19015853901510127,2,B
medqa,647,c6f01b71-fe30-41d3-8680-5d08d0b7dd15,qwen3-8b,3,1,False,0.19075835100375116,2,D
medqa,648,c6f01b71-fe30-41d3-8680-5d08d0b7dd15,qwen3-8b,0,0,True,0.1701209910097532,2,A
medqa,649,c6f01b71-fe30-41d3-8680-5d08d0b7dd15,qwen3-8b,0,0,True,0.18885033900733106,2,A
medqa,650,c6f01b71-fe30-41d3-8680-5d08d0b7dd15,qwen3-8b,2,2,True,0.21035745699191466,2,C
medqa,651,c6f01b71-fe30-41d3-8680-5d08d0b7dd15,qwen3-8b,1,2,False,0.2076018679945264,2,B
medqa,652,c6f01b71-fe30-41d3-8680-5d08d0b7dd15,qwen3-8b,2,2,True,0.2505470190080814,2,C
medqa,653,c6f01b71-fe30-41d3-8680-5d08d0b7dd15,qwen3-8b,0,0,True,0.22885872298502363,2,A
medqa,654,c6f01b71-fe30-41d3-8680-5d08d0b7dd15,qwen3-8b,0,0,True,0.2546295200008899,2,A
medqa,655,c6f01b71-fe30-41d3-8680-5d08d0b7dd15,qwen3-8b,3,1,False,0.16934078600024804,2,D
medqa,656,c6f01b71-fe30-41d3-8680-5d08d0b7dd15,qwen3-8b,3,3,True,0.20812431100057438,2,D
medqa,657,c6f01b71-fe30-41d3-8680-5d08d0b7dd15,qwen3-8b,3,3,True,0.2919753589958418,2,D
medqa,658,c6f01b71-fe30-41d3-8680-5d08d0b7dd15,qwen3-8b,2,2,True,0.2084433839772828,2,C
medqa,659,c6f01b71-fe30-41d3-8680-5d08d0b7dd15,qwen3-8b,1,2,False,0.21288455900503322,2,B
medqa,660,c6f01b71-fe30-41d3-8680-5d08d0b7dd15,qwen3-8b,0,0,True,0.2072251130011864,2,A
medqa,661,c6f01b71-fe30-41d3-8680-5d08d0b7dd15,qwen3-8b,0,0,True,0.18931427199277095,2,A
medqa,662,c6f01b71-fe30-41d3-8680-5d08d0b7dd15,qwen3-8b,3,3,True,0.21066470601363108,2,D
medqa,663,c6f01b71-fe30-41d3-8680-5d08d0b7dd15,qwen3-8b,0,3,False,0.19158934499137104,2,A
medqa,664,c6f01b71-fe30-41d3-8680-5d08d0b7dd15,qwen3-8b,0,2,False,0.19083831700845622,2,A
medqa,665,c6f01b71-fe30-41d3-8680-5d08d0b7dd15,qwen3-8b,3,1,False,0.19024679801077582,2,D
medqa,666,c6f01b71-fe30-41d3-8680-5d08d0b7dd15,qwen3-8b,0,0,True,0.20882234600139782,2,A
medqa,667,c6f01b71-fe30-41d3-8680-5d08d0b7dd15,qwen3-8b,0,0,True,0.19263249399955384,2,A
medqa,668,c6f01b71-fe30-41d3-8680-5d08d0b7dd15,qwen3-8b,1,1,True,0.19020703801652417,2,B
medqa,669,c6f01b71-fe30-41d3-8680-5d08d0b7dd15,qwen3-8b,0,1,False,0.20900089599308558,2,A
medqa,670,c6f01b71-fe30-41d3-8680-5d08d0b7dd15,qwen3-8b,0,3,False,0.18742257801932283,2,A
medqa,671,c6f01b71-fe30-41d3-8680-5d08d0b7dd15,qwen3-8b,1,1,True,0.18940272100735456,2,B
medqa,672,c6f01b71-fe30-41d3-8680-5d08d0b7dd15,qwen3-8b,1,1,True,0.190271222993033,2,B
medqa,673,c6f01b71-fe30-41d3-8680-5d08d0b7dd15,qwen3-8b,1,3,False,0.20973239999148063,2,B
medqa,674,c6f01b71-fe30-41d3-8680-5d08d0b7dd15,qwen3-8b,0,0,True,0.17097991300397553,2,A
medqa,675,c6f01b71-fe30-41d3-8680-5d08d0b7dd15,qwen3-8b,2,2,True,0.19007540799793787,2,C
medqa,676,c6f01b71-fe30-41d3-8680-5d08d0b7dd15,qwen3-8b,0,0,True,0.19586368999443948,2,A
medqa,677,c6f01b71-fe30-41d3-8680-5d08d0b7dd15,qwen3-8b,0,0,True,0.18859862702083774,2,A
medqa,678,c6f01b71-fe30-41d3-8680-5d08d0b7dd15,qwen3-8b,1,1,True,0.20727948599960655,2,B
medqa,679,c6f01b71-fe30-41d3-8680-5d08d0b7dd15,qwen3-8b,1,1,True,0.1932849260047078,2,B
medqa,680,c6f01b71-fe30-41d3-8680-5d08d0b7dd15,qwen3-8b,3,3,True,0.22791225701803342,2,D
medqa,681,c6f01b71-fe30-41d3-8680-5d08d0b7dd15,qwen3-8b,1,1,True,0.22921853000298142,2,B
medqa,682,c6f01b71-fe30-41d3-8680-5d08d0b7dd15,qwen3-8b,3,3,True,0.25621842601685785,2,D
medqa,683,c6f01b71-fe30-41d3-8680-5d08d0b7dd15,qwen3-8b,3,2,False,0.25580182098201476,2,D
medqa,684,c6f01b71-fe30-41d3-8680-5d08d0b7dd15,qwen3-8b,2,1,False,0.20882836100645363,2,C
medqa,685,c6f01b71-fe30-41d3-8680-5d08d0b7dd15,qwen3-8b,2,2,True,0.16883872100152075,2,C
medqa,686,c6f01b71-fe30-41d3-8680-5d08d0b7dd15,qwen3-8b,0,0,True,0.1919358980085235,2,A
medqa,687,c6f01b71-fe30-41d3-8680-5d08d0b7dd15,qwen3-8b,0,0,True,0.19148123997729272,2,A
medqa,688,c6f01b71-fe30-41d3-8680-5d08d0b7dd15,qwen3-8b,2,0,False,0.2522072069987189,2,C
medqa,689,c6f01b71-fe30-41d3-8680-5d08d0b7dd15,qwen3-8b,1,2,False,0.20859082700917497,2,B
medqa,690,c6f01b71-fe30-41d3-8680-5d08d0b7dd15,qwen3-8b,2,0,False,0.2078473150031641,2,C
medqa,691,c6f01b71-fe30-41d3-8680-5d08d0b7dd15,qwen3-8b,1,1,True,0.21216883999295533,2,B
medqa,692,c6f01b71-fe30-41d3-8680-5d08d0b7dd15,qwen3-8b,2,2,True,0.19140446800156496,2,C
medqa,693,c6f01b71-fe30-41d3-8680-5d08d0b7dd15,qwen3-8b,1,1,True,0.21209661799366586,2,B
medqa,694,c6f01b71-fe30-41d3-8680-5d08d0b7dd15,qwen3-8b,0,0,True,0.18950777599820867,2,A
medqa,695,c6f01b71-fe30-41d3-8680-5d08d0b7dd15,qwen3-8b,3,1,False,0.27412596700014547,2,D
medqa,696,c6f01b71-fe30-41d3-8680-5d08d0b7dd15,qwen3-8b,3,3,True,0.1912555169838015,2,D
medqa,697,c6f01b71-fe30-41d3-8680-5d08d0b7dd15,qwen3-8b,1,3,False,0.1697870170173701,2,B
medqa,698,c6f01b71-fe30-41d3-8680-5d08d0b7dd15,qwen3-8b,0,0,True,0.18941371099208482,2,A
medqa,699,c6f01b71-fe30-41d3-8680-5d08d0b7dd15,qwen3-8b,3,0,False,0.2279132099938579,2,D
medqa,700,c6f01b71-fe30-41d3-8680-5d08d0b7dd15,qwen3-8b,1,1,True,0.2185358229908161,2,B
medqa,701,c6f01b71-fe30-41d3-8680-5d08d0b7dd15,qwen3-8b,3,2,False,0.22540739699616097,2,D
medqa,702,c6f01b71-fe30-41d3-8680-5d08d0b7dd15,qwen3-8b,3,2,False,0.23465299198869616,2,D
medqa,703,c6f01b71-fe30-41d3-8680-5d08d0b7dd15,qwen3-8b,3,3,True,0.24401322301127948,2,D
medqa,704,c6f01b71-fe30-41d3-8680-5d08d0b7dd15,qwen3-8b,3,3,True,0.1876463299850002,2,D
medqa,705,c6f01b71-fe30-41d3-8680-5d08d0b7dd15,qwen3-8b,2,2,True,0.258246275014244,2,C
medqa,706,c6f01b71-fe30-41d3-8680-5d08d0b7dd15,qwen3-8b,3,1,False,0.25166408900986426,2,D
medqa,707,c6f01b71-fe30-41d3-8680-5d08d0b7dd15,qwen3-8b,2,2,True,0.22415731099317782,2,C
medqa,708,c6f01b71-fe30-41d3-8680-5d08d0b7dd15,qwen3-8b,0,0,True,0.26241791699430905,2,A
medqa,709,c6f01b71-fe30-41d3-8680-5d08d0b7dd15,qwen3-8b,0,0,True,0.20542085499619134,2,A
medqa,710,c6f01b71-fe30-41d3-8680-5d08d0b7dd15,qwen3-8b,3,2,False,0.2349767569976393,2,D
medqa,711,c6f01b71-fe30-41d3-8680-5d08d0b7dd15,qwen3-8b,2,2,True,0.21853042300790548,2,C
medqa,712,c6f01b71-fe30-41d3-8680-5d08d0b7dd15,qwen3-8b,2,2,True,0.26573274200200103,2,C
medqa,713,c6f01b71-fe30-41d3-8680-5d08d0b7dd15,qwen3-8b,0,0,True,0.22931671800324693,2,A
medqa,714,c6f01b71-fe30-41d3-8680-5d08d0b7dd15,qwen3-8b,0,1,False,0.2276732469908893,2,A
medqa,715,c6f01b71-fe30-41d3-8680-5d08d0b7dd15,qwen3-8b,3,1,False,0.19585258900769986,2,D
medqa,716,c6f01b71-fe30-41d3-8680-5d08d0b7dd15,qwen3-8b,2,2,True,0.21623972500674427,2,C
medqa,717,c6f01b71-fe30-41d3-8680-5d08d0b7dd15,qwen3-8b,1,1,True,0.2890609379974194,2,B
medqa,718,c6f01b71-fe30-41d3-8680-5d08d0b7dd15,qwen3-8b,1,3,False,0.18435418399167247,2,B
medqa,719,c6f01b71-fe30-41d3-8680-5d08d0b7dd15,qwen3-8b,1,0,False,0.16966549601056613,2,B
medqa,720,c6f01b71-fe30-41d3-8680-5d08d0b7dd15,qwen3-8b,3,1,False,0.18951200798619539,2,D
medqa,721,c6f01b71-fe30-41d3-8680-5d08d0b7dd15,qwen3-8b,1,1,True,0.1847773710032925,2,B
medqa,722,c6f01b71-fe30-41d3-8680-5d08d0b7dd15,qwen3-8b,3,3,True,0.22347058201557957,2,D
medqa,723,c6f01b71-fe30-41d3-8680-5d08d0b7dd15,qwen3-8b,0,2,False,0.19987533500534482,2,A
medqa,724,c6f01b71-fe30-41d3-8680-5d08d0b7dd15,qwen3-8b,0,3,False,0.270071970007848,2,A
medqa,725,c6f01b71-fe30-41d3-8680-5d08d0b7dd15,qwen3-8b,0,2,False,0.19207038002787158,2,A
medqa,726,c6f01b71-fe30-41d3-8680-5d08d0b7dd15,qwen3-8b,3,3,True,0.21257171299657784,2,D
medqa,727,c6f01b71-fe30-41d3-8680-5d08d0b7dd15,qwen3-8b,0,0,True,0.2390215749910567,2,A
medqa,728,c6f01b71-fe30-41d3-8680-5d08d0b7dd15,qwen3-8b,2,2,True,0.2098807559814304,2,C
medqa,729,c6f01b71-fe30-41d3-8680-5d08d0b7dd15,qwen3-8b,2,2,True,0.26825561802252196,2,C
medqa,730,c6f01b71-fe30-41d3-8680-5d08d0b7dd15,qwen3-8b,0,3,False,0.24707127298461273,2,A
medqa,731,c6f01b71-fe30-41d3-8680-5d08d0b7dd15,qwen3-8b,1,1,True,0.1935097060049884,2,B
medqa,732,c6f01b71-fe30-41d3-8680-5d08d0b7dd15,qwen3-8b,1,1,True,0.26557309200870804,2,B
medqa,733,c6f01b71-fe30-41d3-8680-5d08d0b7dd15,qwen3-8b,1,1,True,0.21283926197793335,2,B
medqa,734,c6f01b71-fe30-41d3-8680-5d08d0b7dd15,qwen3-8b,0,2,False,0.2345892970042769,2,A
medqa,735,c6f01b71-fe30-41d3-8680-5d08d0b7dd15,qwen3-8b,0,0,True,0.24825077201239765,2,A
medqa,736,c6f01b71-fe30-41d3-8680-5d08d0b7dd15,qwen3-8b,3,0,False,0.21707755597890355,2,D
medqa,737,c6f01b71-fe30-41d3-8680-5d08d0b7dd15,qwen3-8b,2,2,True,0.21224341102060862,2,C
medqa,738,c6f01b71-fe30-41d3-8680-5d08d0b7dd15,qwen3-8b,1,0,False,0.19377260899636894,2,B
medqa,739,c6f01b71-fe30-41d3-8680-5d08d0b7dd15,qwen3-8b,0,0,True,0.23734739399515092,2,A
medqa,740,c6f01b71-fe30-41d3-8680-5d08d0b7dd15,qwen3-8b,3,3,True,0.19519482800387777,2,D
medqa,741,c6f01b71-fe30-41d3-8680-5d08d0b7dd15,qwen3-8b,0,0,True,0.17116072299540974,2,A
medqa,742,c6f01b71-fe30-41d3-8680-5d08d0b7dd15,qwen3-8b,0,1,False,0.2111797780089546,2,A
medqa,743,c6f01b71-fe30-41d3-8680-5d08d0b7dd15,qwen3-8b,1,1,True,0.21668121399125084,2,B
medqa,744,c6f01b71-fe30-41d3-8680-5d08d0b7dd15,qwen3-8b,2,2,True,0.23662058199988678,2,C
medqa,745,c6f01b71-fe30-41d3-8680-5d08d0b7dd15,qwen3-8b,0,0,True,0.22717887899489142,2,A
medqa,746,c6f01b71-fe30-41d3-8680-5d08d0b7dd15,qwen3-8b,3,1,False,0.2832035920000635,2,D
medqa,747,c6f01b71-fe30-41d3-8680-5d08d0b7dd15,qwen3-8b,2,2,True,0.2625019139959477,2,C
medqa,748,c6f01b71-fe30-41d3-8680-5d08d0b7dd15,qwen3-8b,1,0,False,0.2250894549943041,2,B
medqa,749,c6f01b71-fe30-41d3-8680-5d08d0b7dd15,qwen3-8b,0,2,False,0.22257012000773102,2,A
medqa,750,c6f01b71-fe30-41d3-8680-5d08d0b7dd15,qwen3-8b,1,1,True,0.1908272939908784,2,B
medqa,751,c6f01b71-fe30-41d3-8680-5d08d0b7dd15,qwen3-8b,2,1,False,0.16820482700131834,2,C
medqa,752,c6f01b71-fe30-41d3-8680-5d08d0b7dd15,qwen3-8b,3,2,False,0.2371767830045428,2,D
medqa,753,c6f01b71-fe30-41d3-8680-5d08d0b7dd15,qwen3-8b,2,2,True,0.21235444999183528,2,C
medqa,754,c6f01b71-fe30-41d3-8680-5d08d0b7dd15,qwen3-8b,1,1,True,0.2788281260000076,2,B
medqa,755,c6f01b71-fe30-41d3-8680-5d08d0b7dd15,qwen3-8b,3,2,False,0.24169495300156996,2,D
medqa,756,c6f01b71-fe30-41d3-8680-5d08d0b7dd15,qwen3-8b,0,1,False,0.20902089998708107,2,A
medqa,757,c6f01b71-fe30-41d3-8680-5d08d0b7dd15,qwen3-8b,2,3,False,0.22865668500890024,2,C
medqa,758,c6f01b71-fe30-41d3-8680-5d08d0b7dd15,qwen3-8b,1,3,False,0.27366935298778117,2,B
medqa,759,c6f01b71-fe30-41d3-8680-5d08d0b7dd15,qwen3-8b,2,2,True,0.2519633199844975,2,C
medqa,760,c6f01b71-fe30-41d3-8680-5d08d0b7dd15,qwen3-8b,1,1,True,0.24338044700562023,2,B
medqa,761,c6f01b71-fe30-41d3-8680-5d08d0b7dd15,qwen3-8b,3,3,True,0.25263780099339783,2,D
medqa,762,c6f01b71-fe30-41d3-8680-5d08d0b7dd15,qwen3-8b,0,2,False,0.1905612320115324,2,A
medqa,763,c6f01b71-fe30-41d3-8680-5d08d0b7dd15,qwen3-8b,2,0,False,0.22947023500455543,2,C
medqa,764,c6f01b71-fe30-41d3-8680-5d08d0b7dd15,qwen3-8b,3,2,False,0.2104865410074126,2,D
medqa,765,c6f01b71-fe30-41d3-8680-5d08d0b7dd15,qwen3-8b,2,2,True,0.16870196899981238,2,C
medqa,766,c6f01b71-fe30-41d3-8680-5d08d0b7dd15,qwen3-8b,1,3,False,0.18762123299529776,2,B
medqa,767,c6f01b71-fe30-41d3-8680-5d08d0b7dd15,qwen3-8b,0,0,True,0.22274576098425314,2,A
medqa,768,c6f01b71-fe30-41d3-8680-5d08d0b7dd15,qwen3-8b,2,1,False,0.25261258499813266,2,C
medqa,769,c6f01b71-fe30-41d3-8680-5d08d0b7dd15,qwen3-8b,2,2,True,0.2086446339963004,2,C
medqa,770,c6f01b71-fe30-41d3-8680-5d08d0b7dd15,qwen3-8b,1,1,True,0.21803035898483358,2,B
medqa,771,c6f01b71-fe30-41d3-8680-5d08d0b7dd15,qwen3-8b,3,2,False,0.1995058720058296,2,D
medqa,772,c6f01b71-fe30-41d3-8680-5d08d0b7dd15,qwen3-8b,1,3,False,0.23612861498259008,2,B
medqa,773,c6f01b71-fe30-41d3-8680-5d08d0b7dd15,qwen3-8b,0,0,True,0.20839767099823803,2,A
medqa,774,c6f01b71-fe30-41d3-8680-5d08d0b7dd15,qwen3-8b,2,3,False,0.19099958200240508,2,C
medqa,775,c6f01b71-fe30-41d3-8680-5d08d0b7dd15,qwen3-8b,0,0,True,0.16714734499691986,2,A
medqa,776,c6f01b71-fe30-41d3-8680-5d08d0b7dd15,qwen3-8b,1,1,True,0.20244499199907295,2,B
medqa,777,c6f01b71-fe30-41d3-8680-5d08d0b7dd15,qwen3-8b,2,2,True,0.208123244025046,2,C
medqa,778,c6f01b71-fe30-41d3-8680-5d08d0b7dd15,qwen3-8b,0,2,False,0.19170926199876703,2,A
medqa,779,c6f01b71-fe30-41d3-8680-5d08d0b7dd15,qwen3-8b,3,3,True,0.24320833198726177,2,D
medqa,780,c6f01b71-fe30-41d3-8680-5d08d0b7dd15,qwen3-8b,0,2,False,0.2739045729977079,2,A
medqa,781,c6f01b71-fe30-41d3-8680-5d08d0b7dd15,qwen3-8b,3,3,True,0.22881921101361513,2,D
medqa,782,c6f01b71-fe30-41d3-8680-5d08d0b7dd15,qwen3-8b,3,3,True,0.22233927599154413,2,D
medqa,783,c6f01b71-fe30-41d3-8680-5d08d0b7dd15,qwen3-8b,0,1,False,0.22310108700185083,2,A
medqa,784,c6f01b71-fe30-41d3-8680-5d08d0b7dd15,qwen3-8b,3,1,False,0.20732106300420128,2,D
medqa,785,c6f01b71-fe30-41d3-8680-5d08d0b7dd15,qwen3-8b,2,3,False,0.23548218997893855,2,C
medqa,786,c6f01b71-fe30-41d3-8680-5d08d0b7dd15,qwen3-8b,3,3,True,0.19504070898983628,2,D
medqa,787,c6f01b71-fe30-41d3-8680-5d08d0b7dd15,qwen3-8b,0,2,False,0.21610245999181643,2,A
medqa,788,c6f01b71-fe30-41d3-8680-5d08d0b7dd15,qwen3-8b,2,2,True,0.23188880897942,2,C
medqa,789,c6f01b71-fe30-41d3-8680-5d08d0b7dd15,qwen3-8b,0,2,False,0.2414069779915735,2,A
medqa,790,c6f01b71-fe30-41d3-8680-5d08d0b7dd15,qwen3-8b,0,1,False,0.22702856300747953,2,A
medqa,791,c6f01b71-fe30-41d3-8680-5d08d0b7dd15,qwen3-8b,1,0,False,0.24537455101381056,2,B
medqa,792,c6f01b71-fe30-41d3-8680-5d08d0b7dd15,qwen3-8b,3,1,False,0.17539904298610054,2,D
medqa,793,c6f01b71-fe30-41d3-8680-5d08d0b7dd15,qwen3-8b,1,1,True,0.21740495899575762,2,B
medqa,794,c6f01b71-fe30-41d3-8680-5d08d0b7dd15,qwen3-8b,3,3,True,0.23067201097728685,2,D
medqa,795,c6f01b71-fe30-41d3-8680-5d08d0b7dd15,qwen3-8b,2,2,True,0.21552853501634672,2,C
medqa,796,c6f01b71-fe30-41d3-8680-5d08d0b7dd15,qwen3-8b,2,2,True,0.2137770990084391,2,C
medqa,797,c6f01b71-fe30-41d3-8680-5d08d0b7dd15,qwen3-8b,1,3,False,0.19047059799777344,2,B
medqa,798,c6f01b71-fe30-41d3-8680-5d08d0b7dd15,qwen3-8b,3,2,False,0.21545998699730262,2,D
medqa,799,c6f01b71-fe30-41d3-8680-5d08d0b7dd15,qwen3-8b,1,1,True,0.24526442200294696,2,B
medqa,800,c6f01b71-fe30-41d3-8680-5d08d0b7dd15,qwen3-8b,3,1,False,0.18530951999127865,2,D
medqa,801,c6f01b71-fe30-41d3-8680-5d08d0b7dd15,qwen3-8b,0,1,False,0.20342049800092354,2,A
medqa,802,c6f01b71-fe30-41d3-8680-5d08d0b7dd15,qwen3-8b,0,3,False,0.23605478601530194,2,A
medqa,803,c6f01b71-fe30-41d3-8680-5d08d0b7dd15,qwen3-8b,3,0,False,0.23726913501741365,2,D
medqa,804,c6f01b71-fe30-41d3-8680-5d08d0b7dd15,qwen3-8b,2,0,False,0.208759706991259,2,C
medqa,805,c6f01b71-fe30-41d3-8680-5d08d0b7dd15,qwen3-8b,1,1,True,0.18918228399707004,2,B
medqa,806,c6f01b71-fe30-41d3-8680-5d08d0b7dd15,qwen3-8b,0,0,True,0.21257274199160747,2,A
medqa,807,c6f01b71-fe30-41d3-8680-5d08d0b7dd15,qwen3-8b,0,0,True,0.2638744269788731,2,A
medqa,808,c6f01b71-fe30-41d3-8680-5d08d0b7dd15,qwen3-8b,2,2,True,0.22976407999522053,2,C
medqa,809,c6f01b71-fe30-41d3-8680-5d08d0b7dd15,qwen3-8b,1,1,True,0.2483628430054523,2,B
medqa,810,c6f01b71-fe30-41d3-8680-5d08d0b7dd15,qwen3-8b,1,0,False,0.21309963602107018,2,B
medqa,811,c6f01b71-fe30-41d3-8680-5d08d0b7dd15,qwen3-8b,3,3,True,0.19823930799611844,2,D
medqa,812,c6f01b71-fe30-41d3-8680-5d08d0b7dd15,qwen3-8b,2,3,False,0.21423690899973735,2,C
medqa,813,c6f01b71-fe30-41d3-8680-5d08d0b7dd15,qwen3-8b,2,2,True,0.21164069999940693,2,C
medqa,814,c6f01b71-fe30-41d3-8680-5d08d0b7dd15,qwen3-8b,3,3,True,0.19439801899716258,2,D
medqa,815,c6f01b71-fe30-41d3-8680-5d08d0b7dd15,qwen3-8b,0,0,True,0.2346470460179262,2,A
medqa,816,c6f01b71-fe30-41d3-8680-5d08d0b7dd15,qwen3-8b,2,0,False,0.19013179201283492,2,C
medqa,817,c6f01b71-fe30-41d3-8680-5d08d0b7dd15,qwen3-8b,2,2,True,0.19255745300324634,2,C
medqa,818,c6f01b71-fe30-41d3-8680-5d08d0b7dd15,qwen3-8b,0,0,True,0.1950705570052378,2,A
medqa,819,c6f01b71-fe30-41d3-8680-5d08d0b7dd15,qwen3-8b,1,3,False,0.19303114101057872,2,B
medqa,820,c6f01b71-fe30-41d3-8680-5d08d0b7dd15,qwen3-8b,2,2,True,0.21007295500021428,2,C
medqa,821,c6f01b71-fe30-41d3-8680-5d08d0b7dd15,qwen3-8b,2,2,True,0.20061778198578395,2,C
medqa,822,c6f01b71-fe30-41d3-8680-5d08d0b7dd15,qwen3-8b,1,2,False,0.2748160490009468,2,B
medqa,823,c6f01b71-fe30-41d3-8680-5d08d0b7dd15,qwen3-8b,0,2,False,0.195777768996777,2,A
medqa,824,c6f01b71-fe30-41d3-8680-5d08d0b7dd15,qwen3-8b,0,0,True,0.21492094499990344,2,A
medqa,825,c6f01b71-fe30-41d3-8680-5d08d0b7dd15,qwen3-8b,1,2,False,0.2347950860275887,2,B
medqa,826,c6f01b71-fe30-41d3-8680-5d08d0b7dd15,qwen3-8b,2,1,False,0.2154628800053615,2,C
medqa,827,c6f01b71-fe30-41d3-8680-5d08d0b7dd15,qwen3-8b,0,0,True,0.23726640798849985,2,A
medqa,828,c6f01b71-fe30-41d3-8680-5d08d0b7dd15,qwen3-8b,3,1,False,0.21444547199644148,2,D
medqa,829,c6f01b71-fe30-41d3-8680-5d08d0b7dd15,qwen3-8b,0,3,False,0.2251821249956265,2,A
medqa,830,c6f01b71-fe30-41d3-8680-5d08d0b7dd15,qwen3-8b,1,1,True,0.20963040200877003,2,B
medqa,831,c6f01b71-fe30-41d3-8680-5d08d0b7dd15,qwen3-8b,0,0,True,0.24097698199329898,2,A
medqa,832,c6f01b71-fe30-41d3-8680-5d08d0b7dd15,qwen3-8b,1,1,True,0.25283633699291386,2,B
medqa,833,c6f01b71-fe30-41d3-8680-5d08d0b7dd15,qwen3-8b,3,3,True,0.23754796001594514,2,D
medqa,834,c6f01b71-fe30-41d3-8680-5d08d0b7dd15,qwen3-8b,2,2,True,0.17396733097848482,2,C
medqa,835,c6f01b71-fe30-41d3-8680-5d08d0b7dd15,qwen3-8b,2,2,True,0.19141142099397257,2,C
medqa,836,c6f01b71-fe30-41d3-8680-5d08d0b7dd15,qwen3-8b,0,0,True,0.16781572997570038,2,A
medqa,837,c6f01b71-fe30-41d3-8680-5d08d0b7dd15,qwen3-8b,3,3,True,0.25517402999685146,2,D
medqa,838,c6f01b71-fe30-41d3-8680-5d08d0b7dd15,qwen3-8b,0,0,True,0.21178420798969455,2,A
medqa,839,c6f01b71-fe30-41d3-8680-5d08d0b7dd15,qwen3-8b,1,1,True,0.1939912440138869,2,B
medqa,840,c6f01b71-fe30-41d3-8680-5d08d0b7dd15,qwen3-8b,3,3,True,0.1678404199774377,2,D
medqa,841,c6f01b71-fe30-41d3-8680-5d08d0b7dd15,qwen3-8b,1,1,True,0.1943884010252077,2,B
medqa,842,c6f01b71-fe30-41d3-8680-5d08d0b7dd15,qwen3-8b,2,2,True,0.19195530700380914,2,C
medqa,843,c6f01b71-fe30-41d3-8680-5d08d0b7dd15,qwen3-8b,0,2,False,0.2301552970020566,2,A
medqa,844,c6f01b71-fe30-41d3-8680-5d08d0b7dd15,qwen3-8b,0,0,True,0.19150313598220237,2,A
medqa,845,c6f01b71-fe30-41d3-8680-5d08d0b7dd15,qwen3-8b,0,0,True,0.19383684001513757,2,A
medqa,846,c6f01b71-fe30-41d3-8680-5d08d0b7dd15,qwen3-8b,2,2,True,0.21070627399603836,2,C
medqa,847,c6f01b71-fe30-41d3-8680-5d08d0b7dd15,qwen3-8b,2,2,True,0.17842206000932492,2,C
medqa,848,c6f01b71-fe30-41d3-8680-5d08d0b7dd15,qwen3-8b,1,1,True,0.2094029969885014,2,B
medqa,849,c6f01b71-fe30-41d3-8680-5d08d0b7dd15,qwen3-8b,3,3,True,0.1682573069992941,2,D
medqa,850,c6f01b71-fe30-41d3-8680-5d08d0b7dd15,qwen3-8b,0,1,False,0.1952166139963083,2,A
medqa,851,c6f01b71-fe30-41d3-8680-5d08d0b7dd15,qwen3-8b,2,2,True,0.23677041998598725,2,C
medqa,852,c6f01b71-fe30-41d3-8680-5d08d0b7dd15,qwen3-8b,2,2,True,0.2954167530115228,2,C
medqa,853,c6f01b71-fe30-41d3-8680-5d08d0b7dd15,qwen3-8b,1,2,False,0.21559043298475444,2,B
medqa,854,c6f01b71-fe30-41d3-8680-5d08d0b7dd15,qwen3-8b,2,1,False,0.2093167720013298,2,C
medqa,855,c6f01b71-fe30-41d3-8680-5d08d0b7dd15,qwen3-8b,0,1,False,0.2106529549928382,2,A
medqa,856,c6f01b71-fe30-41d3-8680-5d08d0b7dd15,qwen3-8b,0,2,False,0.19134475698228925,2,A
medqa,857,c6f01b71-fe30-41d3-8680-5d08d0b7dd15,qwen3-8b,2,2,True,0.20593339100014418,2,C
medqa,858,c6f01b71-fe30-41d3-8680-5d08d0b7dd15,qwen3-8b,0,0,True,0.1724531210202258,2,A
medqa,859,c6f01b71-fe30-41d3-8680-5d08d0b7dd15,qwen3-8b,3,3,True,0.1941145580203738,2,D
medqa,860,c6f01b71-fe30-41d3-8680-5d08d0b7dd15,qwen3-8b,2,2,True,0.21283789500012062,2,C
medqa,861,c6f01b71-fe30-41d3-8680-5d08d0b7dd15,qwen3-8b,3,1,False,0.1933429500204511,2,D
medqa,862,c6f01b71-fe30-41d3-8680-5d08d0b7dd15,qwen3-8b,0,1,False,0.23217250499874353,2,A
medqa,863,c6f01b71-fe30-41d3-8680-5d08d0b7dd15,qwen3-8b,0,0,True,0.2317256630049087,2,A
medqa,864,c6f01b71-fe30-41d3-8680-5d08d0b7dd15,qwen3-8b,3,3,True,0.20798931099125184,2,D
medqa,865,c6f01b71-fe30-41d3-8680-5d08d0b7dd15,qwen3-8b,2,2,True,0.2715846689825412,2,C
medqa,866,c6f01b71-fe30-41d3-8680-5d08d0b7dd15,qwen3-8b,1,0,False,0.2718201729876455,2,B
medqa,867,c6f01b71-fe30-41d3-8680-5d08d0b7dd15,qwen3-8b,3,0,False,0.2587953509937506,2,D
medqa,868,c6f01b71-fe30-41d3-8680-5d08d0b7dd15,qwen3-8b,2,2,True,0.23259276399039663,2,C
medqa,869,c6f01b71-fe30-41d3-8680-5d08d0b7dd15,qwen3-8b,2,0,False,0.19460679599433206,2,C
medqa,870,c6f01b71-fe30-41d3-8680-5d08d0b7dd15,qwen3-8b,0,0,True,0.2113188540097326,2,A
medqa,871,c6f01b71-fe30-41d3-8680-5d08d0b7dd15,qwen3-8b,1,1,True,0.21437304900609888,2,B
medqa,872,c6f01b71-fe30-41d3-8680-5d08d0b7dd15,qwen3-8b,0,2,False,0.1707693520002067,2,A
medqa,873,c6f01b71-fe30-41d3-8680-5d08d0b7dd15,qwen3-8b,2,2,True,0.2546524030040018,2,C
medqa,874,c6f01b71-fe30-41d3-8680-5d08d0b7dd15,qwen3-8b,3,3,True,0.21255133897648193,2,D
medqa,875,c6f01b71-fe30-41d3-8680-5d08d0b7dd15,qwen3-8b,3,3,True,0.19660291299805976,2,D
medqa,876,c6f01b71-fe30-41d3-8680-5d08d0b7dd15,qwen3-8b,3,3,True,0.19634170198696665,2,D
medqa,877,c6f01b71-fe30-41d3-8680-5d08d0b7dd15,qwen3-8b,1,1,True,0.2091458170034457,2,B
medqa,878,c6f01b71-fe30-41d3-8680-5d08d0b7dd15,qwen3-8b,2,2,True,0.2119099060073495,2,C
medqa,879,c6f01b71-fe30-41d3-8680-5d08d0b7dd15,qwen3-8b,3,3,True,0.2588624789786991,2,D
medqa,880,c6f01b71-fe30-41d3-8680-5d08d0b7dd15,qwen3-8b,0,2,False,0.20923076701001264,2,A
medqa,881,c6f01b71-fe30-41d3-8680-5d08d0b7dd15,qwen3-8b,0,0,True,0.19150283699855208,2,A
medqa,882,c6f01b71-fe30-41d3-8680-5d08d0b7dd15,qwen3-8b,2,3,False,0.25296712398994714,2,C
medqa,883,c6f01b71-fe30-41d3-8680-5d08d0b7dd15,qwen3-8b,1,1,True,0.19154211299610324,2,B
medqa,884,c6f01b71-fe30-41d3-8680-5d08d0b7dd15,qwen3-8b,0,0,True,0.1695245520095341,2,A
medqa,885,c6f01b71-fe30-41d3-8680-5d08d0b7dd15,qwen3-8b,2,2,True,0.23018063697963953,2,C
medqa,886,c6f01b71-fe30-41d3-8680-5d08d0b7dd15,qwen3-8b,3,0,False,0.2128952849889174,2,D
medqa,887,c6f01b71-fe30-41d3-8680-5d08d0b7dd15,qwen3-8b,3,0,False,0.29115933799766935,2,D
medqa,888,c6f01b71-fe30-41d3-8680-5d08d0b7dd15,qwen3-8b,3,0,False,0.19445374599308707,2,D
medqa,889,c6f01b71-fe30-41d3-8680-5d08d0b7dd15,qwen3-8b,0,0,True,0.2073769329872448,2,A
medqa,890,c6f01b71-fe30-41d3-8680-5d08d0b7dd15,qwen3-8b,0,0,True,0.20820317300967872,2,A
medqa,891,c6f01b71-fe30-41d3-8680-5d08d0b7dd15,qwen3-8b,0,0,True,0.22909857498598285,2,A
medqa,892,c6f01b71-fe30-41d3-8680-5d08d0b7dd15,qwen3-8b,0,3,False,0.21489932399708778,2,A
medqa,893,c6f01b71-fe30-41d3-8680-5d08d0b7dd15,qwen3-8b,1,1,True,0.19118054400314577,2,B
medqa,894,c6f01b71-fe30-41d3-8680-5d08d0b7dd15,qwen3-8b,0,0,True,0.19234054800472222,2,A
medqa,895,c6f01b71-fe30-41d3-8680-5d08d0b7dd15,qwen3-8b,0,3,False,0.22993605499505065,2,A
medqa,896,c6f01b71-fe30-41d3-8680-5d08d0b7dd15,qwen3-8b,3,3,True,0.2090717680111993,2,D
medqa,897,c6f01b71-fe30-41d3-8680-5d08d0b7dd15,qwen3-8b,1,1,True,0.22769500099821016,2,B
medqa,898,c6f01b71-fe30-41d3-8680-5d08d0b7dd15,qwen3-8b,1,1,True,0.2330734260031022,2,B
medqa,899,c6f01b71-fe30-41d3-8680-5d08d0b7dd15,qwen3-8b,0,2,False,0.2544301159796305,2,A
medqa,900,c6f01b71-fe30-41d3-8680-5d08d0b7dd15,qwen3-8b,2,1,False,0.2600027299777139,2,C
medqa,901,c6f01b71-fe30-41d3-8680-5d08d0b7dd15,qwen3-8b,3,3,True,0.2350249610026367,2,D
medqa,902,c6f01b71-fe30-41d3-8680-5d08d0b7dd15,qwen3-8b,2,2,True,0.20924036597716622,2,C
medqa,903,c6f01b71-fe30-41d3-8680-5d08d0b7dd15,qwen3-8b,1,1,True,0.21213553100824356,2,B
medqa,904,c6f01b71-fe30-41d3-8680-5d08d0b7dd15,qwen3-8b,3,1,False,0.19013730197912082,2,D
medqa,905,c6f01b71-fe30-41d3-8680-5d08d0b7dd15,qwen3-8b,2,0,False,0.3221299290016759,2,C
medqa,906,c6f01b71-fe30-41d3-8680-5d08d0b7dd15,qwen3-8b,1,3,False,0.21330008600489236,2,B
medqa,907,c6f01b71-fe30-41d3-8680-5d08d0b7dd15,qwen3-8b,0,0,True,0.23701758100651205,2,A
medqa,908,c6f01b71-fe30-41d3-8680-5d08d0b7dd15,qwen3-8b,3,2,False,0.2347490780230146,2,D
medqa,909,c6f01b71-fe30-41d3-8680-5d08d0b7dd15,qwen3-8b,2,1,False,0.19546183999045752,2,C
medqa,910,c6f01b71-fe30-41d3-8680-5d08d0b7dd15,qwen3-8b,1,1,True,0.2097369919938501,2,B
medqa,911,c6f01b71-fe30-41d3-8680-5d08d0b7dd15,qwen3-8b,2,2,True,0.19323744700523093,2,C
medqa,912,c6f01b71-fe30-41d3-8680-5d08d0b7dd15,qwen3-8b,2,1,False,0.1984061140101403,2,C
medqa,913,c6f01b71-fe30-41d3-8680-5d08d0b7dd15,qwen3-8b,2,3,False,0.25545266500557773,2,C
medqa,914,c6f01b71-fe30-41d3-8680-5d08d0b7dd15,qwen3-8b,0,2,False,0.1924253339821007,2,A
medqa,915,c6f01b71-fe30-41d3-8680-5d08d0b7dd15,qwen3-8b,0,0,True,0.19144928001333028,2,A
medqa,916,c6f01b71-fe30-41d3-8680-5d08d0b7dd15,qwen3-8b,0,0,True,0.20967433400801383,2,A
medqa,917,c6f01b71-fe30-41d3-8680-5d08d0b7dd15,qwen3-8b,1,3,False,0.21407772999373265,2,B
medqa,918,c6f01b71-fe30-41d3-8680-5d08d0b7dd15,qwen3-8b,1,1,True,0.2561028710042592,2,B
medqa,919,c6f01b71-fe30-41d3-8680-5d08d0b7dd15,qwen3-8b,1,1,True,0.2099040749890264,2,B
medqa,920,c6f01b71-fe30-41d3-8680-5d08d0b7dd15,qwen3-8b,0,0,True,0.20885137098957784,2,A
medqa,921,c6f01b71-fe30-41d3-8680-5d08d0b7dd15,qwen3-8b,0,0,True,0.19245775300078094,2,A
medqa,922,c6f01b71-fe30-41d3-8680-5d08d0b7dd15,qwen3-8b,0,0,True,0.21087009698385373,2,A
medqa,923,c6f01b71-fe30-41d3-8680-5d08d0b7dd15,qwen3-8b,2,2,True,0.19369860898586921,2,C
medqa,924,c6f01b71-fe30-41d3-8680-5d08d0b7dd15,qwen3-8b,0,0,True,0.2538214100059122,2,A
medqa,925,c6f01b71-fe30-41d3-8680-5d08d0b7dd15,qwen3-8b,2,2,True,0.19091067000408657,2,C
medqa,926,c6f01b71-fe30-41d3-8680-5d08d0b7dd15,qwen3-8b,1,1,True,0.25260538200382143,2,B
medqa,927,c6f01b71-fe30-41d3-8680-5d08d0b7dd15,qwen3-8b,2,2,True,0.20940486699691974,2,C
medqa,928,c6f01b71-fe30-41d3-8680-5d08d0b7dd15,qwen3-8b,3,1,False,0.2284985290025361,2,D
medqa,929,c6f01b71-fe30-41d3-8680-5d08d0b7dd15,qwen3-8b,2,2,True,0.18948268401436508,2,C
medqa,930,c6f01b71-fe30-41d3-8680-5d08d0b7dd15,qwen3-8b,0,0,True,0.19526060001226142,2,A
medqa,931,c6f01b71-fe30-41d3-8680-5d08d0b7dd15,qwen3-8b,2,0,False,0.18922732502687722,2,C
medqa,932,c6f01b71-fe30-41d3-8680-5d08d0b7dd15,qwen3-8b,2,3,False,0.20979005401022732,2,C
medqa,933,c6f01b71-fe30-41d3-8680-5d08d0b7dd15,qwen3-8b,3,0,False,0.2544472070003394,2,D
medqa,934,c6f01b71-fe30-41d3-8680-5d08d0b7dd15,qwen3-8b,3,1,False,0.18981827699462883,2,D
medqa,935,c6f01b71-fe30-41d3-8680-5d08d0b7dd15,qwen3-8b,0,0,True,0.19022668499383144,2,A
medqa,936,c6f01b71-fe30-41d3-8680-5d08d0b7dd15,qwen3-8b,2,1,False,0.2092900559946429,2,C
medqa,937,c6f01b71-fe30-41d3-8680-5d08d0b7dd15,qwen3-8b,2,2,True,0.2719145480077714,2,C
medqa,938,c6f01b71-fe30-41d3-8680-5d08d0b7dd15,qwen3-8b,2,2,True,0.18970555998384953,2,C
medqa,939,c6f01b71-fe30-41d3-8680-5d08d0b7dd15,qwen3-8b,1,0,False,0.16960976101108827,2,B
medqa,940,c6f01b71-fe30-41d3-8680-5d08d0b7dd15,qwen3-8b,0,0,True,0.1695671979978215,2,A
medqa,941,c6f01b71-fe30-41d3-8680-5d08d0b7dd15,qwen3-8b,0,0,True,0.16812808500253595,2,A
medqa,942,c6f01b71-fe30-41d3-8680-5d08d0b7dd15,qwen3-8b,2,0,False,0.2532828440016601,2,C
medqa,943,c6f01b71-fe30-41d3-8680-5d08d0b7dd15,qwen3-8b,3,3,True,0.16703416299424134,2,D
medqa,944,c6f01b71-fe30-41d3-8680-5d08d0b7dd15,qwen3-8b,1,3,False,0.2524249780108221,2,B
medqa,945,c6f01b71-fe30-41d3-8680-5d08d0b7dd15,qwen3-8b,1,1,True,0.16888204001588747,2,B
medqa,946,c6f01b71-fe30-41d3-8680-5d08d0b7dd15,qwen3-8b,2,2,True,0.2118711500079371,2,C
medqa,947,c6f01b71-fe30-41d3-8680-5d08d0b7dd15,qwen3-8b,1,1,True,0.16723849999834783,2,B
medqa,948,c6f01b71-fe30-41d3-8680-5d08d0b7dd15,qwen3-8b,2,2,True,0.2091824309900403,2,C
medqa,949,c6f01b71-fe30-41d3-8680-5d08d0b7dd15,qwen3-8b,0,0,True,0.19029678800143301,2,A
medqa,950,c6f01b71-fe30-41d3-8680-5d08d0b7dd15,qwen3-8b,2,0,False,0.1721915639936924,2,C
medqa,951,c6f01b71-fe30-41d3-8680-5d08d0b7dd15,qwen3-8b,2,2,True,0.1911505610041786,2,C
medqa,952,c6f01b71-fe30-41d3-8680-5d08d0b7dd15,qwen3-8b,1,0,False,0.194503506005276,2,B
medqa,953,c6f01b71-fe30-41d3-8680-5d08d0b7dd15,qwen3-8b,2,2,True,0.23165911599062383,2,C
medqa,954,c6f01b71-fe30-41d3-8680-5d08d0b7dd15,qwen3-8b,1,1,True,0.2733119720069226,2,B
medqa,955,c6f01b71-fe30-41d3-8680-5d08d0b7dd15,qwen3-8b,2,2,True,0.19377961198915727,2,C
medqa,956,c6f01b71-fe30-41d3-8680-5d08d0b7dd15,qwen3-8b,0,0,True,0.2090376410051249,2,A
medqa,957,c6f01b71-fe30-41d3-8680-5d08d0b7dd15,qwen3-8b,1,1,True,0.1698314830136951,2,B
medqa,958,c6f01b71-fe30-41d3-8680-5d08d0b7dd15,qwen3-8b,1,1,True,0.29156765900552273,2,B
medqa,959,c6f01b71-fe30-41d3-8680-5d08d0b7dd15,qwen3-8b,1,1,True,0.2073800670041237,2,B
medqa,960,c6f01b71-fe30-41d3-8680-5d08d0b7dd15,qwen3-8b,1,3,False,0.25490503798937425,2,B
medqa,961,c6f01b71-fe30-41d3-8680-5d08d0b7dd15,qwen3-8b,0,0,True,0.2162384959810879,2,A
medqa,962,c6f01b71-fe30-41d3-8680-5d08d0b7dd15,qwen3-8b,1,1,True,0.25668980900081806,2,B
medqa,963,c6f01b71-fe30-41d3-8680-5d08d0b7dd15,qwen3-8b,0,3,False,0.191309200017713,2,A
medqa,964,c6f01b71-fe30-41d3-8680-5d08d0b7dd15,qwen3-8b,0,2,False,0.288628583017271,2,A
medqa,965,c6f01b71-fe30-41d3-8680-5d08d0b7dd15,qwen3-8b,3,3,True,0.21316020097583532,2,D
medqa,966,c6f01b71-fe30-41d3-8680-5d08d0b7dd15,qwen3-8b,3,1,False,0.21303100799559616,2,D
medqa,967,c6f01b71-fe30-41d3-8680-5d08d0b7dd15,qwen3-8b,2,1,False,0.2263482240086887,2,C
medqa,968,c6f01b71-fe30-41d3-8680-5d08d0b7dd15,qwen3-8b,0,0,True,0.22867392597254366,2,A
medqa,969,c6f01b71-fe30-41d3-8680-5d08d0b7dd15,qwen3-8b,2,2,True,0.2082822170050349,2,C
medqa,970,c6f01b71-fe30-41d3-8680-5d08d0b7dd15,qwen3-8b,2,2,True,0.2081331420049537,2,C
medqa,971,c6f01b71-fe30-41d3-8680-5d08d0b7dd15,qwen3-8b,3,3,True,0.1916529550217092,2,D
medqa,972,c6f01b71-fe30-41d3-8680-5d08d0b7dd15,qwen3-8b,2,2,True,0.1900054599973373,2,C
medqa,973,c6f01b71-fe30-41d3-8680-5d08d0b7dd15,qwen3-8b,1,1,True,0.19223346700891852,2,B
medqa,974,c6f01b71-fe30-41d3-8680-5d08d0b7dd15,qwen3-8b,3,3,True,0.23150638298830017,2,D
medqa,975,c6f01b71-fe30-41d3-8680-5d08d0b7dd15,qwen3-8b,2,2,True,0.18952283298131078,2,C
medqa,976,c6f01b71-fe30-41d3-8680-5d08d0b7dd15,qwen3-8b,3,3,True,0.20519843301735818,2,D
medqa,977,c6f01b71-fe30-41d3-8680-5d08d0b7dd15,qwen3-8b,1,1,True,0.17132798401871696,2,B
medqa,978,c6f01b71-fe30-41d3-8680-5d08d0b7dd15,qwen3-8b,2,2,True,0.21035047702025622,2,C
medqa,979,c6f01b71-fe30-41d3-8680-5d08d0b7dd15,qwen3-8b,0,2,False,0.20879876002436504,2,A
medqa,980,c6f01b71-fe30-41d3-8680-5d08d0b7dd15,qwen3-8b,0,1,False,0.249606250989018,2,A
medqa,981,c6f01b71-fe30-41d3-8680-5d08d0b7dd15,qwen3-8b,2,2,True,0.2552730879979208,2,C
medqa,982,c6f01b71-fe30-41d3-8680-5d08d0b7dd15,qwen3-8b,1,1,True,0.19269509500009008,2,B
medqa,983,c6f01b71-fe30-41d3-8680-5d08d0b7dd15,qwen3-8b,0,2,False,0.19326694001210853,2,A
medqa,984,c6f01b71-fe30-41d3-8680-5d08d0b7dd15,qwen3-8b,3,2,False,0.20732987800147384,2,D
medqa,985,c6f01b71-fe30-41d3-8680-5d08d0b7dd15,qwen3-8b,0,0,True,0.22979132199543528,2,A
medqa,986,c6f01b71-fe30-41d3-8680-5d08d0b7dd15,qwen3-8b,1,2,False,0.1901663790049497,2,B
medqa,987,c6f01b71-fe30-41d3-8680-5d08d0b7dd15,qwen3-8b,1,1,True,0.19259703200077638,2,B
medqa,988,c6f01b71-fe30-41d3-8680-5d08d0b7dd15,qwen3-8b,3,1,False,0.19471532199531794,2,D
medqa,989,c6f01b71-fe30-41d3-8680-5d08d0b7dd15,qwen3-8b,2,1,False,0.2684041069878731,2,C
medqa,990,c6f01b71-fe30-41d3-8680-5d08d0b7dd15,qwen3-8b,3,3,True,0.25310509899281897,2,D
medqa,991,c6f01b71-fe30-41d3-8680-5d08d0b7dd15,qwen3-8b,2,2,True,0.20960314001422375,2,C
medqa,992,c6f01b71-fe30-41d3-8680-5d08d0b7dd15,qwen3-8b,3,3,True,0.21123465901473537,2,D
medqa,993,c6f01b71-fe30-41d3-8680-5d08d0b7dd15,qwen3-8b,0,0,True,0.23260504798963666,2,A
medqa,994,c6f01b71-fe30-41d3-8680-5d08d0b7dd15,qwen3-8b,3,1,False,0.2108753640204668,2,D
medqa,995,c6f01b71-fe30-41d3-8680-5d08d0b7dd15,qwen3-8b,2,2,True,0.21066132801934145,2,C
medqa,996,c6f01b71-fe30-41d3-8680-5d08d0b7dd15,qwen3-8b,0,2,False,0.16611779099912383,2,A
medqa,997,c6f01b71-fe30-41d3-8680-5d08d0b7dd15,qwen3-8b,3,3,True,0.20840392197715119,2,D
medqa,998,c6f01b71-fe30-41d3-8680-5d08d0b7dd15,qwen3-8b,1,1,True,0.16891606102581136,2,B
medqa,999,c6f01b71-fe30-41d3-8680-5d08d0b7dd15,qwen3-8b,3,3,True,0.18993840800249018,2,D
medqa,1000,c6f01b71-fe30-41d3-8680-5d08d0b7dd15,qwen3-8b,2,2,True,0.2330589979828801,2,C
medqa,1001,c6f01b71-fe30-41d3-8680-5d08d0b7dd15,qwen3-8b,2,2,True,0.230681087996345,2,C
medqa,1002,c6f01b71-fe30-41d3-8680-5d08d0b7dd15,qwen3-8b,0,0,True,0.17858276001061313,2,A
medqa,1003,c6f01b71-fe30-41d3-8680-5d08d0b7dd15,qwen3-8b,1,3,False,0.21258444199338555,2,B
medqa,1004,c6f01b71-fe30-41d3-8680-5d08d0b7dd15,qwen3-8b,2,2,True,0.26022319501498714,2,C
medqa,1005,c6f01b71-fe30-41d3-8680-5d08d0b7dd15,qwen3-8b,3,3,True,0.26471498599858023,2,D
medqa,1006,c6f01b71-fe30-41d3-8680-5d08d0b7dd15,qwen3-8b,3,2,False,0.1687751880090218,2,D
medqa,1007,c6f01b71-fe30-41d3-8680-5d08d0b7dd15,qwen3-8b,0,0,True,0.2266099879925605,2,A
medqa,1008,c6f01b71-fe30-41d3-8680-5d08d0b7dd15,qwen3-8b,0,3,False,0.2557466819998808,2,A
medqa,1009,c6f01b71-fe30-41d3-8680-5d08d0b7dd15,qwen3-8b,0,2,False,0.1914189050148707,2,A
medqa,1010,c6f01b71-fe30-41d3-8680-5d08d0b7dd15,qwen3-8b,0,1,False,0.230730801995378,2,A
medqa,1011,c6f01b71-fe30-41d3-8680-5d08d0b7dd15,qwen3-8b,3,3,True,0.21036919200560078,2,D
medqa,1012,c6f01b71-fe30-41d3-8680-5d08d0b7dd15,qwen3-8b,0,0,True,0.19384977500885725,2,A
medqa,1013,c6f01b71-fe30-41d3-8680-5d08d0b7dd15,qwen3-8b,2,2,True,0.21000810599070974,2,C
medqa,1014,c6f01b71-fe30-41d3-8680-5d08d0b7dd15,qwen3-8b,1,1,True,0.19361275000846945,2,B
medqa,1015,c6f01b71-fe30-41d3-8680-5d08d0b7dd15,qwen3-8b,0,0,True,0.1919310360099189,2,A
medqa,1016,c6f01b71-fe30-41d3-8680-5d08d0b7dd15,qwen3-8b,2,2,True,0.22947211499558762,2,C
medqa,1017,c6f01b71-fe30-41d3-8680-5d08d0b7dd15,qwen3-8b,3,3,True,0.22684001698507927,2,D
medqa,1018,c6f01b71-fe30-41d3-8680-5d08d0b7dd15,qwen3-8b,1,1,True,0.21143207198474556,2,B
medqa,1019,c6f01b71-fe30-41d3-8680-5d08d0b7dd15,qwen3-8b,0,0,True,0.2087131540174596,2,A
medqa,1020,c6f01b71-fe30-41d3-8680-5d08d0b7dd15,qwen3-8b,2,2,True,0.2655440999951679,2,C
medqa,1021,c6f01b71-fe30-41d3-8680-5d08d0b7dd15,qwen3-8b,2,3,False,0.21265355800278485,2,C
medqa,1022,c6f01b71-fe30-41d3-8680-5d08d0b7dd15,qwen3-8b,1,0,False,0.23154564798460342,2,B
medqa,1023,c6f01b71-fe30-41d3-8680-5d08d0b7dd15,qwen3-8b,1,2,False,0.27578123498824425,2,B
medqa,1024,c6f01b71-fe30-41d3-8680-5d08d0b7dd15,qwen3-8b,2,2,True,0.17022698500659317,2,C
medqa,1025,c6f01b71-fe30-41d3-8680-5d08d0b7dd15,qwen3-8b,1,3,False,0.19099644900416024,2,B
medqa,1026,c6f01b71-fe30-41d3-8680-5d08d0b7dd15,qwen3-8b,1,0,False,0.23095689399633557,2,B
medqa,1027,c6f01b71-fe30-41d3-8680-5d08d0b7dd15,qwen3-8b,2,1,False,0.190756613999838,2,C
medqa,1028,c6f01b71-fe30-41d3-8680-5d08d0b7dd15,qwen3-8b,3,3,True,0.2104448749742005,2,D
medqa,1029,c6f01b71-fe30-41d3-8680-5d08d0b7dd15,qwen3-8b,1,0,False,0.23249260199372657,2,B
medqa,1030,c6f01b71-fe30-41d3-8680-5d08d0b7dd15,qwen3-8b,2,0,False,0.22747838401119225,2,C
medqa,1031,c6f01b71-fe30-41d3-8680-5d08d0b7dd15,qwen3-8b,3,3,True,0.19104205598705448,2,D
medqa,1032,c6f01b71-fe30-41d3-8680-5d08d0b7dd15,qwen3-8b,1,1,True,0.2743721480073873,2,B
medqa,1033,c6f01b71-fe30-41d3-8680-5d08d0b7dd15,qwen3-8b,0,1,False,0.19350497401319444,2,A
medqa,1034,c6f01b71-fe30-41d3-8680-5d08d0b7dd15,qwen3-8b,2,1,False,0.16808539198245853,2,C
medqa,1035,c6f01b71-fe30-41d3-8680-5d08d0b7dd15,qwen3-8b,1,1,True,0.19077894600923173,2,B
medqa,1036,c6f01b71-fe30-41d3-8680-5d08d0b7dd15,qwen3-8b,3,1,False,0.18986595500609837,2,D
medqa,1037,c6f01b71-fe30-41d3-8680-5d08d0b7dd15,qwen3-8b,3,0,False,0.19036617199890316,2,D
medqa,1038,c6f01b71-fe30-41d3-8680-5d08d0b7dd15,qwen3-8b,0,0,True,0.21001284598605707,2,A
medqa,1039,c6f01b71-fe30-41d3-8680-5d08d0b7dd15,qwen3-8b,1,1,True,0.20824069398804568,2,B
medqa,1040,c6f01b71-fe30-41d3-8680-5d08d0b7dd15,qwen3-8b,1,1,True,0.23096496498328634,2,B
medqa,1041,c6f01b71-fe30-41d3-8680-5d08d0b7dd15,qwen3-8b,2,2,True,0.21151834898046218,2,C
medqa,1042,c6f01b71-fe30-41d3-8680-5d08d0b7dd15,qwen3-8b,3,3,True,0.2101897409884259,2,D
medqa,1043,c6f01b71-fe30-41d3-8680-5d08d0b7dd15,qwen3-8b,3,3,True,0.19008276201202534,2,D
medqa,1044,c6f01b71-fe30-41d3-8680-5d08d0b7dd15,qwen3-8b,0,1,False,0.17018581498996355,2,A
medqa,1045,c6f01b71-fe30-41d3-8680-5d08d0b7dd15,qwen3-8b,3,0,False,0.19172747299307957,2,D
medqa,1046,c6f01b71-fe30-41d3-8680-5d08d0b7dd15,qwen3-8b,1,1,True,0.1677118930092547,2,B
medqa,1047,c6f01b71-fe30-41d3-8680-5d08d0b7dd15,qwen3-8b,1,1,True,0.25383085300563835,2,B
medqa,1048,c6f01b71-fe30-41d3-8680-5d08d0b7dd15,qwen3-8b,1,1,True,0.20873943401966244,2,B
medqa,1049,c6f01b71-fe30-41d3-8680-5d08d0b7dd15,qwen3-8b,2,2,True,0.171685034991242,2,C
medqa,1050,c6f01b71-fe30-41d3-8680-5d08d0b7dd15,qwen3-8b,2,2,True,0.21141520497621968,2,C
medqa,1051,c6f01b71-fe30-41d3-8680-5d08d0b7dd15,qwen3-8b,0,2,False,0.24010704399552196,2,A
medqa,1052,c6f01b71-fe30-41d3-8680-5d08d0b7dd15,qwen3-8b,3,1,False,0.21085428301012143,2,D
medqa,1053,c6f01b71-fe30-41d3-8680-5d08d0b7dd15,qwen3-8b,1,1,True,0.20884062099503353,2,B
medqa,1054,c6f01b71-fe30-41d3-8680-5d08d0b7dd15,qwen3-8b,0,0,True,0.2087961630022619,2,A
medqa,1055,c6f01b71-fe30-41d3-8680-5d08d0b7dd15,qwen3-8b,2,2,True,0.16990169099881314,2,C
medqa,1056,c6f01b71-fe30-41d3-8680-5d08d0b7dd15,qwen3-8b,1,3,False,0.18904096097685397,2,B
medqa,1057,c6f01b71-fe30-41d3-8680-5d08d0b7dd15,qwen3-8b,0,0,True,0.19238640001276508,2,A
medqa,1058,c6f01b71-fe30-41d3-8680-5d08d0b7dd15,qwen3-8b,2,2,True,0.2082071719923988,2,C
medqa,1059,c6f01b71-fe30-41d3-8680-5d08d0b7dd15,qwen3-8b,0,0,True,0.17118558299262077,2,A
medqa,1060,c6f01b71-fe30-41d3-8680-5d08d0b7dd15,qwen3-8b,1,2,False,0.19108038299600594,2,B
medqa,1061,c6f01b71-fe30-41d3-8680-5d08d0b7dd15,qwen3-8b,3,3,True,0.21051510502002202,2,D
medqa,1062,c6f01b71-fe30-41d3-8680-5d08d0b7dd15,qwen3-8b,2,0,False,0.20661983898025937,2,C
medqa,1063,c6f01b71-fe30-41d3-8680-5d08d0b7dd15,qwen3-8b,3,3,True,0.1910736310237553,2,D
medqa,1064,c6f01b71-fe30-41d3-8680-5d08d0b7dd15,qwen3-8b,3,3,True,0.21281684099812992,2,D
medqa,1065,c6f01b71-fe30-41d3-8680-5d08d0b7dd15,qwen3-8b,3,0,False,0.19072887301445007,2,D
medqa,1066,c6f01b71-fe30-41d3-8680-5d08d0b7dd15,qwen3-8b,0,0,True,0.19084375101374462,2,A
medqa,1067,c6f01b71-fe30-41d3-8680-5d08d0b7dd15,qwen3-8b,1,2,False,0.19138191800448112,2,B
medqa,1068,c6f01b71-fe30-41d3-8680-5d08d0b7dd15,qwen3-8b,1,1,True,0.2085235790000297,2,B
medqa,1069,c6f01b71-fe30-41d3-8680-5d08d0b7dd15,qwen3-8b,0,0,True,0.1928599620005116,2,A
medqa,1070,c6f01b71-fe30-41d3-8680-5d08d0b7dd15,qwen3-8b,3,3,True,0.16965682100271806,2,D
medqa,1071,c6f01b71-fe30-41d3-8680-5d08d0b7dd15,qwen3-8b,1,0,False,0.3106525359908119,2,B
medqa,1072,c6f01b71-fe30-41d3-8680-5d08d0b7dd15,qwen3-8b,3,3,True,0.21087646100204438,2,D
medqa,1073,c6f01b71-fe30-41d3-8680-5d08d0b7dd15,qwen3-8b,3,3,True,0.2099522830103524,2,D
medqa,1074,c6f01b71-fe30-41d3-8680-5d08d0b7dd15,qwen3-8b,3,2,False,0.2101692330033984,2,D
medqa,1075,c6f01b71-fe30-41d3-8680-5d08d0b7dd15,qwen3-8b,3,3,True,0.21039739402476698,2,D
medqa,1076,c6f01b71-fe30-41d3-8680-5d08d0b7dd15,qwen3-8b,3,1,False,0.20900699601043016,2,D
medqa,1077,c6f01b71-fe30-41d3-8680-5d08d0b7dd15,qwen3-8b,2,0,False,0.2560365050157998,2,C
medqa,1078,c6f01b71-fe30-41d3-8680-5d08d0b7dd15,qwen3-8b,0,0,True,0.19239730900153518,2,A
medqa,1079,c6f01b71-fe30-41d3-8680-5d08d0b7dd15,qwen3-8b,3,3,True,0.23241943601169623,2,D
medqa,1080,c6f01b71-fe30-41d3-8680-5d08d0b7dd15,qwen3-8b,2,2,True,0.1908545629994478,2,C
medqa,1081,c6f01b71-fe30-41d3-8680-5d08d0b7dd15,qwen3-8b,3,3,True,0.2085557329992298,2,D
medqa,1082,c6f01b71-fe30-41d3-8680-5d08d0b7dd15,qwen3-8b,1,1,True,0.18911142100114375,2,B
medqa,1083,c6f01b71-fe30-41d3-8680-5d08d0b7dd15,qwen3-8b,2,0,False,0.21143951997510158,2,C
medqa,1084,c6f01b71-fe30-41d3-8680-5d08d0b7dd15,qwen3-8b,0,3,False,0.20988669799407944,2,A
medqa,1085,c6f01b71-fe30-41d3-8680-5d08d0b7dd15,qwen3-8b,0,0,True,0.2247522179968655,2,A
medqa,1086,c6f01b71-fe30-41d3-8680-5d08d0b7dd15,qwen3-8b,2,1,False,0.19408870398183353,2,C
medqa,1087,c6f01b71-fe30-41d3-8680-5d08d0b7dd15,qwen3-8b,0,2,False,0.21211915201274678,2,A
medqa,1088,c6f01b71-fe30-41d3-8680-5d08d0b7dd15,qwen3-8b,1,1,True,0.21010601200396195,2,B
medqa,1089,c6f01b71-fe30-41d3-8680-5d08d0b7dd15,qwen3-8b,1,1,True,0.20888605699292384,2,B
medqa,1090,c6f01b71-fe30-41d3-8680-5d08d0b7dd15,qwen3-8b,2,2,True,0.19433930501691066,2,C
medqa,1091,c6f01b71-fe30-41d3-8680-5d08d0b7dd15,qwen3-8b,2,2,True,0.23289419698994607,2,C
medqa,1092,c6f01b71-fe30-41d3-8680-5d08d0b7dd15,qwen3-8b,1,1,True,0.21233169100014493,2,B
medqa,1093,c6f01b71-fe30-41d3-8680-5d08d0b7dd15,qwen3-8b,1,1,True,0.2276039519929327,2,B
medqa,1094,c6f01b71-fe30-41d3-8680-5d08d0b7dd15,qwen3-8b,2,2,True,0.18987124701379798,2,C
medqa,1095,c6f01b71-fe30-41d3-8680-5d08d0b7dd15,qwen3-8b,0,2,False,0.22507535299519077,2,A
medqa,1096,c6f01b71-fe30-41d3-8680-5d08d0b7dd15,qwen3-8b,2,2,True,0.19369278199155815,2,C
medqa,1097,c6f01b71-fe30-41d3-8680-5d08d0b7dd15,qwen3-8b,0,2,False,0.19161372300004587,2,A
medqa,1098,c6f01b71-fe30-41d3-8680-5d08d0b7dd15,qwen3-8b,0,3,False,0.19490335299633443,2,A
medqa,1099,c6f01b71-fe30-41d3-8680-5d08d0b7dd15,qwen3-8b,0,0,True,0.1691925750055816,2,A
medqa,1100,c6f01b71-fe30-41d3-8680-5d08d0b7dd15,qwen3-8b,2,0,False,0.2103942520043347,2,C
medqa,1101,c6f01b71-fe30-41d3-8680-5d08d0b7dd15,qwen3-8b,0,0,True,0.1967067890218459,2,A
medqa,1102,c6f01b71-fe30-41d3-8680-5d08d0b7dd15,qwen3-8b,0,2,False,0.25323174498043954,2,A
medqa,1103,c6f01b71-fe30-41d3-8680-5d08d0b7dd15,qwen3-8b,2,2,True,0.19316796999191865,2,C
medqa,1104,c6f01b71-fe30-41d3-8680-5d08d0b7dd15,qwen3-8b,1,1,True,0.22941171799902804,2,B
medqa,1105,c6f01b71-fe30-41d3-8680-5d08d0b7dd15,qwen3-8b,0,0,True,0.20726846100296825,2,A
medqa,1106,c6f01b71-fe30-41d3-8680-5d08d0b7dd15,qwen3-8b,0,1,False,0.2297421759867575,2,A
medqa,1107,c6f01b71-fe30-41d3-8680-5d08d0b7dd15,qwen3-8b,3,0,False,0.19062794800265692,2,D
medqa,1108,c6f01b71-fe30-41d3-8680-5d08d0b7dd15,qwen3-8b,2,2,True,0.18920497398357838,2,C
medqa,1109,c6f01b71-fe30-41d3-8680-5d08d0b7dd15,qwen3-8b,0,1,False,0.31612152798334137,2,A
medqa,1110,c6f01b71-fe30-41d3-8680-5d08d0b7dd15,qwen3-8b,1,2,False,0.19265987901599146,2,B
medqa,1111,c6f01b71-fe30-41d3-8680-5d08d0b7dd15,qwen3-8b,2,2,True,0.2580645880079828,2,C
medqa,1112,c6f01b71-fe30-41d3-8680-5d08d0b7dd15,qwen3-8b,2,2,True,0.24174111199681647,2,C
medqa,1113,c6f01b71-fe30-41d3-8680-5d08d0b7dd15,qwen3-8b,3,3,True,0.19162766801309772,2,D
medqa,1114,c6f01b71-fe30-41d3-8680-5d08d0b7dd15,qwen3-8b,3,2,False,0.23028495200560428,2,D
medqa,1115,c6f01b71-fe30-41d3-8680-5d08d0b7dd15,qwen3-8b,3,3,True,0.23291310100466944,2,D
medqa,1116,c6f01b71-fe30-41d3-8680-5d08d0b7dd15,qwen3-8b,2,2,True,0.2304332010098733,2,C
medqa,1117,c6f01b71-fe30-41d3-8680-5d08d0b7dd15,qwen3-8b,0,2,False,0.23147791798692197,2,A
medqa,1118,c6f01b71-fe30-41d3-8680-5d08d0b7dd15,qwen3-8b,2,2,True,0.19268147699767724,2,C
medqa,1119,c6f01b71-fe30-41d3-8680-5d08d0b7dd15,qwen3-8b,3,3,True,0.20962258300278336,2,D
medqa,1120,c6f01b71-fe30-41d3-8680-5d08d0b7dd15,qwen3-8b,2,2,True,0.1910437709884718,2,C
medqa,1121,c6f01b71-fe30-41d3-8680-5d08d0b7dd15,qwen3-8b,0,0,True,0.21274858800461516,2,A
medqa,1122,c6f01b71-fe30-41d3-8680-5d08d0b7dd15,qwen3-8b,0,0,True,0.22960226898430847,2,A
medqa,1123,c6f01b71-fe30-41d3-8680-5d08d0b7dd15,qwen3-8b,3,3,True,0.1900999860081356,2,D
medqa,1124,c6f01b71-fe30-41d3-8680-5d08d0b7dd15,qwen3-8b,1,3,False,0.22778910701163113,2,B
medqa,1125,c6f01b71-fe30-41d3-8680-5d08d0b7dd15,qwen3-8b,2,2,True,0.23199533601291478,2,C
medqa,1126,c6f01b71-fe30-41d3-8680-5d08d0b7dd15,qwen3-8b,3,3,True,0.2090805149928201,2,D
medqa,1127,c6f01b71-fe30-41d3-8680-5d08d0b7dd15,qwen3-8b,1,2,False,0.18825930400635116,2,B
medqa,1128,c6f01b71-fe30-41d3-8680-5d08d0b7dd15,qwen3-8b,0,0,True,0.22883634598110802,2,A
medqa,1129,c6f01b71-fe30-41d3-8680-5d08d0b7dd15,qwen3-8b,2,2,True,0.4473346120212227,2,C
medqa,1130,c6f01b71-fe30-41d3-8680-5d08d0b7dd15,qwen3-8b,0,0,True,0.20853160199476406,2,A
medqa,1131,c6f01b71-fe30-41d3-8680-5d08d0b7dd15,qwen3-8b,1,0,False,0.17110878301900811,2,B
medqa,1132,c6f01b71-fe30-41d3-8680-5d08d0b7dd15,qwen3-8b,0,3,False,0.27363035100279376,2,A
medqa,1133,c6f01b71-fe30-41d3-8680-5d08d0b7dd15,qwen3-8b,1,1,True,0.1929452369804494,2,B
medqa,1134,c6f01b71-fe30-41d3-8680-5d08d0b7dd15,qwen3-8b,3,0,False,0.190352117002476,2,D
medqa,1135,c6f01b71-fe30-41d3-8680-5d08d0b7dd15,qwen3-8b,0,3,False,0.1912116879830137,2,A
medqa,1136,c6f01b71-fe30-41d3-8680-5d08d0b7dd15,qwen3-8b,1,3,False,0.19035785700543784,2,B
medqa,1137,c6f01b71-fe30-41d3-8680-5d08d0b7dd15,qwen3-8b,2,2,True,0.19020474300486967,2,C
medqa,1138,c6f01b71-fe30-41d3-8680-5d08d0b7dd15,qwen3-8b,0,3,False,0.20773442700738087,2,A
medqa,1139,c6f01b71-fe30-41d3-8680-5d08d0b7dd15,qwen3-8b,3,0,False,0.2348344390047714,2,D
medqa,1140,c6f01b71-fe30-41d3-8680-5d08d0b7dd15,qwen3-8b,2,1,False,0.20987774600507692,2,C
medqa,1141,c6f01b71-fe30-41d3-8680-5d08d0b7dd15,qwen3-8b,1,1,True,0.20766998300678097,2,B
medqa,1142,c6f01b71-fe30-41d3-8680-5d08d0b7dd15,qwen3-8b,0,0,True,0.20959632398444228,2,A
medqa,1143,c6f01b71-fe30-41d3-8680-5d08d0b7dd15,qwen3-8b,3,2,False,0.18984491599258035,2,D
medqa,1144,c6f01b71-fe30-41d3-8680-5d08d0b7dd15,qwen3-8b,2,2,True,0.17045675302506424,2,C
medqa,1145,c6f01b71-fe30-41d3-8680-5d08d0b7dd15,qwen3-8b,0,0,True,0.18892585302819498,2,A
medqa,1146,c6f01b71-fe30-41d3-8680-5d08d0b7dd15,qwen3-8b,0,2,False,0.18747756601078436,2,A
medqa,1147,c6f01b71-fe30-41d3-8680-5d08d0b7dd15,qwen3-8b,0,0,True,0.19117224399815314,2,A
medqa,1148,c6f01b71-fe30-41d3-8680-5d08d0b7dd15,qwen3-8b,0,0,True,0.16787308000493795,2,A
medqa,1149,c6f01b71-fe30-41d3-8680-5d08d0b7dd15,qwen3-8b,1,1,True,0.20891351101454347,2,B
medqa,1150,c6f01b71-fe30-41d3-8680-5d08d0b7dd15,qwen3-8b,1,0,False,0.21245297501445748,2,B
medqa,1151,c6f01b71-fe30-41d3-8680-5d08d0b7dd15,qwen3-8b,0,0,True,0.20837670701439492,2,A
medqa,1152,c6f01b71-fe30-41d3-8680-5d08d0b7dd15,qwen3-8b,0,1,False,0.22953534199041314,2,A
medqa,1153,c6f01b71-fe30-41d3-8680-5d08d0b7dd15,qwen3-8b,0,0,True,0.2756931650219485,2,A
medqa,1154,c6f01b71-fe30-41d3-8680-5d08d0b7dd15,qwen3-8b,3,3,True,0.1906928600219544,2,D
medqa,1155,c6f01b71-fe30-41d3-8680-5d08d0b7dd15,qwen3-8b,3,3,True,0.17084135502227582,2,D
medqa,1156,c6f01b71-fe30-41d3-8680-5d08d0b7dd15,qwen3-8b,2,2,True,0.22822253502090462,2,C
medqa,1157,c6f01b71-fe30-41d3-8680-5d08d0b7dd15,qwen3-8b,3,3,True,0.19182915199780837,2,D
medqa,1158,c6f01b71-fe30-41d3-8680-5d08d0b7dd15,qwen3-8b,0,3,False,0.278592735005077,2,A
medqa,1159,c6f01b71-fe30-41d3-8680-5d08d0b7dd15,qwen3-8b,0,0,True,0.18827959499321878,2,A
medqa,1160,c6f01b71-fe30-41d3-8680-5d08d0b7dd15,qwen3-8b,2,2,True,0.18818520900094882,2,C
medqa,1161,c6f01b71-fe30-41d3-8680-5d08d0b7dd15,qwen3-8b,0,1,False,0.19124739299877547,2,A
medqa,1162,c6f01b71-fe30-41d3-8680-5d08d0b7dd15,qwen3-8b,1,3,False,0.20860020598047413,2,B
medqa,1163,c6f01b71-fe30-41d3-8680-5d08d0b7dd15,qwen3-8b,3,1,False,0.18846504599787295,2,D
medqa,1164,c6f01b71-fe30-41d3-8680-5d08d0b7dd15,qwen3-8b,2,0,False,0.20885885099414736,2,C
medqa,1165,c6f01b71-fe30-41d3-8680-5d08d0b7dd15,qwen3-8b,1,1,True,0.2904778349911794,2,B
medqa,1166,c6f01b71-fe30-41d3-8680-5d08d0b7dd15,qwen3-8b,2,2,True,0.20658871199702844,2,C
medqa,1167,c6f01b71-fe30-41d3-8680-5d08d0b7dd15,qwen3-8b,1,0,False,0.20715045402175747,2,B
medqa,1168,c6f01b71-fe30-41d3-8680-5d08d0b7dd15,qwen3-8b,0,0,True,0.19329845800530165,2,A
medqa,1169,c6f01b71-fe30-41d3-8680-5d08d0b7dd15,qwen3-8b,2,2,True,0.19113782298518345,2,C
medqa,1170,c6f01b71-fe30-41d3-8680-5d08d0b7dd15,qwen3-8b,0,0,True,0.20980894501553848,2,A
medqa,1171,c6f01b71-fe30-41d3-8680-5d08d0b7dd15,qwen3-8b,2,2,True,0.3573360280133784,2,C
medqa,1172,c6f01b71-fe30-41d3-8680-5d08d0b7dd15,qwen3-8b,1,3,False,0.22952844700193964,2,B
medqa,1173,c6f01b71-fe30-41d3-8680-5d08d0b7dd15,qwen3-8b,0,0,True,0.2522293409856502,2,A
medqa,1174,c6f01b71-fe30-41d3-8680-5d08d0b7dd15,qwen3-8b,0,2,False,0.2325495600234717,2,A
medqa,1175,c6f01b71-fe30-41d3-8680-5d08d0b7dd15,qwen3-8b,1,1,True,0.2113194199919235,2,B
medqa,1176,c6f01b71-fe30-41d3-8680-5d08d0b7dd15,qwen3-8b,3,3,True,0.25445103298989125,2,D
medqa,1177,c6f01b71-fe30-41d3-8680-5d08d0b7dd15,qwen3-8b,1,1,True,0.18846762800239958,2,B
medqa,1178,c6f01b71-fe30-41d3-8680-5d08d0b7dd15,qwen3-8b,1,1,True,0.1942329549929127,2,B
medqa,1179,c6f01b71-fe30-41d3-8680-5d08d0b7dd15,qwen3-8b,0,2,False,0.22741983199375682,2,A
medqa,1180,c6f01b71-fe30-41d3-8680-5d08d0b7dd15,qwen3-8b,0,0,True,0.18755401601083577,2,A
medqa,1181,c6f01b71-fe30-41d3-8680-5d08d0b7dd15,qwen3-8b,3,3,True,0.2302706339978613,2,D
medqa,1182,c6f01b71-fe30-41d3-8680-5d08d0b7dd15,qwen3-8b,0,0,True,0.2079101109993644,2,A
medqa,1183,c6f01b71-fe30-41d3-8680-5d08d0b7dd15,qwen3-8b,2,1,False,0.23237804300151765,2,C
medqa,1184,c6f01b71-fe30-41d3-8680-5d08d0b7dd15,qwen3-8b,2,3,False,0.16727279301267117,2,C
medqa,1185,c6f01b71-fe30-41d3-8680-5d08d0b7dd15,qwen3-8b,2,2,True,0.21020481700543314,2,C
medqa,1186,c6f01b71-fe30-41d3-8680-5d08d0b7dd15,qwen3-8b,1,1,True,0.20695697597693652,2,B
medqa,1187,c6f01b71-fe30-41d3-8680-5d08d0b7dd15,qwen3-8b,0,0,True,0.23081883499980904,2,A
medqa,1188,c6f01b71-fe30-41d3-8680-5d08d0b7dd15,qwen3-8b,1,1,True,0.17276964598568156,2,B
medqa,1189,c6f01b71-fe30-41d3-8680-5d08d0b7dd15,qwen3-8b,2,2,True,0.1900610729935579,2,C
medqa,1190,c6f01b71-fe30-41d3-8680-5d08d0b7dd15,qwen3-8b,3,3,True,0.1659675370028708,2,D
medqa,1191,c6f01b71-fe30-41d3-8680-5d08d0b7dd15,qwen3-8b,2,2,True,0.19324564799899235,2,C
medqa,1192,c6f01b71-fe30-41d3-8680-5d08d0b7dd15,qwen3-8b,0,0,True,0.18993853699066676,2,A
medqa,1193,c6f01b71-fe30-41d3-8680-5d08d0b7dd15,qwen3-8b,0,2,False,0.2083720410009846,2,A
medqa,1194,c6f01b71-fe30-41d3-8680-5d08d0b7dd15,qwen3-8b,2,3,False,0.22845522200805135,2,C
medqa,1195,c6f01b71-fe30-41d3-8680-5d08d0b7dd15,qwen3-8b,0,0,True,0.20687334999092855,2,A
medqa,1196,c6f01b71-fe30-41d3-8680-5d08d0b7dd15,qwen3-8b,2,2,True,0.21022114099469036,2,C
medqa,1197,c6f01b71-fe30-41d3-8680-5d08d0b7dd15,qwen3-8b,2,2,True,0.18985735200112686,2,C
medqa,1198,c6f01b71-fe30-41d3-8680-5d08d0b7dd15,qwen3-8b,2,1,False,0.2120711059833411,2,C
medqa,1199,c6f01b71-fe30-41d3-8680-5d08d0b7dd15,qwen3-8b,0,0,True,0.20949549399665557,2,A
medqa,1200,c6f01b71-fe30-41d3-8680-5d08d0b7dd15,qwen3-8b,1,1,True,0.25439494400052354,2,B
medqa,1201,c6f01b71-fe30-41d3-8680-5d08d0b7dd15,qwen3-8b,2,2,True,0.18968234900967218,2,C
medqa,1202,c6f01b71-fe30-41d3-8680-5d08d0b7dd15,qwen3-8b,0,0,True,0.21113737300038338,2,A
medqa,1203,c6f01b71-fe30-41d3-8680-5d08d0b7dd15,qwen3-8b,2,2,True,0.22815634400467388,2,C
medqa,1204,c6f01b71-fe30-41d3-8680-5d08d0b7dd15,qwen3-8b,0,0,True,0.2286056550219655,2,A
medqa,1205,c6f01b71-fe30-41d3-8680-5d08d0b7dd15,qwen3-8b,3,3,True,0.21146209200378507,2,D
medqa,1206,c6f01b71-fe30-41d3-8680-5d08d0b7dd15,qwen3-8b,0,0,True,0.16771242502727546,2,A
medqa,1207,c6f01b71-fe30-41d3-8680-5d08d0b7dd15,qwen3-8b,2,1,False,0.18744481899193488,2,C
medqa,1208,c6f01b71-fe30-41d3-8680-5d08d0b7dd15,qwen3-8b,0,3,False,0.191923199017765,2,A
medqa,1209,c6f01b71-fe30-41d3-8680-5d08d0b7dd15,qwen3-8b,2,0,False,0.209546241996577,2,C
medqa,1210,c6f01b71-fe30-41d3-8680-5d08d0b7dd15,qwen3-8b,2,2,True,0.19024755302234553,2,C
medqa,1211,c6f01b71-fe30-41d3-8680-5d08d0b7dd15,qwen3-8b,2,2,True,0.19067998600075953,2,C
medqa,1212,c6f01b71-fe30-41d3-8680-5d08d0b7dd15,qwen3-8b,1,1,True,0.1924028120120056,2,B
medqa,1213,c6f01b71-fe30-41d3-8680-5d08d0b7dd15,qwen3-8b,2,3,False,0.1948086490156129,2,C
medqa,1214,c6f01b71-fe30-41d3-8680-5d08d0b7dd15,qwen3-8b,0,0,True,0.2299792930134572,2,A
medqa,1215,c6f01b71-fe30-41d3-8680-5d08d0b7dd15,qwen3-8b,1,0,False,0.19035652501042932,2,B
medqa,1216,c6f01b71-fe30-41d3-8680-5d08d0b7dd15,qwen3-8b,2,0,False,0.23301928298315033,2,C
medqa,1217,c6f01b71-fe30-41d3-8680-5d08d0b7dd15,qwen3-8b,0,3,False,0.18945086799794808,2,A
medqa,1218,c6f01b71-fe30-41d3-8680-5d08d0b7dd15,qwen3-8b,0,1,False,0.20683578299940564,2,A
medqa,1219,c6f01b71-fe30-41d3-8680-5d08d0b7dd15,qwen3-8b,2,2,True,0.20792396998149343,2,C
medqa,1220,c6f01b71-fe30-41d3-8680-5d08d0b7dd15,qwen3-8b,2,0,False,0.18935877998592332,2,C
medqa,1221,c6f01b71-fe30-41d3-8680-5d08d0b7dd15,qwen3-8b,0,0,True,0.18963487600558437,2,A
medqa,1222,c6f01b71-fe30-41d3-8680-5d08d0b7dd15,qwen3-8b,1,2,False,0.16817528498359025,2,B
medqa,1223,c6f01b71-fe30-41d3-8680-5d08d0b7dd15,qwen3-8b,0,0,True,0.19205337500898167,2,A
medqa,1224,c6f01b71-fe30-41d3-8680-5d08d0b7dd15,qwen3-8b,1,3,False,0.20757352898363024,2,B
medqa,1225,c6f01b71-fe30-41d3-8680-5d08d0b7dd15,qwen3-8b,1,1,True,0.2298187720007263,2,B
medqa,1226,c6f01b71-fe30-41d3-8680-5d08d0b7dd15,qwen3-8b,3,3,True,0.1677222680009436,2,D
medqa,1227,c6f01b71-fe30-41d3-8680-5d08d0b7dd15,qwen3-8b,3,2,False,0.19081648800056428,2,D
medqa,1228,c6f01b71-fe30-41d3-8680-5d08d0b7dd15,qwen3-8b,1,1,True,0.27373888599686325,2,B
medqa,1229,c6f01b71-fe30-41d3-8680-5d08d0b7dd15,qwen3-8b,3,2,False,0.23051662198849954,2,D
medqa,1230,c6f01b71-fe30-41d3-8680-5d08d0b7dd15,qwen3-8b,3,3,True,0.2076708070235327,2,D
medqa,1231,c6f01b71-fe30-41d3-8680-5d08d0b7dd15,qwen3-8b,0,0,True,0.18818408099468797,2,A
medqa,1232,c6f01b71-fe30-41d3-8680-5d08d0b7dd15,qwen3-8b,0,0,True,0.36015722298179753,2,A
medqa,1233,c6f01b71-fe30-41d3-8680-5d08d0b7dd15,qwen3-8b,1,0,False,0.23336160299368203,2,B
medqa,1234,c6f01b71-fe30-41d3-8680-5d08d0b7dd15,qwen3-8b,1,1,True,0.20666498897480778,2,B
medqa,1235,c6f01b71-fe30-41d3-8680-5d08d0b7dd15,qwen3-8b,1,0,False,0.19064240998704918,2,B
medqa,1236,c6f01b71-fe30-41d3-8680-5d08d0b7dd15,qwen3-8b,2,1,False,0.25435200598440133,2,C
medqa,1237,c6f01b71-fe30-41d3-8680-5d08d0b7dd15,qwen3-8b,0,0,True,0.2289399369910825,2,A
medqa,1238,c6f01b71-fe30-41d3-8680-5d08d0b7dd15,qwen3-8b,0,2,False,0.22936206898884848,2,A
medqa,1239,c6f01b71-fe30-41d3-8680-5d08d0b7dd15,qwen3-8b,0,2,False,0.23313611300545745,2,A
medqa,1240,c6f01b71-fe30-41d3-8680-5d08d0b7dd15,qwen3-8b,0,0,True,0.16955077700549737,2,A
medqa,1241,c6f01b71-fe30-41d3-8680-5d08d0b7dd15,qwen3-8b,3,3,True,0.21026829999755137,2,D
medqa,1242,c6f01b71-fe30-41d3-8680-5d08d0b7dd15,qwen3-8b,1,1,True,0.19171412198920734,2,B
medqa,1243,c6f01b71-fe30-41d3-8680-5d08d0b7dd15,qwen3-8b,3,3,True,0.20780525900772773,2,D
medqa,1244,c6f01b71-fe30-41d3-8680-5d08d0b7dd15,qwen3-8b,2,0,False,0.21181124201393686,2,C
medqa,1245,c6f01b71-fe30-41d3-8680-5d08d0b7dd15,qwen3-8b,1,1,True,0.2879550789948553,2,B
medqa,1246,c6f01b71-fe30-41d3-8680-5d08d0b7dd15,qwen3-8b,0,2,False,0.23012230300810188,2,A
medqa,1247,c6f01b71-fe30-41d3-8680-5d08d0b7dd15,qwen3-8b,0,0,True,0.23115793798933737,2,A
medqa,1248,c6f01b71-fe30-41d3-8680-5d08d0b7dd15,qwen3-8b,3,3,True,0.1903052950219717,2,D
medqa,1249,c6f01b71-fe30-41d3-8680-5d08d0b7dd15,qwen3-8b,2,3,False,0.22847241000272334,2,C
medqa,1250,c6f01b71-fe30-41d3-8680-5d08d0b7dd15,qwen3-8b,3,0,False,0.1944547859893646,2,D
medqa,1251,c6f01b71-fe30-41d3-8680-5d08d0b7dd15,qwen3-8b,0,0,True,0.19110667798668146,2,A
medqa,1252,c6f01b71-fe30-41d3-8680-5d08d0b7dd15,qwen3-8b,1,1,True,0.19225907401414588,2,B
medqa,1253,c6f01b71-fe30-41d3-8680-5d08d0b7dd15,qwen3-8b,1,1,True,0.2138234230224043,2,B
medqa,1254,c6f01b71-fe30-41d3-8680-5d08d0b7dd15,qwen3-8b,1,1,True,0.2065301419934258,2,B
medqa,1255,c6f01b71-fe30-41d3-8680-5d08d0b7dd15,qwen3-8b,1,0,False,0.21915669000009075,2,B
medqa,1256,c6f01b71-fe30-41d3-8680-5d08d0b7dd15,qwen3-8b,0,0,True,0.20811739299097098,2,A
medqa,1257,c6f01b71-fe30-41d3-8680-5d08d0b7dd15,qwen3-8b,0,3,False,0.2392393100017216,2,A
medqa,1258,c6f01b71-fe30-41d3-8680-5d08d0b7dd15,qwen3-8b,0,0,True,0.24793365897494368,2,A
medqa,1259,c6f01b71-fe30-41d3-8680-5d08d0b7dd15,qwen3-8b,1,1,True,0.23358021400053985,2,B
medqa,1260,c6f01b71-fe30-41d3-8680-5d08d0b7dd15,qwen3-8b,2,1,False,0.2069057030021213,2,C
medqa,1261,c6f01b71-fe30-41d3-8680-5d08d0b7dd15,qwen3-8b,2,2,True,0.2906284309865441,2,C
medqa,1262,c6f01b71-fe30-41d3-8680-5d08d0b7dd15,qwen3-8b,0,1,False,0.2647929429949727,2,A
medqa,1263,c6f01b71-fe30-41d3-8680-5d08d0b7dd15,qwen3-8b,3,0,False,0.2649265719810501,2,D
medqa,1264,c6f01b71-fe30-41d3-8680-5d08d0b7dd15,qwen3-8b,2,1,False,0.24141999299172312,2,C
medqa,1265,c6f01b71-fe30-41d3-8680-5d08d0b7dd15,qwen3-8b,1,1,True,0.3014748179994058,2,B
medqa,1266,c6f01b71-fe30-41d3-8680-5d08d0b7dd15,qwen3-8b,3,2,False,0.21005746198352426,2,D
medqa,1267,c6f01b71-fe30-41d3-8680-5d08d0b7dd15,qwen3-8b,1,1,True,0.2344513960124459,2,B
medqa,1268,c6f01b71-fe30-41d3-8680-5d08d0b7dd15,qwen3-8b,3,3,True,0.24147506000008434,2,D
medqa,1269,c6f01b71-fe30-41d3-8680-5d08d0b7dd15,qwen3-8b,2,3,False,0.27701107299071737,2,C
medqa,1270,c6f01b71-fe30-41d3-8680-5d08d0b7dd15,qwen3-8b,3,1,False,0.2381329040217679,2,D
medqa,1271,c6f01b71-fe30-41d3-8680-5d08d0b7dd15,qwen3-8b,2,2,True,0.21746907400665805,2,C
medqa,1272,c6f01b71-fe30-41d3-8680-5d08d0b7dd15,qwen3-8b,2,2,True,0.23508634499739856,2,C
